datetime,open,high,low,close,volume
2026-02-06T20:00:00+00:00,650.9799999999997,653.9699999999997,650.4099999999996,653.9499999999997,1066
2026-02-06T20:15:00+00:00,653.9499999999997,657.0099999999996,653.9299999999997,656.2599999999996,1017
2026-02-06T20:30:00+00:00,656.2599999999996,656.3699999999997,654.8599999999997,656.0599999999997,1007
2026-02-06T20:45:00+00:00,656.0599999999997,659.0299999999996,655.5099999999996,656.8299999999997,1889
2026-02-09T14:30:00+00:00,656.8299999999997,666.3199999999997,655.2099999999997,660.5999999999997,1398
2026-02-09T14:45:00+00:00,660.5999999999997,660.9799999999997,654.9599999999997,655.9299999999997,1326
2026-02-09T15:00:00+00:00,655.9299999999997,657.0199999999996,654.4099999999996,656.1499999999996,1115
2026-02-09T15:15:00+00:00,656.1499999999996,659.3499999999997,655.6899999999997,656.6399999999996,920
2026-02-09T15:30:00+00:00,656.6399999999996,659.4399999999997,656.6199999999997,658.7099999999997,886
2026-02-09T15:45:00+00:00,658.7099999999997,662.7099999999997,657.8799999999997,661.7299999999997,1007
2026-02-09T16:00:00+00:00,661.7299999999997,664.4599999999997,660.9899999999997,664.3099999999997,1014
2026-02-09T16:15:00+00:00,664.3099999999997,667.6999999999997,664.3099999999997,667.1199999999997,1119
2026-02-09T16:30:00+00:00,667.1199999999997,671.3399999999997,666.5199999999996,671.0499999999997,1129
2026-02-09T16:45:00+00:00,671.0499999999997,678.8699999999997,670.8199999999997,674.5499999999997,1643
2026-02-09T17:00:00+00:00,674.5499999999997,676.9999999999997,673.8299999999997,676.3099999999997,1200
2026-02-09T17:15:00+00:00,676.3099999999997,678.9199999999997,675.8599999999997,675.9199999999997,1097
2026-02-09T17:30:00+00:00,675.9199999999997,676.9699999999997,675.9199999999997,676.4799999999997,693
2026-02-09T17:45:00+00:00,676.4799999999997,676.5499999999997,675.1199999999997,675.6499999999996,748
2026-02-09T18:00:00+00:00,675.6499999999996,676.4299999999997,674.7099999999997,675.1499999999996,696
2026-02-09T18:15:00+00:00,675.1499999999996,675.5199999999996,673.4199999999997,674.5299999999996,625
2026-02-09T18:30:00+00:00,674.5299999999996,676.7599999999996,674.4499999999997,675.4099999999996,748
2026-02-09T18:45:00+00:00,675.4099999999996,677.2299999999997,675.3899999999996,676.2199999999997,785
2026-02-09T19:00:00+00:00,676.2199999999997,676.5399999999996,674.3399999999997,675.5099999999996,693
2026-02-09T19:15:00+00:00,675.5099999999996,677.5099999999996,675.1299999999997,677.4999999999997,656
2026-02-09T19:30:00+00:00,677.4999999999997,678.0699999999997,676.3999999999996,677.2199999999997,660
2026-02-09T19:45:00+00:00,677.2199999999997,678.4899999999997,677.1599999999996,678.2899999999996,807
2026-02-09T20:00:00+00:00,678.2899999999996,678.6399999999996,677.3799999999997,678.3399999999997,665
2026-02-09T20:15:00+00:00,678.3399999999997,678.3399999999997,674.9499999999997,675.0999999999997,869
2026-02-09T20:30:00+00:00,675.0999999999997,676.0799999999997,674.4299999999997,674.5399999999996,978
2026-02-09T20:45:00+00:00,674.5399999999996,675.5099999999996,671.7699999999996,673.4599999999997,1506
2026-02-10T14:30:00+00:00,673.4599999999997,675.6899999999997,668.4599999999997,670.7499999999997,1026
2026-02-10T14:45:00+00:00,670.7499999999997,672.5999999999997,666.9299999999997,670.4699999999997,1112
2026-02-10T15:00:00+00:00,670.4699999999997,671.9999999999997,668.0499999999997,669.0199999999996,915
2026-02-10T15:15:00+00:00,669.0199999999996,669.0199999999996,666.8099999999997,667.9299999999997,975
2026-02-10T15:30:00+00:00,667.9299999999997,670.6799999999997,667.3099999999997,670.5899999999997,885
2026-02-10T15:45:00+00:00,670.5899999999997,671.5399999999996,666.3099999999997,667.3399999999997,779
2026-02-10T16:00:00+00:00,667.3399999999997,667.9399999999997,665.3999999999996,666.4299999999997,708
2026-02-10T16:15:00+00:00,666.4299999999997,667.4299999999997,666.0099999999996,666.3699999999997,606
2026-02-10T16:30:00+00:00,666.3699999999997,667.0099999999996,665.9299999999997,666.8599999999997,461
2026-02-10T16:45:00+00:00,666.8599999999997,667.7499999999997,665.7099999999997,666.5299999999996,484
2026-02-10T17:00:00+00:00,666.5299999999996,670.4199999999997,666.2299999999997,669.2899999999996,551
2026-02-10T17:15:00+00:00,669.2899999999996,669.9199999999997,668.3099999999997,669.4499999999997,442
2026-02-10T17:30:00+00:00,669.4499999999997,671.5199999999996,669.4499999999997,671.2799999999996,490
2026-02-10T17:45:00+00:00,671.2799999999996,673.0499999999997,670.7099999999997,670.7299999999997,538
2026-02-10T18:00:00+00:00,670.7299999999997,671.8199999999997,669.7099999999997,670.1299999999997,428
2026-02-10T18:15:00+00:00,670.1299999999997,670.1499999999996,668.1199999999997,668.6399999999996,600
2026-02-10T18:30:00+00:00,668.6399999999996,669.6199999999997,668.4799999999997,668.7299999999997,435
2026-02-10T18:45:00+00:00,668.7299999999997,668.8799999999997,667.7599999999996,668.5899999999997,429
2026-02-10T19:00:00+00:00,668.5899999999997,668.7699999999996,667.2299999999997,668.0799999999997,431
2026-02-10T19:15:00+00:00,668.0799999999997,668.7999999999997,667.0599999999997,668.7199999999997,481
2026-02-10T19:30:00+00:00,668.7199999999997,669.2199999999997,668.0799999999997,668.1599999999996,489
2026-02-10T19:45:00+00:00,668.1599999999996,669.2399999999997,667.4099999999996,669.2299999999997,456
2026-02-10T20:00:00+00:00,669.2299999999997,669.4099999999996,667.0799999999997,667.1699999999997,483
2026-02-10T20:15:00+00:00,667.1699999999997,668.2499999999997,666.5399999999996,668.0799999999997,552
2026-02-10T20:30:00+00:00,668.0799999999997,670.1399999999996,667.9999999999997,669.5999999999997,679
2026-02-10T20:45:00+00:00,669.5999999999997,670.5299999999996,665.2799999999996,666.6099999999997,1639
2026-02-11T14:30:00+00:00,666.6099999999997,674.4999999999997,663.7199999999997,663.7799999999996,1120
2026-02-11T14:45:00+00:00,663.7799999999996,667.7999999999997,661.7199999999997,663.7499999999997,1082
2026-02-11T15:00:00+00:00,663.7499999999997,665.2299999999997,658.7199999999997,659.9399999999997,1229
2026-02-11T15:15:00+00:00,659.9399999999997,660.2399999999997,656.5899999999997,657.7199999999997,1297
2026-02-11T15:30:00+00:00,657.7199999999997,661.6499999999996,657.4599999999997,661.1199999999997,993
2026-02-11T15:45:00+00:00,661.1199999999997,671.2699999999996,660.4199999999997,668.0999999999997,1256
2026-02-11T16:00:00+00:00,668.0999999999997,668.4299999999997,663.7099999999997,666.4299999999997,799
2026-02-11T16:15:00+00:00,666.4299999999997,666.4299999999997,663.7099999999997,664.5599999999997,727
2026-02-11T16:30:00+00:00,664.5599999999997,664.5599999999997,660.7099999999997,662.2099999999997,712
2026-02-11T16:45:00+00:00,662.2099999999997,663.0499999999997,659.2199999999997,659.3399999999997,749
2026-02-11T17:00:00+00:00,659.3399999999997,660.8699999999997,658.0399999999996,660.3799999999997,737
2026-02-11T17:15:00+00:00,660.3799999999997,661.7499999999997,659.2399999999997,660.8199999999997,660
2026-02-11T17:30:00+00:00,660.8199999999997,661.5899999999997,654.8099999999997,661.0899999999997,815
2026-02-11T17:45:00+00:00,661.0899999999997,661.4699999999997,655.3399999999997,655.9699999999997,736
2026-02-11T18:00:00+00:00,655.9699999999997,658.4299999999997,652.7799999999996,657.7199999999997,920
2026-02-11T18:15:00+00:00,657.7199999999997,663.4999999999997,657.6499999999996,662.6899999999997,778
2026-02-11T18:30:00+00:00,662.6899999999997,664.2099999999997,661.8399999999997,662.3699999999997,716
2026-02-11T18:45:00+00:00,662.3699999999997,664.0499999999997,661.2099999999997,663.6099999999997,639
2026-02-11T19:00:00+00:00,663.6099999999997,664.1899999999997,661.4299999999997,662.7099999999997,566
2026-02-11T19:15:00+00:00,662.7099999999997,664.6199999999997,662.7099999999997,663.1899999999997,580
2026-02-11T19:30:00+00:00,663.1899999999997,664.5999999999997,662.7099999999997,663.8599999999997,439
2026-02-11T19:45:00+00:00,663.8599999999997,665.1799999999997,662.7299999999997,664.9699999999997,696
2026-02-11T20:00:00+00:00,664.9699999999997,666.3699999999997,664.3799999999997,664.8999999999996,682
2026-02-11T20:15:00+00:00,664.8999999999996,665.6699999999997,664.2199999999997,664.2699999999996,707
2026-02-11T20:30:00+00:00,664.2699999999996,666.5999999999997,663.8199999999997,666.5099999999996,712
2026-02-11T20:45:00+00:00,666.5099999999996,668.1399999999996,663.7199999999997,664.6099999999997,1422
2026-02-12T14:30:00+00:00,664.6099999999997,671.5899999999997,660.1299999999997,660.8199999999997,1285
2026-02-12T14:45:00+00:00,660.8199999999997,662.2999999999997,658.2199999999997,658.7999999999997,1202
2026-02-12T15:00:00+00:00,658.7999999999997,658.9199999999997,655.8099999999997,657.8599999999997,1357
2026-02-12T15:15:00+00:00,657.8599999999997,659.0899999999997,656.7199999999997,658.3499999999997,935
2026-02-12T15:30:00+00:00,658.3499999999997,658.3599999999997,651.2299999999997,652.4599999999997,1252
2026-02-12T15:45:00+00:00,652.4599999999997,653.3899999999996,648.3099999999997,648.4099999999996,1094
2026-02-12T16:00:00+00:00,648.4099999999996,648.4199999999997,645.2699999999996,645.7499999999997,1153
2026-02-12T16:15:00+00:00,645.7499999999997,645.9499999999997,640.9599999999997,640.9699999999997,1270
2026-02-12T16:30:00+00:00,640.9699999999997,645.8399999999997,640.9599999999997,644.7199999999997,1322
2026-02-12T16:45:00+00:00,644.7199999999997,648.7899999999996,644.7199999999997,647.9399999999997,1054
2026-02-12T17:00:00+00:00,647.9399999999997,650.7699999999996,647.7199999999997,648.3499999999997,1001
2026-02-12T17:15:00+00:00,648.3499999999997,649.2099999999997,646.7099999999997,647.4799999999997,860
2026-02-12T17:30:00+00:00,647.4799999999997,653.0999999999997,647.4799999999997,651.7699999999996,965
2026-02-12T17:45:00+00:00,651.7699999999996,653.0799999999997,649.5299999999996,649.7399999999997,804
2026-02-12T18:00:00+00:00,649.7399999999997,652.8099999999997,649.5599999999997,651.7099999999997,870
2026-02-12T18:15:00+00:00,651.7099999999997,651.7299999999997,648.1599999999996,648.8999999999996,731
2026-02-12T18:30:00+00:00,648.8999999999996,649.4899999999997,647.5099999999996,649.2399999999997,540
2026-02-12T18:45:00+00:00,649.2399999999997,649.7799999999996,647.0099999999996,649.1799999999997,673
2026-02-12T19:00:00+00:00,649.1799999999997,649.7499999999997,647.2199999999997,648.1299999999997,601
2026-02-12T19:15:00+00:00,648.1299999999997,650.2899999999996,647.2099999999997,647.2999999999997,562
2026-02-12T19:30:00+00:00,647.2999999999997,649.2699999999996,647.0099999999996,648.4399999999997,595
2026-02-12T19:45:00+00:00,648.4399999999997,649.3499999999997,647.3599999999997,647.6699999999997,640
2026-02-12T20:00:00+00:00,647.6699999999997,648.9899999999997,647.6599999999996,648.0299999999996,567
2026-02-12T20:15:00+00:00,648.0299999999996,648.0299999999996,645.5899999999997,646.2199999999997,679
2026-02-12T20:30:00+00:00,646.2199999999997,648.4699999999997,645.2199999999997,647.0299999999996,819
2026-02-12T20:45:00+00:00,647.0299999999996,647.1399999999996,643.1099999999997,645.7799999999996,1489
2026-02-13T14:30:00+00:00,645.7799999999996,645.7799999999996,630.2699999999996,636.2799999999996,1610
2026-02-13T14:45:00+00:00,636.2799999999996,641.7099999999997,636.2599999999996,638.4799999999997,1161
2026-02-13T15:00:00+00:00,638.4799999999997,640.6899999999997,637.1499999999996,638.8099999999997,1142
2026-02-13T15:15:00+00:00,638.8099999999997,644.8999999999996,638.1199999999997,644.3199999999997,1065
2026-02-13T15:30:00+00:00,644.3199999999997,646.1299999999997,640.2099999999997,640.5599999999997,952
2026-02-13T15:45:00+00:00,640.5599999999997,643.3899999999996,637.7099999999997,642.1699999999997,853
2026-02-13T16:00:00+00:00,642.1699999999997,644.7599999999996,641.9199999999997,644.0299999999996,887
2026-02-13T16:15:00+00:00,644.0299999999996,644.6599999999996,641.7099999999997,644.0699999999997,746
2026-02-13T16:30:00+00:00,644.0699999999997,646.4099999999996,642.7199999999997,646.3499999999997,737
2026-02-13T16:45:00+00:00,646.3499999999997,646.9299999999997,644.7099999999997,645.0399999999996,668
2026-02-13T17:00:00+00:00,645.0399999999996,645.8099999999997,644.5499999999997,645.4299999999997,560
2026-02-13T17:15:00+00:00,645.4299999999997,646.8499999999997,644.8399999999997,646.0599999999997,634
2026-02-13T17:30:00+00:00,646.0599999999997,647.0399999999996,644.2099999999997,644.2499999999997,571
2026-02-13T17:45:00+00:00,644.2499999999997,645.2899999999996,643.7599999999996,644.5699999999997,554
2026-02-13T18:00:00+00:00,644.5699999999997,645.2299999999997,643.2899999999996,644.6499999999996,602
2026-02-13T18:15:00+00:00,644.6499999999996,646.2799999999996,644.2699999999996,644.7099999999997,625
2026-02-13T18:30:00+00:00,644.7099999999997,646.0899999999997,643.2899999999996,643.7599999999996,567
2026-02-13T18:45:00+00:00,643.7599999999996,645.1799999999997,643.4399999999997,645.1699999999997,549
2026-02-13T19:00:00+00:00,645.1699999999997,645.1699999999997,643.2899999999996,643.6599999999996,541
2026-02-13T19:15:00+00:00,643.6599999999996,643.8499999999997,641.2799999999996,641.6099999999997,546
2026-02-13T19:30:00+00:00,641.6099999999997,642.8299999999997,640.8799999999997,641.4099999999996,653
2026-02-13T19:45:00+00:00,641.4099999999996,642.4199999999997,639.4499999999997,639.5299999999996,556
2026-02-13T20:00:00+00:00,639.5299999999996,640.2299999999997,638.2599999999996,638.2599999999996,637
2026-02-13T20:15:00+00:00,638.2599999999996,638.6899999999997,636.1999999999997,636.8799999999997,792
2026-02-13T20:30:00+00:00,636.8799999999997,637.4599999999997,635.4799999999997,636.3499999999997,1013
2026-02-13T20:45:00+00:00,636.3499999999997,637.5699999999997,634.3099999999997,635.6899999999997,1550
2026-02-17T14:30:00+00:00,635.6899999999997,637.6699999999997,627.4099999999996,631.2099999999997,1138
2026-02-17T14:45:00+00:00,631.2099999999997,632.7799999999996,625.7299999999997,626.8699999999997,1151
2026-02-17T15:00:00+00:00,626.8699999999997,629.5399999999996,625.9599999999997,628.0199999999996,934
2026-02-17T15:15:00+00:00,628.0199999999996,631.5099999999996,626.0899999999997,626.3499999999997,974
2026-02-17T15:30:00+00:00,626.3499999999997,627.4599999999997,624.5099999999996,627.0699999999997,933
2026-02-17T15:45:00+00:00,627.0699999999997,630.8599999999997,627.0499999999997,630.1499999999996,880
2026-02-17T16:00:00+00:00,630.1499999999996,633.7199999999997,629.7599999999996,633.1699999999997,868
2026-02-17T16:15:00+00:00,633.1699999999997,634.7299999999997,632.2199999999997,632.2199999999997,729
2026-02-17T16:30:00+00:00,632.2199999999997,634.2999999999997,631.2199999999997,633.2599999999996,738
2026-02-17T16:45:00+00:00,633.2599999999996,634.0399999999996,631.9199999999997,633.5899999999997,574
2026-02-17T17:00:00+00:00,633.5899999999997,633.9099999999996,631.2099999999997,631.8999999999996,652
2026-02-17T17:15:00+00:00,631.8999999999996,633.8099999999997,630.5999999999997,633.8099999999997,641
2026-02-17T17:30:00+00:00,633.8099999999997,634.1699999999997,630.7499999999997,630.7599999999996,516
2026-02-17T17:45:00+00:00,630.7599999999996,632.2199999999997,628.0299999999996,631.9299999999997,685
2026-02-17T18:00:00+00:00,631.9299999999997,633.5599999999997,630.9599999999997,633.2599999999996,634
2026-02-17T18:15:00+00:00,633.2599999999996,636.9399999999997,632.8399999999997,635.5599999999997,723
2026-02-17T18:30:00+00:00,635.5599999999997,637.7499999999997,634.7099999999997,636.8199999999997,731
2026-02-17T18:45:00+00:00,636.8199999999997,638.0899999999997,635.8299999999997,637.0799999999997,589
2026-02-17T19:00:00+00:00,637.0799999999997,637.2599999999996,635.7099999999997,636.0999999999997,562
2026-02-17T19:15:00+00:00,636.0999999999997,636.7899999999996,635.1599999999996,635.3699999999997,489
2026-02-17T19:30:00+00:00,635.3699999999997,638.2499999999997,635.1699999999997,636.9299999999997,598
2026-02-17T19:45:00+00:00,636.9299999999997,637.3699999999997,635.2299999999997,635.5099999999996,569
2026-02-17T20:00:00+00:00,635.5099999999996,636.7499999999997,635.4399999999997,636.5199999999996,537
2026-02-17T20:15:00+00:00,636.5199999999996,637.1899999999997,635.9099999999996,636.8299999999997,606
2026-02-17T20:30:00+00:00,636.8299999999997,636.8299999999997,634.4799999999997,635.4299999999997,769
2026-02-17T20:45:00+00:00,635.4299999999997,635.7699999999996,633.2599999999996,635.2399999999997,1074
2026-02-18T14:30:00+00:00,635.2399999999997,635.2399999999997,623.7099999999997,629.8799999999997,1694
2026-02-18T14:45:00+00:00,629.8799999999997,632.3199999999997,626.9999999999997,631.2299999999997,1070
2026-02-18T15:00:00+00:00,631.2299999999997,635.9499999999997,630.4099999999996,635.0799999999997,1142
2026-02-18T15:15:00+00:00,635.0799999999997,635.4199999999997,633.5099999999996,634.5999999999997,850
2026-02-18T15:30:00+00:00,634.5999999999997,636.2899999999996,632.9099999999996,635.8499999999997,872
2026-02-18T15:45:00+00:00,635.8499999999997,637.1799999999997,635.7199999999997,636.0799999999997,628
2026-02-18T16:00:00+00:00,636.0799999999997,636.3499999999997,634.5599999999997,635.5099999999996,642
2026-02-18T16:15:00+00:00,635.5099999999996,636.3999999999996,634.4399999999997,634.5699999999997,541
2026-02-18T16:30:00+00:00,634.5699999999997,635.9799999999997,634.4199999999997,634.6699999999997,502
2026-02-18T16:45:00+00:00,634.6699999999997,634.8199999999997,633.2899999999996,633.4199999999997,581
2026-02-18T17:00:00+00:00,633.4199999999997,636.4799999999997,633.3999999999996,635.6099999999997,566
2026-02-18T17:15:00+00:00,635.6099999999997,637.2199999999997,635.0299999999996,635.0699999999997,482
2026-02-18T17:30:00+00:00,635.0699999999997,636.6499999999996,634.7199999999997,636.2399999999997,452
2026-02-18T17:45:00+00:00,636.2399999999997,637.5799999999997,635.8899999999996,637.0699999999997,481
2026-02-18T18:00:00+00:00,637.0699999999997,638.5899999999997,636.9899999999997,638.2599999999996,688
2026-02-18T18:15:00+00:00,638.2599999999996,638.2599999999996,636.1499999999996,636.6299999999997,479
2026-02-18T18:30:00+00:00,636.6299999999997,637.1299999999997,634.0699999999997,634.8699999999997,573
2026-02-18T18:45:00+00:00,634.8699999999997,636.1599999999996,634.3099999999997,636.0099999999996,443
2026-02-18T19:00:00+00:00,636.0099999999996,636.7399999999997,635.1199999999997,636.0999999999997,528
2026-02-18T19:15:00+00:00,636.0999999999997,636.3799999999997,635.0899999999997,635.1799999999997,536
2026-02-18T19:30:00+00:00,635.1799999999997,635.8599999999997,633.7399999999997,634.0899999999997,688
2026-02-18T19:45:00+00:00,634.0899999999997,634.7899999999996,632.2899999999996,632.6199999999997,668
2026-02-18T20:00:00+00:00,632.6199999999997,634.9999999999997,632.5199999999996,634.6599999999996,653
2026-02-18T20:15:00+00:00,634.6599999999996,635.9799999999997,633.6899999999997,635.0099999999996,632
2026-02-18T20:30:00+00:00,635.0099999999996,638.3999999999996,634.8799999999997,637.9299999999997,882
2026-02-18T20:45:00+00:00,637.9299999999997,640.4199999999996,637.4899999999997,639.1899999999997,1334
2026-02-19T14:30:00+00:00,639.1899999999997,639.1899999999997,632.6299999999997,638.2099999999997,1274
2026-02-19T14:45:00+00:00,638.2099999999997,640.0799999999997,636.8399999999997,637.3399999999997,935
2026-02-19T15:00:00+00:00,637.3399999999997,639.7099999999997,636.4499999999997,638.9199999999997,809
2026-02-19T15:15:00+00:00,638.9199999999997,640.9599999999997,638.2199999999997,638.8399999999997,753
2026-02-19T15:30:00+00:00,638.8399999999997,641.3599999999997,637.4799999999997,637.8499999999997,668
2026-02-19T15:45:00+00:00,637.8499999999997,640.1099999999998,637.7499999999997,639.7199999999998,636
2026-02-19T16:00:00+00:00,639.7199999999998,640.6499999999997,638.8099999999998,640.1599999999997,526
2026-02-19T16:15:00+00:00,640.1599999999997,642.7999999999998,640.1599999999997,641.2299999999998,726
2026-02-19T16:30:00+00:00,641.2299999999998,642.4099999999997,639.3299999999998,639.3899999999998,680
2026-02-19T16:45:00+00:00,639.3899999999998,641.5799999999998,638.4599999999998,640.0799999999998,584
2026-02-19T17:00:00+00:00,640.0799999999998,641.0899999999998,639.0799999999998,640.6699999999998,369
2026-02-19T17:15:00+00:00,640.6699999999998,643.0099999999998,640.3299999999998,641.1899999999998,565
2026-02-19T17:30:00+00:00,641.1899999999998,642.0999999999998,640.8399999999998,641.1999999999998,494
2026-02-19T17:45:00+00:00,641.1999999999998,641.1999999999998,639.1799999999998,639.2699999999998,512
2026-02-19T18:00:00+00:00,639.2699999999998,641.2899999999998,639.1899999999998,640.8699999999998,567
2026-02-19T18:15:00+00:00,640.8699999999998,641.5199999999998,639.5899999999998,641.0799999999998,529
2026-02-19T18:30:00+00:00,641.0799999999998,641.3299999999998,639.3999999999997,639.4199999999998,441
2026-02-19T18:45:00+00:00,639.4199999999998,641.3299999999998,639.4199999999998,640.7799999999999,484
2026-02-19T19:00:00+00:00,640.7799999999999,641.2599999999998,639.8299999999998,640.2299999999998,396
2026-02-19T19:15:00+00:00,640.2299999999998,641.3199999999998,639.8699999999998,639.9799999999998,395
2026-02-19T19:30:00+00:00,639.9799999999998,640.3799999999998,638.2499999999998,639.0999999999998,516
2026-02-19T19:45:00+00:00,639.0999999999998,640.0499999999998,638.0799999999998,639.6099999999998,489
2026-02-19T20:00:00+00:00,639.6099999999998,639.9599999999998,637.6199999999998,637.7299999999998,515
2026-02-19T20:15:00+00:00,637.7299999999998,639.7599999999998,637.2199999999998,639.2199999999998,614
2026-02-19T20:30:00+00:00,639.2199999999998,639.5499999999998,638.8699999999998,639.3999999999997,686
2026-02-19T20:45:00+00:00,639.3999999999997,641.3399999999998,638.8699999999998,640.5499999999998,1134
2026-02-20T14:30:00+00:00,640.5499999999998,645.6899999999998,634.5999999999998,644.3599999999998,1091
2026-02-20T14:45:00+00:00,644.3599999999998,647.5699999999998,643.7899999999998,645.0899999999998,1067
2026-02-20T15:00:00+00:00,645.0899999999998,652.4099999999999,645.0899999999998,649.1199999999998,1486
2026-02-20T15:15:00+00:00,649.1199999999998,652.0599999999998,646.9999999999998,650.3699999999998,1142
2026-02-20T15:30:00+00:00,650.3699999999998,652.9799999999998,648.5899999999998,652.6999999999998,1078
2026-02-20T15:45:00+00:00,652.6999999999998,657.4299999999998,651.5799999999998,657.2999999999998,1009
2026-02-20T16:00:00+00:00,657.2999999999998,659.3199999999998,655.2999999999998,655.8399999999998,1074
2026-02-20T16:15:00+00:00,655.8399999999998,656.0699999999998,651.6999999999998,651.6999999999998,1004
2026-02-20T16:30:00+00:00,651.6999999999998,656.4599999999998,651.5599999999998,656.2999999999998,895
2026-02-20T16:45:00+00:00,656.2999999999998,658.3299999999998,656.1499999999999,656.3999999999999,724
2026-02-20T17:00:00+00:00,656.3999999999999,656.7999999999998,652.7699999999999,652.8699999999999,714
2026-02-20T17:15:00+00:00,652.8699999999999,652.8699999999999,649.4299999999998,650.7199999999998,948
2026-02-20T17:30:00+00:00,650.7199999999998,652.6199999999999,650.3199999999998,652.2199999999998,701
2026-02-20T17:45:00+00:00,652.2199999999998,654.5799999999998,651.9199999999998,654.4799999999998,698
2026-02-20T18:00:00+00:00,654.4799999999998,654.4799999999998,651.8499999999998,652.1499999999999,605
2026-02-20T18:15:00+00:00,652.1499999999999,652.4399999999998,650.6499999999999,651.1799999999998,516
2026-02-20T18:30:00+00:00,651.1799999999998,654.5799999999998,650.3199999999998,653.1699999999998,747
2026-02-20T18:45:00+00:00,653.1699999999998,654.5299999999999,652.2399999999999,653.8299999999998,548
2026-02-20T19:00:00+00:00,653.8299999999998,654.2799999999999,652.3899999999999,652.4699999999998,594
2026-02-20T19:15:00+00:00,652.4699999999998,653.1599999999999,651.6399999999999,651.7399999999999,753
2026-02-20T19:30:00+00:00,651.7399999999999,653.0299999999999,651.6399999999999,652.5799999999998,598
2026-02-20T19:45:00+00:00,652.5799999999998,653.3499999999998,650.8299999999998,651.0099999999999,578
2026-02-20T20:00:00+00:00,651.0099999999999,652.7799999999999,650.8299999999998,652.2899999999998,628
2026-02-20T20:15:00+00:00,652.2899999999998,652.3099999999998,650.3199999999998,650.3999999999999,599
2026-02-20T20:30:00+00:00,650.3999999999999,651.3699999999999,650.2999999999998,651.2699999999999,664
2026-02-20T20:45:00+00:00,651.2699999999999,652.1999999999998,650.8899999999999,652.0499999999998,1110
2026-02-23T14:30:00+00:00,652.0499999999998,653.2499999999999,644.3599999999999,644.3699999999999,1068
2026-02-23T14:45:00+00:00,644.3699999999999,648.0599999999998,643.8499999999998,645.1699999999998,966
2026-02-23T15:00:00+00:00,645.1699999999998,646.4599999999998,642.5799999999998,643.9499999999998,899
2026-02-23T15:15:00+00:00,643.9499999999998,646.1499999999999,643.1799999999998,645.1499999999999,690
2026-02-23T15:30:00+00:00,645.1499999999999,645.5499999999998,642.4299999999998,642.5899999999998,653
2026-02-23T15:45:00+00:00,642.5899999999998,643.3399999999998,639.8999999999999,640.1799999999998,861.9569506726457
2026-02-23T16:00:00+00:00,640.1799999999998,640.6899999999998,638.2299999999998,638.4199999999998,733
2026-02-23T16:15:00+00:00,638.4199999999998,641.0099999999999,638.2399999999998,640.5399999999998,636
2026-02-23T16:30:00+00:00,640.5399999999998,640.8899999999999,638.6899999999998,639.7899999999998,630
2026-02-23T16:45:00+00:00,639.7899999999998,639.9699999999998,637.8699999999998,637.8899999999999,620
2026-02-23T17:00:00+00:00,637.8899999999999,639.5399999999998,637.8699999999998,638.9099999999999,518
2026-02-23T17:15:00+00:00,638.9099999999999,639.8299999999998,638.1999999999998,639.1199999999998,516
2026-02-23T17:30:00+00:00,639.1199999999998,639.4999999999998,637.3699999999998,637.9099999999999,514
2026-02-23T17:45:00+00:00,637.9099999999999,638.9399999999998,637.4999999999998,638.4999999999998,531
2026-02-23T18:00:00+00:00,638.4999999999998,639.7899999999998,638.1699999999998,639.4099999999999,504
2026-02-23T18:15:00+00:00,639.4099999999999,640.4599999999998,639.3199999999998,639.6099999999998,522
2026-02-23T18:30:00+00:00,639.6099999999998,639.9399999999998,638.1699999999998,638.2899999999998,548
2026-02-23T18:45:00+00:00,638.2899999999998,639.0499999999998,636.2299999999998,636.2299999999998,563
2026-02-23T19:00:00+00:00,636.2299999999998,636.7399999999998,635.6299999999999,636.0999999999998,666
2026-02-23T19:15:00+00:00,636.0999999999998,636.3399999999998,634.9499999999998,635.2199999999998,697
2026-02-23T19:30:00+00:00,635.2199999999998,636.3799999999999,634.7499999999998,635.3299999999998,754
2026-02-23T19:45:00+00:00,635.3299999999998,636.0799999999998,633.7899999999998,633.7999999999998,684
2026-02-23T20:00:00+00:00,633.7999999999998,633.8999999999999,632.1699999999998,632.2999999999998,684
2026-02-23T20:15:00+00:00,632.2999999999998,634.0399999999998,632.1799999999998,633.5399999999998,755
2026-02-23T20:30:00+00:00,633.5399999999998,634.4499999999998,632.6799999999998,633.1599999999999,653
2026-02-23T20:45:00+00:00,633.1599999999999,633.8999999999999,632.1699999999998,633.4799999999998,1276
2026-02-24T14:30:00+00:00,633.4799999999998,633.9399999999998,625.4599999999998,633.6399999999999,1789
2026-02-24T14:45:00+00:00,633.6399999999999,634.5699999999998,626.4699999999998,626.6199999999998,1348
2026-02-24T15:00:00+00:00,626.6199999999998,630.2799999999999,625.1199999999998,627.7099999999998,1394
2026-02-24T15:15:00+00:00,627.7099999999998,632.2099999999998,627.6699999999998,631.6499999999999,1018
2026-02-24T15:30:00+00:00,631.6499999999999,633.2999999999998,630.9699999999998,632.1499999999999,986
2026-02-24T15:45:00+00:00,632.1499999999999,632.9699999999998,631.4299999999998,632.6899999999998,639
2026-02-24T16:00:00+00:00,632.6899999999998,634.7399999999998,632.2699999999999,633.9899999999998,782
2026-02-24T16:15:00+00:00,633.9899999999998,634.1799999999998,632.4699999999998,634.1499999999999,673
2026-02-24T16:30:00+00:00,634.1499999999999,634.6799999999998,632.5299999999999,633.7699999999999,551
2026-02-24T16:45:00+00:00,633.7699999999999,635.2499999999998,633.7499999999998,634.8699999999998,662
2026-02-24T17:00:00+00:00,634.8699999999998,635.8199999999998,634.3299999999998,635.4799999999998,538
2026-02-24T17:15:00+00:00,635.4799999999998,636.5399999999998,634.7499999999998,636.0599999999998,510
2026-02-24T17:30:00+00:00,636.0599999999998,637.0999999999998,635.4699999999998,636.2899999999998,426
2026-02-24T17:45:00+00:00,636.2899999999998,636.9399999999998,635.6099999999998,636.1699999999998,513
2026-02-24T18:00:00+00:00,636.1699999999998,637.1099999999998,635.2699999999999,635.5799999999998,428
2026-02-24T18:15:00+00:00,635.5799999999998,635.9199999999998,634.8299999999998,635.1699999999998,487
2026-02-24T18:30:00+00:00,635.1699999999998,636.4099999999999,634.6699999999998,635.8699999999998,441
2026-02-24T18:45:00+00:00,635.8699999999998,637.1299999999999,635.5699999999998,636.4899999999998,522
2026-02-24T19:00:00+00:00,636.4899999999998,636.6599999999999,634.6699999999998,634.7299999999998,495
2026-02-24T19:15:00+00:00,634.7299999999998,634.9999999999998,633.9899999999998,634.1699999999998,526
2026-02-24T19:30:00+00:00,634.1699999999998,635.6499999999999,634.0399999999998,635.3899999999999,501
2026-02-24T19:45:00+00:00,635.3899999999999,635.6899999999998,634.2599999999999,634.9299999999998,592
2026-02-24T20:00:00+00:00,634.9299999999998,635.2299999999998,634.1899999999998,634.3599999999998,417
2026-02-24T20:15:00+00:00,634.3599999999998,635.2399999999998,633.9699999999998,634.0199999999999,659
2026-02-24T20:30:00+00:00,634.0199999999999,634.6099999999998,633.6899999999998,634.2299999999998,681
2026-02-24T20:45:00+00:00,634.2299999999998,636.3899999999999,634.0899999999998,635.0199999999999,1048
2026-02-25T14:30:00+00:00,635.0199999999999,643.3799999999999,635.0199999999999,641.3699999999998,1128
2026-02-25T14:45:00+00:00,641.3699999999998,647.5199999999999,641.1799999999998,646.5899999999998,1286
2026-02-25T15:00:00+00:00,646.5899999999998,647.6699999999998,645.1799999999998,646.6199999999998,1041
2026-02-25T15:15:00+00:00,646.6199999999998,646.6299999999999,644.5399999999998,645.6299999999999,717
2026-02-25T15:30:00+00:00,645.6299999999999,646.2699999999999,643.8199999999998,644.4799999999998,618
2026-02-25T15:45:00+00:00,644.4799999999998,645.7099999999998,643.3299999999998,644.7699999999999,664
2026-02-25T16:00:00+00:00,644.7699999999999,644.9299999999998,643.3299999999998,643.5499999999998,600
2026-02-25T16:15:00+00:00,643.5499999999998,646.0999999999998,642.6599999999999,645.8799999999999,711
2026-02-25T16:30:00+00:00,645.8799999999999,648.0799999999998,645.2999999999998,647.6799999999998,689
2026-02-25T16:45:00+00:00,647.6799999999998,647.8699999999998,646.5299999999999,646.8099999999998,585
2026-02-25T17:00:00+00:00,646.8099999999998,648.6999999999998,646.1799999999998,647.8499999999998,818
2026-02-25T17:15:00+00:00,647.8499999999998,648.4099999999999,647.2699999999999,647.3399999999998,711
2026-02-25T17:30:00+00:00,647.3399999999998,647.3999999999999,645.6899999999998,645.8099999999998,763
2026-02-25T17:45:00+00:00,645.8099999999998,646.2899999999998,645.2799999999999,645.6799999999998,575
2026-02-25T18:00:00+00:00,645.6799999999998,645.7699999999999,644.6899999999998,645.1299999999999,519
2026-02-25T18:15:00+00:00,645.1299999999999,645.8899999999999,644.9399999999998,645.5799999999998,431
2026-02-25T18:30:00+00:00,645.5799999999998,646.4999999999998,645.2199999999998,646.1699999999998,504
2026-02-25T18:45:00+00:00,646.1699999999998,646.4499999999998,645.2599999999999,646.1499999999999,517
2026-02-25T19:00:00+00:00,646.1499999999999,647.0799999999998,645.9299999999998,646.7699999999999,567
2026-02-25T19:15:00+00:00,646.7699999999999,647.5799999999998,646.5799999999998,647.5799999999998,499
2026-02-25T19:30:00+00:00,647.5799999999998,648.2899999999998,647.0799999999998,647.3299999999998,610
2026-02-25T19:45:00+00:00,647.3299999999998,648.6799999999998,647.2799999999999,648.5399999999998,541
2026-02-25T20:00:00+00:00,648.5399999999998,649.1499999999999,648.1799999999998,648.8099999999998,524
2026-02-25T20:15:00+00:00,648.8099999999998,649.3099999999998,647.4099999999999,647.4199999999998,869
2026-02-25T20:30:00+00:00,647.4199999999998,648.0099999999999,647.0699999999998,647.9099999999999,720
2026-02-25T20:45:00+00:00,647.9099999999999,650.1099999999999,646.0099999999999,649.8599999999999,1045
2026-02-26T14:30:00+00:00,649.8599999999999,656.9699999999999,643.6499999999999,656.8299999999998,1198
2026-02-26T14:45:00+00:00,656.8299999999998,656.8499999999999,653.5099999999999,654.3999999999999,1104
2026-02-26T15:00:00+00:00,654.3999999999999,654.9899999999999,650.3299999999998,650.7999999999998,1023
2026-02-26T15:15:00+00:00,650.7999999999998,650.8799999999999,645.7499999999999,647.0699999999998,1059
2026-02-26T15:30:00+00:00,647.0699999999998,647.3599999999999,643.6499999999999,646.8299999999998,1127
2026-02-26T15:45:00+00:00,646.8299999999998,648.9599999999999,646.2499999999999,648.2699999999999,936
2026-02-26T16:00:00+00:00,648.2699999999999,651.8799999999999,647.7099999999999,651.6599999999999,971
2026-02-26T16:15:00+00:00,651.6599999999999,653.3499999999999,650.7499999999999,651.4899999999999,941
2026-02-26T16:30:00+00:00,651.4899999999999,651.7799999999999,650.0499999999998,650.5899999999999,696
2026-02-26T16:45:00+00:00,650.5899999999999,651.9799999999999,649.7499999999999,649.9699999999999,764
2026-02-26T17:00:00+00:00,649.9699999999999,650.9999999999999,649.7499999999999,649.7899999999998,520
2026-02-26T17:15:00+00:00,649.7899999999998,650.6399999999999,649.1299999999999,650.1599999999999,558
2026-02-26T17:30:00+00:00,650.1599999999999,651.4799999999999,649.6199999999999,650.8099999999998,592
2026-02-26T17:45:00+00:00,650.8099999999998,651.5899999999999,650.2399999999999,650.9099999999999,459
2026-02-26T18:00:00+00:00,650.9099999999999,651.1199999999999,648.7599999999999,649.9299999999998,728
2026-02-26T18:15:00+00:00,649.9299999999998,651.2399999999999,649.4299999999998,649.7899999999998,533
2026-02-26T18:30:00+00:00,649.7899999999998,652.7299999999999,649.7399999999999,652.6299999999999,723
2026-02-26T18:45:00+00:00,652.6299999999999,653.5899999999998,652.4999999999998,652.5999999999997,657.6091802765292
2026-02-26T19:00:00+00:00,652.5999999999997,652.7699999999998,650.6199999999998,652.1299999999998,636.8176668389557
2026-02-26T19:15:00+00:00,652.1299999999998,653.7299999999999,651.7599999999999,652.3299999999998,772.8537786370887
2026-02-26T19:30:00+00:00,652.3299999999998,654.7399999999998,652.3299999999998,653.5299999999997,567.9505326809804
2026-02-26T19:45:00+00:00,653.5299999999997,653.5899999999998,652.2499999999998,652.3599999999998,594.1080924261606
2026-02-26T20:00:00+00:00,652.3599999999998,653.3499999999999,651.8799999999999,653.0999999999999,731.8705476405563
2026-02-26T20:15:00+00:00,653.0999999999999,653.37,650.3699999999999,651.2099999999999,615.1372817792097
2026-02-26T20:30:00+00:00,651.2099999999999,652.4699999999999,651.1699999999998,652.0599999999998,810
2026-02-26T20:45:00+00:00,652.0599999999998,652.5399999999998,649.6599999999999,651.5899999999999,1129
2026-02-27T14:30:00+00:00,651.5899999999999,651.5899999999999,634.1499999999999,637.6999999999998,1568
2026-02-27T14:45:00+00:00,637.6999999999998,642.3599999999999,636.6299999999999,641.3799999999999,1229
2026-02-27T15:00:00+00:00,641.3799999999999,642.6399999999999,639.9799999999999,640.6499999999999,1011
2026-02-27T15:15:00+00:00,640.6499999999999,642.9799999999999,640.1499999999999,640.9699999999999,742
2026-02-27T15:30:00+00:00,640.9699999999999,642.6399999999999,639.7299999999999,641.1399999999999,722
2026-02-27T15:45:00+00:00,641.1399999999999,642.1199999999999,638.1899999999998,640.6099999999999,843.9856498564985
2026-02-27T16:00:00+00:00,640.6099999999999,641.2099999999999,638.8199999999999,640.0399999999998,821
2026-02-27T16:15:00+00:00,640.0399999999998,640.5199999999999,638.3499999999999,638.7699999999999,591
2026-02-27T16:30:00+00:00,638.7699999999999,639.7599999999999,638.0999999999999,638.0999999999999,580
2026-02-27T16:45:00+00:00,638.0999999999999,640.1399999999999,638.0999999999999,639.5199999999999,565
2026-02-27T17:00:00+00:00,639.5199999999999,640.6999999999999,638.31,638.3299999999999,569
2026-02-27T17:15:00+00:00,638.3299999999999,639.05,636.92,637.8699999999999,688
2026-02-27T17:30:00+00:00,637.8699999999999,638.81,636.3999999999999,636.4599999999999,628
2026-02-27T17:45:00+00:00,636.4599999999999,636.6899999999999,635.3699999999999,635.8399999999999,673
2026-02-27T18:00:00+00:00,635.8399999999999,636.1199999999999,634.8499999999999,634.9599999999999,605
2026-02-27T18:15:00+00:00,634.9599999999999,635.2599999999999,633.05,634.5899999999999,823
2026-02-27T18:30:00+00:00,634.5899999999999,635.7799999999999,633.8199999999999,635.1199999999999,628
2026-02-27T18:45:00+00:00,635.1199999999999,635.8599999999999,634.7799999999999,635.2499999999999,570
2026-02-27T19:00:00+00:00,635.2499999999999,636.7299999999999,634.7199999999999,634.7299999999999,734
2026-02-27T19:15:00+00:00,634.7299999999999,635.7299999999999,634.5699999999999,634.8599999999999,548
2026-02-27T19:30:00+00:00,634.8599999999999,634.9499999999999,633.2699999999999,633.7099999999999,612
2026-02-27T19:45:00+00:00,633.7099999999999,634.2199999999999,632.9699999999999,633.2199999999999,586
2026-02-27T20:00:00+00:00,633.2199999999999,635.56,632.81,635.4499999999999,672
2026-02-27T20:15:00+00:00,635.4499999999999,636.67,635.2699999999999,635.7099999999999,837
2026-02-27T20:30:00+00:00,635.7099999999999,635.8799999999999,634.3299999999999,634.5299999999999,848
2026-02-27T20:45:00+00:00,634.5299999999999,643.8799999999999,634.4899999999999,643.1099999999999,1756
2026-03-02T14:30:00+00:00,643.1099999999999,657.1399999999999,641.4699999999999,656.18,1241
2026-03-02T14:45:00+00:00,656.18,657.9699999999999,651.9499999999999,655.05,1173
2026-03-02T15:00:00+00:00,655.05,657.05,652.41,656.6399999999999,895
2026-03-02T15:15:00+00:00,656.6399999999999,661.0099999999999,655.93,658.2499999999999,1063
2026-03-02T15:30:00+00:00,658.2499999999999,660.2599999999999,655.9499999999999,660.2299999999999,754
2026-03-02T15:45:00+00:00,660.2299999999999,662.18,657.9499999999999,661.4499999999999,872
2026-03-02T16:00:00+00:00,661.4499999999999,662.7099999999999,659.4499999999999,662.05,962
2026-03-02T16:15:00+00:00,662.05,662.05,656.9799999999999,657.2699999999999,798
2026-03-02T16:30:00+00:00,657.2699999999999,664.54,657.2499999999999,664.0199999999999,944
2026-03-02T16:45:00+00:00,664.0199999999999,666.7099999999999,663.0699999999999,666.2599999999999,666
2026-03-02T17:00:00+00:00,666.2599999999999,666.2599999999999,663.41,664.0299999999999,631
2026-03-02T17:15:00+00:00,664.0299999999999,664.8999999999999,662.67,662.9699999999999,576
2026-03-02T17:30:00+00:00,662.9699999999999,663.9999999999999,662.7499999999999,663.1099999999999,608
2026-03-02T17:45:00+00:00,663.1099999999999,663.6899999999999,662.2799999999999,662.6099999999999,549
2026-03-02T18:00:00+00:00,662.6099999999999,663.2199999999999,661.9499999999999,662.4999999999999,562
2026-03-02T18:15:00+00:00,662.4999999999999,662.81,661.18,662.5199999999999,522
2026-03-02T18:30:00+00:00,662.5199999999999,663.4899999999999,661.1399999999999,662.9599999999999,681
2026-03-02T18:45:00+00:00,662.9599999999999,663.1499999999999,660.9499999999999,661.16,525
2026-03-02T19:00:00+00:00,661.16,663.7099999999999,660.9699999999999,663.55,593
2026-03-02T19:15:00+00:00,663.55,664.1299999999999,661.9599999999999,662.16,593
2026-03-02T19:30:00+00:00,662.16,663.1099999999999,661.3899999999999,661.5099999999999,515
2026-03-02T19:45:00+00:00,661.5099999999999,662.8499999999999,661.43,662.2699999999999,404
2026-03-02T20:00:00+00:00,662.2699999999999,662.4899999999999,659.0199999999999,659.0299999999999,737
2026-03-02T20:15:00+00:00,659.0299999999999,660.4699999999999,657.55,658.0099999999999,951
2026-03-02T20:30:00+00:00,658.0099999999999,659.29,657.5099999999999,658.8499999999999,859
2026-03-02T20:45:00+00:00,658.8499999999999,661.9699999999999,658.3,660.5999999999999,1407
2026-03-03T14:30:00+00:00,660.5999999999999,662.1199999999999,651.9499999999999,657.8299999999999,1759
2026-03-03T14:45:00+00:00,657.8299999999999,660.3899999999999,652.2299999999999,652.2499999999999,1720
2026-03-03T15:00:00+00:00,652.2499999999999,654.1099999999999,649.9499999999999,651.9699999999999,1596
2026-03-03T15:15:00+00:00,651.9699999999999,652.5999999999999,645.79,646.3499999999999,1396
2026-03-03T15:30:00+00:00,646.3499999999999,652.2699999999999,646.16,650.42,1560
2026-03-03T15:45:00+00:00,650.42,652.06,648.8399999999999,651.3599999999999,1264
2026-03-03T16:00:00+00:00,651.3599999999999,656.18,651.3599999999999,655.81,1238
2026-03-03T16:15:00+00:00,655.81,661.04,655.81,659.16,1234
2026-03-03T16:30:00+00:00,659.16,659.4999999999999,656.9599999999999,657.7799999999999,1042
2026-03-03T16:45:00+00:00,657.7799999999999,661.7099999999999,657.3799999999999,659.04,1098
2026-03-03T17:00:00+00:00,659.04,660.8499999999999,656.9599999999999,658.1099999999999,884
2026-03-03T17:15:00+00:00,658.1099999999999,659.2399999999999,656.9599999999999,658.6899999999999,734
2026-03-03T17:30:00+00:00,658.6899999999999,658.6899999999999,655.5699999999999,658.3699999999999,879
2026-03-03T17:45:00+00:00,658.3699999999999,658.4399999999999,654.9599999999999,655.9799999999999,763
2026-03-03T18:00:00+00:00,655.9799999999999,659.4999999999999,655.9799999999999,659.0899999999999,724
2026-03-03T18:15:00+00:00,659.0899999999999,661.9999999999999,659.0199999999999,661.66,759
2026-03-03T18:30:00+00:00,661.66,665.6299999999999,661.18,665.2099999999999,1164
2026-03-03T18:45:00+00:00,665.2099999999999,665.9499999999999,663.8599999999999,664.3599999999999,1072
2026-03-03T19:00:00+00:00,664.3599999999999,664.6899999999999,661.4799999999999,661.9999999999999,844
2026-03-03T19:15:00+00:00,661.9999999999999,663.18,661.5899999999999,661.7499999999999,654
2026-03-03T19:30:00+00:00,661.7499999999999,663.66,660.31,663.2799999999999,801
2026-03-03T19:45:00+00:00,663.2799999999999,665.7699999999999,662.8999999999999,663.67,928
2026-03-03T20:00:00+00:00,663.67,664.3399999999999,662.2099999999999,662.2299999999999,764
2026-03-03T20:15:00+00:00,662.2299999999999,662.5899999999999,660.7399999999999,661.8,804
2026-03-03T20:30:00+00:00,661.8,662.2099999999999,659.9699999999999,660.9499999999999,791
2026-03-03T20:45:00+00:00,660.9499999999999,662.5899999999999,660.29,662.16,1407
2026-03-04T14:30:00+00:00,662.16,671.7699999999999,662.16,666.18,1814
2026-03-04T14:45:00+00:00,666.18,673.6899999999999,664.5299999999999,673.6299999999999,1621
2026-03-04T15:00:00+00:00,673.6299999999999,675.7399999999999,672.4499999999999,672.9599999999999,1333
2026-03-04T15:15:00+00:00,672.9599999999999,678.7599999999999,672.4699999999999,678.4499999999999,1204
2026-03-04T15:30:00+00:00,678.4499999999999,678.67,675.3799999999999,675.66,1093
2026-03-04T15:45:00+00:00,675.66,678.4499999999999,674.2599999999999,677.68,914
2026-03-04T16:00:00+00:00,677.68,679.6199999999999,676.9599999999999,677.16,883
2026-03-04T16:15:00+00:00,677.16,678.2599999999999,675.9799999999999,677.6499999999999,867
2026-03-04T16:30:00+00:00,677.6499999999999,678.7199999999999,676.1899999999999,678.1099999999999,714
2026-03-04T16:45:00+00:00,678.1099999999999,678.7699999999999,676.7799999999999,676.79,745
2026-03-04T17:00:00+00:00,676.79,677.8599999999999,675.9599999999999,676.42,684
2026-03-04T17:15:00+00:00,676.42,676.9899999999999,674.7499999999999,675.0099999999999,751
2026-03-04T17:30:00+00:00,675.0099999999999,675.1499999999999,672.7499999999999,673.2199999999999,823
2026-03-04T17:45:00+00:00,673.2199999999999,674.7699999999999,672.9499999999999,674.2599999999999,600
2026-03-04T18:00:00+00:00,674.2599999999999,674.5199999999999,673.3499999999999,673.6099999999999,501
2026-03-04T18:15:00+00:00,673.6099999999999,675.4999999999999,673.5299999999999,675.2099999999999,613
2026-03-04T18:30:00+00:00,675.2099999999999,676.1899999999999,673.6299999999999,675.0699999999999,838
2026-03-04T18:45:00+00:00,675.0699999999999,675.4599999999999,673.7699999999999,674.4699999999999,509
2026-03-04T19:00:00+00:00,674.4699999999999,675.8599999999999,673.9599999999999,675.7299999999999,501
2026-03-04T19:15:00+00:00,675.7299999999999,677.92,675.6499999999999,676.8199999999999,676
2026-03-04T19:30:00+00:00,676.8199999999999,677.31,674.4599999999999,674.93,657
2026-03-04T19:45:00+00:00,674.93,676.2799999999999,674.4599999999999,675.4999999999999,566
2026-03-04T20:00:00+00:00,675.4999999999999,675.9999999999999,672.9499999999999,673.0099999999999,739
2026-03-04T20:15:00+00:00,673.0099999999999,673.9699999999999,672.3599999999999,673.79,750
2026-03-04T20:30:00+00:00,673.79,676.29,673.67,676.0299999999999,852
2026-03-04T20:45:00+00:00,676.0299999999999,676.0999999999999,673.6099999999999,674.1199999999999,1358
2026-03-05T14:30:00+00:00,674.1199999999999,674.3999999999999,668.8999999999999,670.0799999999999,1341
2026-03-05T14:45:00+00:00,670.0799999999999,675.4899999999999,669.9499999999999,675.4899999999999,1090
2026-03-05T15:00:00+00:00,675.4899999999999,677.3799999999999,673.5099999999999,676.6499999999999,1042
2026-03-05T15:15:00+00:00,676.6499999999999,677.3199999999999,668.6399999999999,668.8499999999999,915
2026-03-05T15:30:00+00:00,668.8499999999999,669.2699999999999,665.9999999999999,667.66,912
2026-03-05T15:45:00+00:00,667.66,668.3199999999999,666.2499999999999,668.1099999999999,679
2026-03-05T16:00:00+00:00,668.1099999999999,668.5199999999999,663.1999999999999,665.3,984
2026-03-05T16:15:00+00:00,665.3,665.3699999999999,663.5299999999999,663.8699999999999,688
2026-03-05T16:30:00+00:00,663.8699999999999,666.7499999999999,663.8499999999999,666.2699999999999,727
2026-03-05T16:45:00+00:00,666.2699999999999,667.2599999999999,664.6999999999999,665.9699999999999,603
2026-03-05T17:00:00+00:00,665.9699999999999,668.4499999999999,664.6999999999999,665.7699999999999,660
2026-03-05T17:15:00+00:00,665.7699999999999,665.7699999999999,662.67,662.7599999999999,733
2026-03-05T17:30:00+00:00,662.7599999999999,662.9599999999999,659.5699999999999,660.7499999999999,991
2026-03-05T17:45:00+00:00,660.7499999999999,661.7499999999999,659.0199999999999,659.3499999999999,936
2026-03-05T18:00:00+00:00,659.3499999999999,662.2099999999999,658.8499999999999,662.18,775
2026-03-05T18:15:00+00:00,662.18,662.7799999999999,659.4899999999999,659.4999999999999,704
2026-03-05T18:30:00+00:00,659.4999999999999,660.67,658.8499999999999,659.7599999999999,813
2026-03-05T18:45:00+00:00,659.7599999999999,660.2199999999999,657.2499999999999,658.6399999999999,795
2026-03-05T19:00:00+00:00,658.6399999999999,660.6099999999999,658.4499999999999,659.9699999999999,641
2026-03-05T19:15:00+00:00,659.9699999999999,660.9799999999999,658.4599999999999,658.8,624
2026-03-05T19:30:00+00:00,658.8,662.1499999999999,657.9899999999999,662.05,675
2026-03-05T19:45:00+00:00,662.05,663.43,661.68,662.4599999999999,632
2026-03-05T20:00:00+00:00,662.4599999999999,665.4699999999999,661.7499999999999,665.1899999999999,789
2026-03-05T20:15:00+00:00,665.1899999999999,666.29,663.9499999999999,664.2799999999999,842
2026-03-05T20:30:00+00:00,664.2799999999999,665.3999999999999,663.1199999999999,664.2299999999999,737
2026-03-05T20:45:00+00:00,664.2299999999999,668.16,663.9499999999999,666.9399999999999,1490
2026-03-06T14:30:00+00:00,666.9399999999999,666.9399999999999,643.05,646.9499999999999,1954
2026-03-06T14:45:00+00:00,646.9499999999999,649.2399999999999,645.2299999999999,647.18,1436
2026-03-06T15:00:00+00:00,647.18,651.29,646.6999999999999,651.29,1329
2026-03-06T15:15:00+00:00,651.29,651.29,648.4799999999999,650.4899999999999,1303
2026-03-06T15:30:00+00:00,650.4899999999999,654.1999999999999,650.4899999999999,653.9599999999999,1083
2026-03-06T15:45:00+00:00,653.9599999999999,656.3299999999999,652.3999999999999,655.0099999999999,1059
2026-03-06T16:00:00+00:00,655.0099999999999,656.0199999999999,653.7199999999999,653.7199999999999,957
2026-03-06T16:15:00+00:00,653.7199999999999,654.7799999999999,652.3999999999999,653.7499999999999,1032
2026-03-06T16:30:00+00:00,653.7499999999999,654.6999999999999,652.9999999999999,653.4499999999999,865
2026-03-06T16:45:00+00:00,653.4499999999999,655.67,653.2499999999999,654.56,958
2026-03-06T17:00:00+00:00,654.56,655.55,652.9499999999999,652.9699999999999,795
2026-03-06T17:15:00+00:00,652.9699999999999,653.56,651.9499999999999,652.5699999999999,679
2026-03-06T17:30:00+00:00,652.5699999999999,652.81,650.6999999999999,651.05,744
2026-03-06T17:45:00+00:00,651.05,652.5899999999999,651.05,651.2099999999999,701
2026-03-06T18:00:00+00:00,651.2099999999999,654.3899999999999,651.1099999999999,654.05,780
2026-03-06T18:15:00+00:00,654.05,654.1399999999999,651.4599999999999,652.3299999999999,750
2026-03-06T18:30:00+00:00,652.3299999999999,653.2299999999999,651.56,652.5199999999999,615
2026-03-06T18:45:00+00:00,652.5199999999999,652.9799999999999,651.31,651.3299999999999,560
2026-03-06T19:00:00+00:00,651.3299999999999,653.16,651.31,652.9999999999999,635
2026-03-06T19:15:00+00:00,652.9999999999999,653.3799999999999,651.9499999999999,652.41,560
2026-03-06T19:30:00+00:00,652.41,653.06,651.2499999999999,651.7399999999999,687
2026-03-06T19:45:00+00:00,651.7399999999999,652.0099999999999,650.92,651.04,651
2026-03-06T20:00:00+00:00,651.04,653.17,650.8499999999999,652.68,870
2026-03-06T20:15:00+00:00,652.68,653.68,649.6499999999999,650.3499999999999,1074
2026-03-06T20:30:00+00:00,650.3499999999999,651.3299999999999,648.4799999999999,649.5699999999999,1134
2026-03-06T20:45:00+00:00,649.5699999999999,653.0699999999999,649.29,651.4899999999999,1571
2026-03-09T13:30:00+00:00,651.4899999999999,651.4899999999999,635.1999999999999,636.5099999999999,1492
2026-03-09T13:45:00+00:00,636.5099999999999,638.1999999999999,633.7099999999999,635.7399999999999,1342
2026-03-09T14:00:00+00:00,635.7399999999999,639.3799999999999,634.8199999999999,635.2699999999999,1091
2026-03-09T14:15:00+00:00,635.2699999999999,639.6099999999999,634.2799999999999,637.66,1089
2026-03-09T14:30:00+00:00,637.66,641.3999999999999,637.55,641.3899999999999,860
2026-03-09T14:45:00+00:00,641.3899999999999,642.7199999999999,640.9699999999999,641.5799999999999,930
2026-03-09T15:00:00+00:00,641.5799999999999,642.5099999999999,641.04,641.9899999999999,696
2026-03-09T15:15:00+00:00,641.9899999999999,644.3799999999999,641.04,643.4599999999999,710
2026-03-09T15:30:00+00:00,643.4599999999999,644.3499999999999,642.2799999999999,642.4899999999999,623
2026-03-09T15:45:00+00:00,642.4899999999999,644.06,642.2699999999999,643.1499999999999,538
2026-03-09T16:00:00+00:00,643.1499999999999,644.3899999999999,642.9499999999999,644.2399999999999,721
2026-03-09T16:15:00+00:00,644.2399999999999,645.0999999999999,642.55,643.3499999999999,699
2026-03-09T16:30:00+00:00,643.3499999999999,644.68,642.6499999999999,643.9399999999999,588
2026-03-09T16:45:00+00:00,643.9399999999999,644.66,642.56,642.5799999999999,561
2026-03-09T17:00:00+00:00,642.5799999999999,643.2399999999999,641.9599999999999,642.42,559
2026-03-09T17:15:00+00:00,642.42,642.5999999999999,640.4999999999999,640.6499999999999,571
2026-03-09T17:30:00+00:00,640.6499999999999,641.3199999999999,640.1899999999999,640.7499999999999,641
2026-03-09T17:45:00+00:00,640.7499999999999,642.29,640.6499999999999,641.9799999999999,660
2026-03-09T18:00:00+00:00,641.9799999999999,642.5699999999999,639.9599999999999,640.3199999999999,659
2026-03-09T18:15:00+00:00,640.3199999999999,641.2799999999999,639.9599999999999,641.04,638
2026-03-09T18:30:00+00:00,641.04,643.8299999999999,641.0299999999999,643.7699999999999,598
2026-03-09T18:45:00+00:00,643.7699999999999,644.93,641.3899999999999,642.0299999999999,584
2026-03-09T19:00:00+00:00,642.0299999999999,643.16,641.55,642.8699999999999,476
2026-03-09T19:15:00+00:00,642.8699999999999,651.1999999999999,642.4599999999999,650.81,979
2026-03-09T19:30:00+00:00,650.81,653.8699999999999,648.43,652.8999999999999,1186
2026-03-09T19:45:00+00:00,652.8999999999999,654.67,650.9499999999999,654.43,1538
2026-03-10T13:30:00+00:00,654.43,666.56,654.43,662.42,1405
2026-03-10T13:45:00+00:00,662.42,663.68,659.3299999999999,660.1299999999999,1052
2026-03-10T14:00:00+00:00,660.1299999999999,662.18,655.6499999999999,657.4499999999999,1038
2026-03-10T14:15:00+00:00,657.4499999999999,659.9699999999999,656.1899999999999,659.29,865
2026-03-10T14:30:00+00:00,659.29,665.7399999999999,659.2699999999999,664.8599999999999,1052
2026-03-10T14:45:00+00:00,664.8599999999999,667.1299999999999,664.4499999999999,665.8,856
2026-03-10T15:00:00+00:00,665.8,665.9899999999999,663.9599999999999,664.6899999999999,754
2026-03-10T15:15:00+00:00,664.6899999999999,665.5799999999999,663.6399999999999,664.1499999999999,626
2026-03-10T15:30:00+00:00,664.1499999999999,664.29,662.7099999999999,663.8699999999999,592
2026-03-10T15:45:00+00:00,663.8699999999999,664.1499999999999,662.56,663.6199999999999,489
2026-03-10T16:00:00+00:00,663.6199999999999,663.9499999999999,661.91,663.2799999999999,511
2026-03-10T16:15:00+00:00,663.2799999999999,665.29,663.0099999999999,664.2199999999999,547
2026-03-10T16:30:00+00:00,664.2199999999999,665.9499999999999,664.2199999999999,665.6199999999999,563
2026-03-10T16:45:00+00:00,665.6199999999999,665.66,664.18,664.81,510
2026-03-10T17:00:00+00:00,664.81,665.4399999999999,664.1899999999999,664.6399999999999,417
2026-03-10T17:15:00+00:00,664.6399999999999,666.7099999999999,664.6299999999999,665.8799999999999,459
2026-03-10T17:30:00+00:00,665.8799999999999,665.9399999999999,663.0899999999999,663.7099999999999,657
2026-03-10T17:45:00+00:00,663.7099999999999,666.16,663.6999999999999,665.9799999999999,466
2026-03-10T18:00:00+00:00,665.9799999999999,665.9799999999999,662.06,662.0999999999999,634
2026-03-10T18:15:00+00:00,662.0999999999999,664.8899999999999,661.9599999999999,663.7499999999999,929
2026-03-10T18:30:00+00:00,663.7499999999999,664.66,662.3499999999999,662.56,635
2026-03-10T18:45:00+00:00,662.56,664.1199999999999,662.0099999999999,662.2599999999999,690
2026-03-10T19:00:00+00:00,662.2599999999999,663.3299999999999,661.9599999999999,662.7499999999999,676
2026-03-10T19:15:00+00:00,662.7499999999999,662.92,659.4999999999999,659.8399999999999,754
2026-03-10T19:30:00+00:00,659.8399999999999,661.17,659.4699999999999,660.6099999999999,1127
2026-03-10T19:45:00+00:00,660.6099999999999,661.2299999999999,658.5099999999999,661.2299999999999,1535
2026-03-11T13:30:00+00:00,661.2299999999999,664.9,661.0999999999999,663.4899999999999,1153
2026-03-11T13:45:00+00:00,663.4899999999999,665.56,661.6899999999999,663.7599999999999,1229
2026-03-11T14:00:00+00:00,663.7599999999999,665.43,661.0999999999999,662.2399999999999,899
2026-03-11T14:15:00+00:00,662.2399999999999,663.3499999999999,657.9899999999999,659.3,997
2026-03-11T14:30:00+00:00,659.3,660.8,658.1899999999999,660.3899999999999,868
2026-03-11T14:45:00+00:00,660.3899999999999,660.4599999999999,658.6899999999999,658.8399999999999,674
2026-03-11T15:00:00+00:00,658.8399999999999,659.4899999999999,656.0899999999999,657.3899999999999,1046
2026-03-11T15:15:00+00:00,657.3899999999999,657.3899999999999,655.2599999999999,655.4699999999999,957
2026-03-11T15:30:00+00:00,655.4699999999999,657.92,655.04,656.8,1064
2026-03-11T15:45:00+00:00,656.8,657.4999999999999,655.6899999999999,656.1899999999999,708
2026-03-11T16:00:00+00:00,656.1899999999999,656.9699999999999,655.04,656.5099999999999,817
2026-03-11T16:15:00+00:00,656.5099999999999,658.05,655.6899999999999,657.7299999999999,693
2026-03-11T16:30:00+00:00,657.7299999999999,659.93,657.7299999999999,659.3499999999999,829
2026-03-11T16:45:00+00:00,659.3499999999999,660.6399999999999,658.2299999999999,660.1199999999999,816
2026-03-11T17:00:00+00:00,660.1199999999999,660.8399999999999,659.7399999999999,660.41,772
2026-03-11T17:15:00+00:00,660.41,661.06,659.3799999999999,660.05,739
2026-03-11T17:30:00+00:00,660.05,660.9799999999999,657.6999999999999,659.17,839
2026-03-11T17:45:00+00:00,659.17,660.0899999999999,657.8899999999999,658.4599999999999,669
2026-03-11T18:00:00+00:00,658.4599999999999,659.0799999999999,657.04,657.6299999999999,589
2026-03-11T18:15:00+00:00,657.6299999999999,658.8,657.3599999999999,658.29,468
2026-03-11T18:30:00+00:00,658.29,659.7099999999999,658.2499999999999,658.9599999999999,534
2026-03-11T18:45:00+00:00,658.9599999999999,659.8399999999999,658.6899999999999,659.53,558
2026-03-11T19:00:00+00:00,659.53,660.4999999999999,658.93,658.9499999999999,599
2026-03-11T19:15:00+00:00,658.9499999999999,659.9899999999999,658.8699999999999,659.0099999999999,519
2026-03-11T19:30:00+00:00,659.0099999999999,660.6399999999999,658.9899999999999,659.8899999999999,836
2026-03-11T19:45:00+00:00,659.8899999999999,662.17,659.6899999999999,661.4799999999999,1342
2026-03-12T13:30:00+00:00,661.4799999999999,661.4799999999999,652.9799999999999,655.6099999999999,1072
2026-03-12T13:45:00+00:00,655.6099999999999,655.6099999999999,649.8599999999999,650.2399999999999,1309
2026-03-12T14:00:00+00:00,650.2399999999999,653.9399999999999,650.2399999999999,653.2199999999999,680
2026-03-12T14:15:00+00:00,653.2199999999999,653.68,651.4899999999999,651.4999999999999,770
2026-03-12T14:30:00+00:00,651.4999999999999,651.6299999999999,649.8299999999999,651.28,913
2026-03-12T14:45:00+00:00,651.28,652.79,649.8399999999999,650.28,778
2026-03-12T15:00:00+00:00,650.28,650.6399999999999,646.7299999999999,647.7699999999999,931
2026-03-12T15:15:00+00:00,647.7699999999999,648.2199999999999,645.8899999999999,646.9899999999999,854
2026-03-12T15:30:00+00:00,646.9899999999999,649.5799999999999,645.92,649.0699999999999,997
2026-03-12T15:45:00+00:00,649.0699999999999,649.8,647.1899999999999,647.8199999999999,752
2026-03-12T16:00:00+00:00,647.8199999999999,649.1899999999999,645.1399999999999,646.7299999999999,945
2026-03-12T16:15:00+00:00,646.7299999999999,649.2099999999999,645.8899999999999,646.05,754
2026-03-12T16:30:00+00:00,646.05,647.9999999999999,645.4399999999999,647.03,759
2026-03-12T16:45:00+00:00,647.03,647.4399999999999,645.4899999999999,646.55,782
2026-03-12T17:00:00+00:00,646.55,648.4499999999999,646.4799999999999,646.7699999999999,733
2026-03-12T17:15:00+00:00,646.7699999999999,647.3499999999999,645.6999999999999,646.1099999999999,697
2026-03-12T17:30:00+00:00,646.1099999999999,648.0099999999999,645.7399999999999,645.7399999999999,804
2026-03-12T17:45:00+00:00,645.7399999999999,646.3799999999999,643.53,644.7499999999999,888
2026-03-12T18:00:00+00:00,644.7499999999999,646.16,644.4799999999999,645.6999999999999,701
2026-03-12T18:15:00+00:00,645.6999999999999,646.54,644.8199999999999,645.9,682
2026-03-12T18:30:00+00:00,645.9,646.1299999999999,644.9899999999999,645.4699999999999,612
2026-03-12T18:45:00+00:00,645.4699999999999,645.9699999999999,644.8899999999999,645.1099999999999,733
2026-03-12T19:00:00+00:00,645.1099999999999,645.8699999999999,644.4699999999999,645.1199999999999,871
2026-03-12T19:15:00+00:00,645.1199999999999,646.1399999999999,644.8199999999999,645.2699999999999,846
2026-03-12T19:30:00+00:00,645.2699999999999,646.3799999999999,644.3899999999999,645.04,997
2026-03-12T19:45:00+00:00,645.04,646.28,644.0699999999999,644.3899999999999,1748
2026-03-13T13:30:00+00:00,644.3899999999999,644.3899999999999,624.1999999999999,630.1299999999999,2376
2026-03-13T13:45:00+00:00,630.1299999999999,633.0799999999999,629.6899999999999,631.78,1468
2026-03-13T14:00:00+00:00,631.78,633.91,631.28,633.4599999999999,1181
2026-03-13T14:15:00+00:00,633.4599999999999,633.7199999999999,631.9699999999999,633.3499999999999,920
2026-03-13T14:30:00+00:00,633.3499999999999,635.7499999999999,631.16,631.18,1009
2026-03-13T14:45:00+00:00,631.18,631.18,626.0199999999999,626.0199999999999,1299
2026-03-13T15:00:00+00:00,626.0199999999999,627.5699999999999,624.8399999999999,627.05,1088
2026-03-13T15:15:00+00:00,627.05,627.6899999999999,623.9899999999999,624.9899999999999,1127
2026-03-13T15:30:00+00:00,624.9899999999999,625.42,621.9699999999999,622.4999999999999,1189
2026-03-13T15:45:00+00:00,622.4999999999999,624.6199999999999,621.8499999999999,623.91,1067
2026-03-13T16:00:00+00:00,623.91,626.29,623.8599999999999,625.1299999999999,987
2026-03-13T16:15:00+00:00,625.1299999999999,625.3499999999999,623.4399999999999,624.1999999999999,878
2026-03-13T16:30:00+00:00,624.1999999999999,625.3499999999999,621.29,621.5199999999999,838
2026-03-13T16:45:00+00:00,621.5199999999999,622.5799999999999,620.2399999999999,620.55,1130
2026-03-13T17:00:00+00:00,620.55,621.7499999999999,619.9399999999999,621.7499999999999,1096
2026-03-13T17:15:00+00:00,621.7499999999999,623.0999999999999,621.5799999999999,622.3199999999999,958
2026-03-13T17:30:00+00:00,622.3199999999999,622.54,619.4499999999999,619.9999999999999,1076
2026-03-13T17:45:00+00:00,619.9999999999999,620.1099999999999,616.29,617.91,1327
2026-03-13T18:00:00+00:00,617.91,619.7099999999999,617.0899999999999,619.1899999999999,1124
2026-03-13T18:15:00+00:00,619.1899999999999,619.9699999999999,618.2599999999999,619.8299999999999,926
2026-03-13T18:30:00+00:00,619.8299999999999,620.7199999999999,619.4799999999999,620.41,845
2026-03-13T18:45:00+00:00,620.41,620.8799999999999,619.9599999999999,620.1999999999999,827
2026-03-13T19:00:00+00:00,620.1999999999999,620.56,619.2199999999999,619.5099999999999,1004
2026-03-13T19:15:00+00:00,619.5099999999999,620.1899999999999,618.2399999999999,618.43,1091
2026-03-13T19:30:00+00:00,618.43,620.16,618.43,619.2099999999999,1372
2026-03-13T19:45:00+00:00,619.2099999999999,621.4999999999999,619.16,620.53,2047
2026-03-16T13:30:00+00:00,620.53,641.0099999999999,620.53,633.2699999999999,2013
2026-03-16T13:45:00+00:00,633.2699999999999,638.6199999999999,633.1899999999999,637.91,1340
2026-03-16T14:00:00+00:00,637.91,641.3399999999999,635.56,639.6999999999999,1256
2026-03-16T14:15:00+00:00,639.6999999999999,640.4799999999999,637.7699999999999,638.6899999999999,1180
2026-03-16T14:30:00+00:00,638.6899999999999,638.7099999999999,634.2199999999999,635.04,1247
2026-03-16T14:45:00+00:00,635.04,636.2499999999999,634.1899999999999,636.16,1017
2026-03-16T15:00:00+00:00,636.16,636.2299999999999,633.7099999999999,635.7399999999999,1130
2026-03-16T15:15:00+00:00,635.7399999999999,636.29,634.4599999999999,635.8399999999999,918
2026-03-16T15:30:00+00:00,635.8399999999999,636.67,634.81,635.4599999999999,789
2026-03-16T15:45:00+00:00,635.4599999999999,635.7099999999999,633.5999999999999,633.5999999999999,992
2026-03-16T16:00:00+00:00,633.5999999999999,634.16,631.06,631.1999999999999,1157
2026-03-16T16:15:00+00:00,631.1999999999999,631.4799999999999,629.79,630.0199999999999,1116
2026-03-16T16:30:00+00:00,630.0199999999999,632.1099999999999,629.93,631.8799999999999,1018
2026-03-16T16:45:00+00:00,631.8799999999999,633.1199999999999,631.1899999999999,632.3699999999999,799
2026-03-16T17:00:00+00:00,632.3699999999999,633.6399999999999,631.2299999999999,631.6999999999999,720
2026-03-16T17:15:00+00:00,631.6999999999999,633.2599999999999,631.3899999999999,632.0899999999999,766
2026-03-16T17:30:00+00:00,632.0899999999999,632.2499999999999,630.16,630.7399999999999,894
2026-03-16T17:45:00+00:00,630.7399999999999,631.65,630.0699999999999,630.31,840
2026-03-16T18:00:00+00:00,630.31,631.55,630.1899999999999,630.92,924
2026-03-16T18:15:00+00:00,630.92,633.4799999999999,630.8899999999999,633.41,888
2026-03-16T18:30:00+00:00,633.41,634.1199999999999,632.56,634.06,952
2026-03-16T18:45:00+00:00,634.06,634.7399999999999,633.8599999999999,634.1999999999999,725
2026-03-16T19:00:00+00:00,634.1999999999999,635.1899999999999,632.6899999999999,633.53,1025
2026-03-16T19:15:00+00:00,633.53,634.4999999999999,632.2499999999999,634.0099999999999,928
2026-03-16T19:30:00+00:00,634.0099999999999,634.8299999999999,633.4,633.7599999999999,931
2026-03-16T19:45:00+00:00,633.7599999999999,634.7299999999999,632.7099999999999,634.1199999999999,1696
2026-03-17T13:30:00+00:00,634.1199999999999,643.05,634.0199999999999,639.67,2325
2026-03-17T13:45:00+00:00,639.67,641.9899999999999,638.5199999999999,639.1899999999999,1791
2026-03-17T14:00:00+00:00,639.1899999999999,639.1899999999999,636.1899999999999,636.28,1653
2026-03-17T14:15:00+00:00,636.28,637.2399999999999,635.6899999999999,636.29,1622
2026-03-17T14:30:00+00:00,636.29,637.3699999999999,635.1199999999999,637.1899999999999,1558
2026-03-17T14:45:00+00:00,637.1899999999999,637.5199999999999,636.0099999999999,636.2499999999999,1395
2026-03-17T15:00:00+00:00,636.2499999999999,636.3699999999999,632.8599999999999,632.8699999999999,1835
2026-03-17T15:15:00+00:00,632.8699999999999,633.79,631.8399999999999,631.8399999999999,1530
2026-03-17T15:30:00+00:00,631.8399999999999,632.66,631.1999999999999,632.4999999999999,1708
2026-03-17T15:45:00+00:00,632.4999999999999,633.6399999999999,631.92,633.29,1557
2026-03-17T16:00:00+00:00,633.29,633.53,631.7399999999999,631.81,1568
2026-03-17T16:15:00+00:00,631.81,632.3199999999999,631.5899999999999,632.03,1591
2026-03-17T16:30:00+00:00,632.03,632.3299999999999,630.8,631.8499999999999,1418
2026-03-17T16:45:00+00:00,631.8499999999999,632.2399999999999,630.3199999999999,630.55,1179
2026-03-17T17:00:00+00:00,630.55,632.5999999999999,630.53,631.91,1215
2026-03-17T17:15:00+00:00,631.91,631.91,630.93,631.2099999999999,1056
2026-03-17T17:30:00+00:00,631.2099999999999,632.4699999999999,630.9399999999999,631.7599999999999,923
2026-03-17T17:45:00+00:00,631.7599999999999,633.03,631.5699999999999,632.65,960
2026-03-17T18:00:00+00:00,632.65,632.7399999999999,631.2099999999999,631.3,1098
2026-03-17T18:15:00+00:00,631.3,631.5899999999999,629.9899999999999,630.06,1191
2026-03-17T18:30:00+00:00,630.06,630.4399999999999,629.8399999999999,629.9899999999999,1278
2026-03-17T18:45:00+00:00,629.9899999999999,630.3699999999999,629.0099999999999,629.6199999999999,977
2026-03-17T19:00:00+00:00,629.6199999999999,629.8499999999999,628.3499999999999,629.4799999999999,1129
2026-03-17T19:15:00+00:00,629.4799999999999,630.0199999999999,629.4599999999999,629.6399999999999,1016
2026-03-17T19:30:00+00:00,629.6399999999999,630.1399999999999,628.41,628.54,1038
2026-03-17T19:45:00+00:00,628.54,630.3399999999999,628.54,629.56,2199
2026-03-18T13:30:00+00:00,629.56,629.56,621.9999999999999,626.7099999999999,1983
2026-03-18T13:45:00+00:00,626.7099999999999,628.18,625.7399999999999,627.05,2226
2026-03-18T14:00:00+00:00,627.05,627.9799999999999,625.81,627.15,2028
2026-03-18T14:15:00+00:00,627.15,627.7499999999999,622.4399999999999,622.4699999999999,2354
2026-03-18T14:30:00+00:00,622.4699999999999,625.03,622.15,624.66,1967
2026-03-18T14:45:00+00:00,624.66,628.1099999999999,624.4,627.6999999999999,1671
2026-03-18T15:00:00+00:00,627.6999999999999,628.1299999999999,626.28,626.5999999999999,1754
2026-03-18T15:15:00+00:00,626.5999999999999,629.05,626.2699999999999,628.1999999999999,1531
2026-03-18T15:30:00+00:00,628.1999999999999,629.28,627.2099999999999,627.53,1307
2026-03-18T15:45:00+00:00,627.53,627.92,625.9799999999999,627.0999999999999,1272
2026-03-18T16:00:00+00:00,627.0999999999999,627.7699999999999,626.3699999999999,627.3199999999999,1516
2026-03-18T16:15:00+00:00,627.3199999999999,627.4599999999999,625.8899999999999,625.9,1178
2026-03-18T16:30:00+00:00,625.9,626.1099999999999,623.9599999999999,623.9799999999999,1213
2026-03-18T16:45:00+00:00,623.9799999999999,625.3499999999999,623.7599999999999,624.7099999999999,824
2026-03-18T17:00:00+00:00,624.7099999999999,624.7199999999999,623.3799999999999,623.4499999999999,1096
2026-03-18T17:15:00+00:00,623.4499999999999,624.4999999999999,623.3799999999999,624.31,984
2026-03-18T17:30:00+00:00,624.31,625.9399999999999,623.4899999999999,625.2499999999999,1010
2026-03-18T17:45:00+00:00,625.2499999999999,626.8199999999999,625.0699999999999,626.1999999999999,1040
2026-03-18T18:00:00+00:00,626.1999999999999,627.68,626.1999999999999,626.9499999999999,1621
2026-03-18T18:15:00+00:00,626.9499999999999,626.9699999999999,624.7599999999999,625.18,1349
2026-03-18T18:30:00+00:00,625.18,625.81,624.0099999999999,624.1899999999999,1766
2026-03-18T18:45:00+00:00,624.1899999999999,624.3399999999999,622.0199999999999,622.03,1836
2026-03-18T19:00:00+00:00,622.03,624.7599999999999,621.7199999999999,624.2599999999999,1670
2026-03-18T19:15:00+00:00,624.2599999999999,624.31,623.1899999999999,623.3599999999999,1570
2026-03-18T19:30:00+00:00,623.3599999999999,623.7099999999999,621.29,621.65,1784
2026-03-18T19:45:00+00:00,621.65,623.2199999999999,621.31,622.54,2398
2026-03-19T13:30:00+00:00,622.54,622.54,614.79,617.3699999999999,2633
2026-03-19T13:45:00+00:00,617.3699999999999,619.5899999999999,615.6999999999999,618.9799999999999,2542
2026-03-19T14:00:00+00:00,618.9799999999999,619.5999999999999,615.0899999999999,615.4,2426
2026-03-19T14:15:00+00:00,615.4,615.9399999999999,613.2499999999999,613.5899999999999,2472
2026-03-19T14:30:00+00:00,613.5899999999999,615.8599999999999,613.4999999999999,614.0199999999999,2197
2026-03-19T14:45:00+00:00,614.0199999999999,615.6999999999999,613.8499999999999,614.7099999999999,2098
2026-03-19T15:00:00+00:00,614.7099999999999,616.9399999999999,614.4799999999999,615.5799999999999,1689
2026-03-19T15:15:00+00:00,615.5799999999999,616.2099999999999,612.6899999999999,613.28,1808
2026-03-19T15:30:00+00:00,613.28,613.3,611.7399999999999,612.0699999999999,1951
2026-03-19T15:45:00+00:00,612.0699999999999,613.4699999999999,611.7699999999999,613.1999999999999,2054
2026-03-19T16:00:00+00:00,613.1999999999999,615.03,612.9999999999999,613.0899999999999,1770
2026-03-19T16:15:00+00:00,613.0899999999999,613.6999999999999,612.29,613.4699999999999,1606
2026-03-19T16:30:00+00:00,613.4699999999999,613.7699999999999,611.6999999999999,613.3899999999999,1503
2026-03-19T16:45:00+00:00,613.3899999999999,613.5199999999999,612.29,613.28,1360
2026-03-19T17:00:00+00:00,613.28,613.3499999999999,611.2599999999999,611.5199999999999,1284
2026-03-19T17:15:00+00:00,611.5199999999999,612.6099999999999,611.4399999999999,611.91,1227
2026-03-19T17:30:00+00:00,611.91,612.5699999999999,610.3,610.3499999999999,1489
2026-03-19T17:45:00+00:00,610.3499999999999,612.0999999999999,610.3499999999999,610.8699999999999,1308
2026-03-19T18:00:00+00:00,610.8699999999999,612.0699999999999,609.92,611.7399999999999,1626
2026-03-19T18:15:00+00:00,611.7399999999999,611.8899999999999,610.3699999999999,610.41,1629
2026-03-19T18:30:00+00:00,610.41,610.54,609.3199999999999,609.56,1451
2026-03-19T18:45:00+00:00,609.56,611.7199999999999,608.9399999999999,611.3699999999999,1639
2026-03-19T19:00:00+00:00,611.3699999999999,615.68,611.0699999999999,614.41,3708
2026-03-19T19:15:00+00:00,614.41,615.3399999999999,612.0699999999999,612.78,2719
2026-03-19T19:30:00+00:00,612.78,613.15,611.3299999999999,612.54,2820
2026-03-19T19:45:00+00:00,612.54,613.78,611.5799999999999,613.1199999999999,2607
2026-03-20T13:30:00+00:00,613.1199999999999,613.1199999999999,605.4499999999999,605.8699999999999,2570
2026-03-20T13:45:00+00:00,605.8699999999999,607.7399999999999,600.4899999999999,600.5099999999999,2652
2026-03-20T14:00:00+00:00,600.5099999999999,601.7399999999999,599.8899999999999,600.67,2764
2026-03-20T14:15:00+00:00,600.67,602.9599999999999,600.4699999999999,602.4399999999999,2116
2026-03-20T14:30:00+00:00,602.4399999999999,603.29,601.2099999999999,601.9999999999999,1955
2026-03-20T14:45:00+00:00,601.9999999999999,602.6899999999999,600.9899999999999,601.2199999999999,1754
2026-03-20T15:00:00+00:00,601.2199999999999,602.42,598.7399999999999,600.3599999999999,1930
2026-03-20T15:15:00+00:00,600.3599999999999,600.7099999999999,598.3899999999999,598.7099999999999,2000
2026-03-20T15:30:00+00:00,598.7099999999999,600.28,598.5699999999999,600.0699999999999,1821
2026-03-20T15:45:00+00:00,600.0699999999999,601.31,599.6899999999999,601.18,1798
2026-03-20T16:00:00+00:00,601.18,602.65,601.18,602.2099999999999,1595
2026-03-20T16:15:00+00:00,602.2099999999999,603.2099999999999,601.6999999999999,602.05,1393
2026-03-20T16:30:00+00:00,602.05,602.1199999999999,600.3399999999999,600.9899999999999,1422
2026-03-20T16:45:00+00:00,600.9899999999999,601.6999999999999,600.4999999999999,600.7099999999999,1305
2026-03-20T17:00:00+00:00,600.7099999999999,601.28,598.8699999999999,600.3,1472
2026-03-20T17:15:00+00:00,600.3,601.5199999999999,599.6999999999999,600.9999999999999,1362
2026-03-20T17:30:00+00:00,600.9999999999999,601.2499999999999,598.5999999999999,598.8,2013
2026-03-20T17:45:00+00:00,598.8,601.0799999999999,598.7199999999999,600.6999999999999,1296
2026-03-20T18:00:00+00:00,600.6999999999999,601.1399999999999,599.8199999999999,600.1099999999999,1246
2026-03-20T18:15:00+00:00,600.1099999999999,600.54,598.4799999999999,599.0199999999999,1713
2026-03-20T18:30:00+00:00,599.0199999999999,599.29,598.06,598.4499999999999,1454
2026-03-20T18:45:00+00:00,598.4499999999999,598.5799999999999,597.3299999999999,597.4899999999999,1576
2026-03-20T19:00:00+00:00,597.4899999999999,597.7499999999999,596.05,596.8599999999999,1693
2026-03-20T19:15:00+00:00,596.8599999999999,597.0699999999999,595.4,596.8299999999999,1742
2026-03-20T19:30:00+00:00,596.8299999999999,597.41,593.8899999999999,596.9999999999999,2257
2026-03-20T19:45:00+00:00,596.9999999999999,600.8699999999999,596.5999999999999,600.43,2558
2026-03-23T13:30:00+00:00,600.43,611.54,600.43,607.4499999999999,3334
2026-03-23T13:45:00+00:00,607.4499999999999,611.41,607.1999999999999,610.6399999999999,3110
2026-03-23T14:00:00+00:00,610.6399999999999,611.0199999999999,607.7099999999999,610.29,3080
2026-03-23T14:15:00+00:00,610.29,612.92,610.28,612.05,2671
2026-03-23T14:30:00+00:00,612.05,612.31,609.7199999999999,609.9499999999999,2318
2026-03-23T14:45:00+00:00,609.9499999999999,612.4799999999999,609.6999999999999,612.1899999999999,2707
2026-03-23T15:00:00+00:00,612.1899999999999,614.81,611.9999999999999,614.67,2545
2026-03-23T15:15:00+00:00,614.67,615.2399999999999,612.6899999999999,614.3799999999999,2558
2026-03-23T15:30:00+00:00,614.3799999999999,614.9399999999999,613.54,614.18,2317
2026-03-23T15:45:00+00:00,614.18,614.18,610.7099999999999,611.1299999999999,2629
2026-03-23T16:00:00+00:00,611.1299999999999,614.3499999999999,611.0999999999999,612.4599999999999,2555
2026-03-23T16:15:00+00:00,612.4599999999999,612.7199999999999,607.4699999999999,607.6899999999999,2326
2026-03-23T16:30:00+00:00,607.6899999999999,609.8399999999999,607.5899999999999,609.16,2231
2026-03-23T16:45:00+00:00,609.16,610.1099999999999,608.8799999999999,609.04,1803
2026-03-23T17:00:00+00:00,609.04,609.67,607.9699999999999,607.9699999999999,1796
2026-03-23T17:15:00+00:00,607.9699999999999,609.0199999999999,607.1899999999999,608.4999999999999,1633
2026-03-23T17:30:00+00:00,608.4999999999999,610.93,608.2099999999999,608.5699999999999,1836
2026-03-23T17:45:00+00:00,608.5699999999999,609.9699999999999,608.4,609.7099999999999,1525
2026-03-23T18:00:00+00:00,609.7099999999999,609.9699999999999,608.41,609.1999999999999,1647
2026-03-23T18:15:00+00:00,609.1999999999999,610.2299999999999,608.54,609.5699999999999,1685
2026-03-23T18:30:00+00:00,609.5699999999999,612.6999999999999,609.4599999999999,612.3499999999999,2062
2026-03-23T18:45:00+00:00,612.3499999999999,614.3299999999999,612.06,614.0199999999999,1592
2026-03-23T19:00:00+00:00,614.0199999999999,614.42,613.1899999999999,613.3,1497
2026-03-23T19:15:00+00:00,613.3,613.7699999999999,612.6899999999999,613.4,1426
2026-03-23T19:30:00+00:00,613.4,613.7099999999999,612.54,613.5999999999999,1445
2026-03-23T19:45:00+00:00,613.5999999999999,614.0899999999999,609.16,610.31,2795
2026-03-24T13:30:00+00:00,610.31,610.31,602.6399999999999,602.9899999999999,1977
2026-03-24T13:45:00+00:00,602.9899999999999,604.55,601.3299999999999,601.8399999999999,1880
2026-03-24T14:00:00+00:00,601.8399999999999,602.65,598.81,599.8599999999999,2063
2026-03-24T14:15:00+00:00,599.8599999999999,601.29,598.6999999999999,600.3599999999999,2035
2026-03-24T14:30:00+00:00,600.3599999999999,602.42,599.93,602.3599999999999,1608
2026-03-24T14:45:00+00:00,602.3599999999999,604.6099999999999,600.0899999999999,601.5099999999999,2133
2026-03-24T15:00:00+00:00,601.5099999999999,603.7199999999999,601.5099999999999,602.8799999999999,1662
2026-03-24T15:15:00+00:00,602.8799999999999,603.6399999999999,601.79,601.79,1288
2026-03-24T15:30:00+00:00,601.79,603.8599999999999,601.29,602.92,1283
2026-03-24T15:45:00+00:00,602.92,603.4,600.2699999999999,600.5199999999999,1269
2026-03-24T16:00:00+00:00,600.5199999999999,601.43,600.2399999999999,601.43,1265
2026-03-24T16:15:00+00:00,601.43,604.2599999999999,601.42,603.1999999999999,1217
2026-03-24T16:30:00+00:00,603.1999999999999,603.4999999999999,600.5699999999999,601.9599999999999,1081
2026-03-24T16:45:00+00:00,601.9599999999999,602.9999999999999,601.3899999999999,601.91,898
2026-03-24T17:00:00+00:00,601.91,602.3899999999999,598.3499999999999,598.8499999999999,1528
2026-03-24T17:15:00+00:00,598.8499999999999,599.2199999999999,597.67,598.7499999999999,1322
2026-03-24T17:30:00+00:00,598.7499999999999,600.16,598.7499999999999,599.43,1221
2026-03-24T17:45:00+00:00,599.43,601.6299999999999,599.3499999999999,600.17,1233
2026-03-24T18:00:00+00:00,600.17,601.8399999999999,600.15,601.6099999999999,1092
2026-03-24T18:15:00+00:00,601.6099999999999,601.7199999999999,600.5899999999999,600.91,1194
2026-03-24T18:30:00+00:00,600.91,602.9999999999999,600.9,601.81,1124
2026-03-24T18:45:00+00:00,601.81,601.9999999999999,600.7199999999999,601.65,1004
2026-03-24T19:00:00+00:00,601.65,602.67,601.65,602.43,1001
2026-03-24T19:15:00+00:00,602.43,602.9399999999999,601.8899999999999,602.05,1108
2026-03-24T19:30:00+00:00,602.05,602.18,599.92,600.7599999999999,1450
2026-03-24T19:45:00+00:00,600.7599999999999,600.7599999999999,598.6999999999999,599.5799999999999,1954
2026-03-25T13:30:00+00:00,599.5799999999999,610.2299999999999,599.5799999999999,606.6099999999999,2332
2026-03-25T13:45:00+00:00,606.6099999999999,607.2199999999999,602.4799999999999,604.2099999999999,2621
2026-03-25T14:00:00+00:00,604.2099999999999,606.93,601.8199999999999,606.92,2379
2026-03-25T14:15:00+00:00,606.92,606.9599999999999,604.0899999999999,606.3,1915
2026-03-25T14:30:00+00:00,606.3,607.3299999999999,604.9,605.41,1832
2026-03-25T14:45:00+00:00,605.41,606.56,603.9599999999999,604.7599999999999,1826
2026-03-25T15:00:00+00:00,604.7599999999999,606.1099999999999,601.4899999999999,601.65,1767
2026-03-25T15:15:00+00:00,601.65,604.91,600.2399999999999,604.7599999999999,2148
2026-03-25T15:30:00+00:00,604.7599999999999,605.8399999999999,603.78,604.2499999999999,1473
2026-03-25T15:45:00+00:00,604.2499999999999,606.5199999999999,604.1999999999999,605.9399999999999,1628
2026-03-25T16:00:00+00:00,605.9399999999999,606.66,604.2099999999999,604.3299999999999,1494
2026-03-25T16:15:00+00:00,604.3299999999999,605.9899999999999,603.6899999999999,605.1199999999999,1635
2026-03-25T16:30:00+00:00,605.1199999999999,606.41,604.6899999999999,605.4799999999999,1394
2026-03-25T16:45:00+00:00,605.4799999999999,605.9399999999999,604.6899999999999,605.2199999999999,1068
2026-03-25T17:00:00+00:00,605.2199999999999,605.4499999999999,603.56,604.9599999999999,1242
2026-03-25T17:15:00+00:00,604.9599999999999,608.9599999999999,603.91,607.9699999999999,1581
2026-03-25T17:30:00+00:00,607.9699999999999,608.2099999999999,606.16,606.9,1210
2026-03-25T17:45:00+00:00,606.9,606.9399999999999,605.54,605.8699999999999,1288
2026-03-25T18:00:00+00:00,605.8699999999999,606.1399999999999,603.03,603.5899999999999,1339
2026-03-25T18:15:00+00:00,603.5899999999999,604.2399999999999,603.15,603.15,1167
2026-03-25T18:30:00+00:00,603.15,605.03,602.81,604.5799999999999,1320
2026-03-25T18:45:00+00:00,604.5799999999999,605.4899999999999,601.9399999999999,602.2099999999999,1309
2026-03-25T19:00:00+00:00,602.2099999999999,602.29,600.43,601.28,1815
2026-03-25T19:15:00+00:00,601.28,602.8899999999999,601.1299999999999,602.4699999999999,1301
2026-03-25T19:30:00+00:00,602.4699999999999,602.5099999999999,601.29,601.3199999999999,1508
2026-03-25T19:45:00+00:00,601.3199999999999,602.4699999999999,600.0799999999999,601.8,1956
2026-03-26T13:30:00+00:00,601.8,601.8,582.3899999999999,582.78,2505
2026-03-26T13:45:00+00:00,582.78,586.6199999999999,581.16,582.6399999999999,2440
2026-03-26T14:00:00+00:00,582.6399999999999,586.03,580.8899999999999,581.5799999999999,2262
2026-03-26T14:15:00+00:00,581.5799999999999,582.16,575.3399999999999,575.3699999999999,2543
2026-03-26T14:30:00+00:00,575.3699999999999,577.0699999999999,571.2499999999999,571.3599999999999,2805
2026-03-26T14:45:00+00:00,571.3599999999999,571.7199999999999,567.56,568.0799999999999,3187
2026-03-26T15:00:00+00:00,568.0799999999999,570.7699999999999,567.2499999999999,570.53,2525
2026-03-26T15:15:00+00:00,570.53,570.8599999999999,567.2299999999999,567.3299999999999,2038
2026-03-26T15:30:00+00:00,567.3299999999999,567.3499999999999,564.9,565.8799999999999,2199
2026-03-26T15:45:00+00:00,565.8799999999999,566.8599999999999,562.9499999999999,563.2299999999999,1988
2026-03-26T16:00:00+00:00,563.2299999999999,563.9499999999999,562.2599999999999,563.55,2084
2026-03-26T16:15:00+00:00,563.55,563.56,560.2499999999999,561.04,2113
2026-03-26T16:30:00+00:00,561.04,562.3499999999999,559.9599999999999,560.3899999999999,1912
2026-03-26T16:45:00+00:00,560.3899999999999,560.9,557.8499999999999,558.3299999999999,2058
2026-03-26T17:00:00+00:00,558.3299999999999,560.1099999999999,557.79,558.9899999999999,2140
2026-03-26T17:15:00+00:00,558.9899999999999,559.93,556.9899999999999,557.81,1892
2026-03-26T17:30:00+00:00,557.81,559.6999999999999,555.79,556.2599999999999,1892
2026-03-26T17:45:00+00:00,556.2599999999999,556.4399999999999,551.9699999999999,552.7199999999999,2167
2026-03-26T18:00:00+00:00,552.7199999999999,554.6199999999999,552.4599999999999,553.6199999999999,1825
2026-03-26T18:15:00+00:00,553.6199999999999,553.91,550.0799999999999,550.7199999999999,1783
2026-03-26T18:30:00+00:00,550.7199999999999,553.3799999999999,550.3799999999999,552.43,1732
2026-03-26T18:45:00+00:00,552.43,554.7099999999999,552.0099999999999,553.7199999999999,1659
2026-03-26T19:00:00+00:00,553.7199999999999,554.78,552.2199999999999,554.6999999999999,1711
2026-03-26T19:15:00+00:00,554.6999999999999,556.6299999999999,554.3299999999999,556.31,1925
2026-03-26T19:30:00+00:00,556.31,556.6099999999999,553.5099999999999,554.41,1823
2026-03-26T19:45:00+00:00,554.41,554.6099999999999,552.8899999999999,554.3399999999999,2858
2026-03-27T13:30:00+00:00,554.3399999999999,554.3399999999999,542.4,543.66,3030
2026-03-27T13:45:00+00:00,543.66,546.4799999999999,540.56,540.5799999999999,2482
2026-03-27T14:00:00+00:00,540.5799999999999,541.1899999999999,537.8299999999999,539.0899999999999,2863
2026-03-27T14:15:00+00:00,539.0899999999999,540.9,536.5099999999999,537.4699999999999,2226
2026-03-27T14:30:00+00:00,537.4699999999999,539.4999999999999,537.1999999999999,539.31,1923
2026-03-27T14:45:00+00:00,539.31,539.6999999999999,535.9,536.8399999999999,2052
2026-03-27T15:00:00+00:00,536.8399999999999,537.7199999999999,535.1899999999999,535.1899999999999,2168
2026-03-27T15:15:00+00:00,535.1899999999999,537.8199999999999,533.1999999999999,535.9399999999999,2791
2026-03-27T15:30:00+00:00,535.9399999999999,537.31,534.92,535.3699999999999,1985
2026-03-27T15:45:00+00:00,535.3699999999999,536.93,534.8,536.1399999999999,1873
2026-03-27T16:00:00+00:00,536.1399999999999,536.7499999999999,534.29,534.65,1809
2026-03-27T16:15:00+00:00,534.65,534.7399999999999,532.79,533.65,1667
2026-03-27T16:30:00+00:00,533.65,535.8699999999999,533.4699999999999,535.6899999999999,1553
2026-03-27T16:45:00+00:00,535.6899999999999,536.9899999999999,534.4499999999999,534.5199999999999,1502
2026-03-27T17:00:00+00:00,534.5199999999999,536.0799999999999,533.3599999999999,534.5899999999999,1626
2026-03-27T17:15:00+00:00,534.5899999999999,534.6999999999999,530.2299999999999,530.9599999999999,1855
2026-03-27T17:30:00+00:00,530.9599999999999,531.04,529.1999999999999,529.3199999999999,1681
2026-03-27T17:45:00+00:00,529.3199999999999,530.2299999999999,527.8199999999999,527.8199999999999,1847.21995835812
2026-03-27T18:00:00+00:00,527.8199999999999,529.81,527.05,529.41,1880
2026-03-27T18:15:00+00:00,529.41,531.1299999999999,529.3199999999999,530.7499999999999,1645
2026-03-27T18:30:00+00:00,530.7499999999999,531.9899999999999,530.3499999999999,530.9999999999999,1671
2026-03-27T18:45:00+00:00,530.9999999999999,532.14,530.0999999999999,531.28,1755
2026-03-27T19:00:00+00:00,531.28,531.76,530.1999999999999,530.65,1403
2026-03-27T19:15:00+00:00,530.65,533.3799999999999,530.1999999999999,533.14,2006
2026-03-27T19:30:00+00:00,533.14,533.9499999999999,532.3,532.9599999999999,1745
2026-03-27T19:45:00+00:00,532.9599999999999,533.31,530.9499999999999,532.64,2585
2026-03-30T13:30:00+00:00,532.64,543.8599999999999,532.64,541.4999999999999,4345
2026-03-30T13:45:00+00:00,541.4999999999999,541.76,536.41,538.1899999999999,5094
2026-03-30T14:00:00+00:00,538.1899999999999,539.16,535.3499999999999,538.64,4593
2026-03-30T14:15:00+00:00,538.64,540.56,537.43,539.43,4220
2026-03-30T14:30:00+00:00,539.43,541.2299999999999,537.18,539.03,3865
2026-03-30T14:45:00+00:00,539.03,541.6299999999999,538.31,541.4499999999999,4701
2026-03-30T15:00:00+00:00,541.4499999999999,543.3699999999999,538.9999999999999,539.0799999999999,4193
2026-03-30T15:15:00+00:00,539.0799999999999,542.0699999999999,538.52,541.0999999999999,3774
2026-03-30T15:30:00+00:00,541.0999999999999,544.8199999999999,540.8499999999999,544.7299999999999,3620
2026-03-30T15:45:00+00:00,544.7299999999999,546.31,544.3199999999999,544.6199999999999,3782
2026-03-30T16:00:00+00:00,544.6199999999999,545.64,543.4399999999999,544.6899999999999,3052
2026-03-30T16:15:00+00:00,544.6899999999999,544.77,543.51,543.51,2419
2026-03-30T16:30:00+00:00,543.51,545.1299999999999,543.3,544.3199999999999,2533
2026-03-30T16:45:00+00:00,544.3199999999999,544.3399999999999,542.0999999999999,543.81,2387
2026-03-30T17:00:00+00:00,543.81,544.92,543.6099999999999,543.64,2559
2026-03-30T17:15:00+00:00,543.64,544.56,542.3,542.7199999999999,3127
2026-03-30T17:30:00+00:00,542.7199999999999,544.2499999999999,541.92,544.01,2998
2026-03-30T17:45:00+00:00,544.01,544.64,543.3,544.5799999999999,2959
2026-03-30T18:00:00+00:00,544.5799999999999,545.89,543.68,544.6999999999999,2193
2026-03-30T18:15:00+00:00,544.6999999999999,545.68,543.8399999999999,544.06,2233
2026-03-30T18:30:00+00:00,544.06,544.9999999999999,543.52,543.7199999999999,1972
2026-03-30T18:45:00+00:00,543.7199999999999,544.04,542.5899999999999,542.81,2107
2026-03-30T19:00:00+00:00,542.81,544.03,541.06,541.1999999999999,2889
2026-03-30T19:15:00+00:00,541.1999999999999,542.27,541.16,541.7399999999999,2704
2026-03-30T19:30:00+00:00,541.7399999999999,542.42,539.9999999999999,541.43,3264
2026-03-30T19:45:00+00:00,541.43,544.1099999999999,540.8799999999999,543.29,3419
2026-03-31T13:30:00+00:00,543.29,564.1299999999999,543.29,562.01,3260
2026-03-31T13:45:00+00:00,562.01,565.7099999999999,560.9,564.0899999999999,2524
2026-03-31T14:00:00+00:00,564.0899999999999,565.39,561.8,562.65,2180
2026-03-31T14:15:00+00:00,562.65,565.18,562.27,562.41,2001
2026-03-31T14:30:00+00:00,562.41,564.6299999999999,561.92,562.65,1926
2026-03-31T14:45:00+00:00,562.65,562.8699999999999,558.3499999999999,558.89,2112
2026-03-31T15:00:00+00:00,558.89,562.14,558.3499999999999,561.9699999999999,1844
2026-03-31T15:15:00+00:00,561.9699999999999,564.6199999999999,561.4899999999999,564.1999999999999,2038
2026-03-31T15:30:00+00:00,564.1999999999999,565.52,562.5899999999999,563.42,1759
2026-03-31T15:45:00+00:00,563.42,565.3399999999999,563.1299999999999,563.29,1627
2026-03-31T16:00:00+00:00,563.29,566.9999999999999,563.1299999999999,566.6299999999999,1733
2026-03-31T16:15:00+00:00,566.6299999999999,567.77,566.02,566.8599999999999,1716
2026-03-31T16:30:00+00:00,566.8599999999999,573.1899999999999,566.5799999999999,571.55,3066
2026-03-31T16:45:00+00:00,571.55,574.18,571.03,573.15,2818
2026-03-31T17:00:00+00:00,573.15,577.1099999999999,573.1299999999999,576.9399999999999,2782
2026-03-31T17:15:00+00:00,576.9399999999999,580.3599999999999,576.6999999999999,577.03,2638
2026-03-31T17:30:00+00:00,577.03,578.8199999999999,574.89,575.42,2203
2026-03-31T17:45:00+00:00,575.42,577.3199999999999,574.89,575.52,1859
2026-03-31T18:00:00+00:00,575.52,577.76,575.3499999999999,577.5999999999999,1711
2026-03-31T18:15:00+00:00,577.5999999999999,578.28,576.3,577.8799999999999,1314
2026-03-31T18:30:00+00:00,577.8799999999999,578.77,577.14,577.3699999999999,1482
2026-03-31T18:45:00+00:00,577.3699999999999,578.7099999999999,577.1099999999999,577.1999999999999,1232
2026-03-31T19:00:00+00:00,577.1999999999999,577.4499999999999,575.53,576.7199999999999,1490
2026-03-31T19:15:00+00:00,576.7199999999999,577.4,576.3599999999999,576.77,1624
2026-03-31T19:30:00+00:00,576.77,577.8699999999999,575.4799999999999,575.9399999999999,1949
2026-03-31T19:45:00+00:00,575.9399999999999,579.3699999999999,575.3499999999999,578.68,3330
2026-04-01T13:30:00+00:00,578.68,591.67,578.68,585.56,4178
2026-04-01T13:45:00+00:00,585.56,585.9599999999999,580.6899999999999,583.9999999999999,3529
2026-04-01T14:00:00+00:00,583.9999999999999,585.9,582.92,584.14,2943
2026-04-01T14:15:00+00:00,584.14,586.91,583.4999999999999,585.9899999999999,2554
2026-04-01T14:30:00+00:00,585.9899999999999,586.65,584.05,585.01,2754
2026-04-01T14:45:00+00:00,585.01,588.9799999999999,582.9699999999999,588.6299999999999,2539
2026-04-01T15:00:00+00:00,588.6299999999999,589.15,587.4899999999999,588.27,2071
2026-04-01T15:15:00+00:00,588.27,590.4899999999999,587.64,589.9399999999999,1771
2026-04-01T15:30:00+00:00,589.9399999999999,590.41,588.7299999999999,589.8799999999999,1678
2026-04-01T15:45:00+00:00,589.8799999999999,591.1899999999999,589.42,590.1899999999999,1575
2026-04-01T16:00:00+00:00,590.1899999999999,592.66,590.18,591.56,1756
2026-04-01T16:15:00+00:00,591.56,594.8599999999999,591.29,593.81,1923
2026-04-01T16:30:00+00:00,593.81,595.3199999999999,593.4399999999999,595.14,1608
2026-04-01T16:45:00+00:00,595.14,596.5999999999999,594.1899999999999,596.27,1474
2026-04-01T17:00:00+00:00,596.27,599.1999999999999,596.1999999999999,597.77,1970
2026-04-01T17:15:00+00:00,597.77,598.2499999999999,596.3,597.31,1438
2026-04-01T17:30:00+00:00,597.31,597.39,594.65,594.8199999999999,1605
2026-04-01T17:45:00+00:00,594.8199999999999,594.9,592.92,592.93,1899
2026-04-01T18:00:00+00:00,592.93,592.9899999999999,590.1999999999999,590.4899999999999,2392
2026-04-01T18:15:00+00:00,590.4899999999999,590.5699999999999,586.0899999999999,586.3699999999999,2455
2026-04-01T18:30:00+00:00,586.3699999999999,586.7099999999999,584.68,585.2099999999999,2184
2026-04-01T18:45:00+00:00,585.2099999999999,585.53,583.2199999999999,583.8,2005
2026-04-01T19:00:00+00:00,583.8,585.4899999999999,583.8,584.7299999999999,2075
2026-04-01T19:15:00+00:00,584.7299999999999,587.6299999999999,584.31,587.4999999999999,1818
2026-04-01T19:30:00+00:00,587.4999999999999,588.41,587.05,588.05,1958
2026-04-01T19:45:00+00:00,588.05,589.4899999999999,584.5999999999999,586.2099999999999,2816
2026-04-02T13:30:00+00:00,586.2099999999999,586.2099999999999,566.3399999999999,567.6199999999999,4109
2026-04-02T13:45:00+00:00,567.6199999999999,576.18,567.42,574.02,3986
2026-04-02T14:00:00+00:00,574.02,576.5799999999999,573.4599999999999,574.7499999999999,3972
2026-04-02T14:15:00+00:00,574.7499999999999,576.64,574.02,575.89,3418
2026-04-02T14:30:00+00:00,575.89,585.05,575.31,582.7499999999999,3716
2026-04-02T14:45:00+00:00,582.7499999999999,582.8299999999999,576.89,579.0099999999999,4640.682601445247
2026-04-02T15:00:00+00:00,579.0099999999999,579.5599999999998,576.4899999999999,578.6299999999999,4589
2026-04-02T15:15:00+00:00,578.6299999999999,579.8799999999999,577.4799999999999,579.1799999999998,3908
2026-04-02T15:30:00+00:00,579.1799999999998,580.8999999999999,578.8299999999999,580.3099999999998,4020
2026-04-02T15:45:00+00:00,580.3099999999998,580.5399999999998,576.8199999999999,577.7499999999999,3749
2026-04-02T16:00:00+00:00,577.7499999999999,578.3199999999999,576.8199999999999,577.8299999999999,3084
2026-04-02T16:15:00+00:00,577.8299999999999,578.8399999999999,576.8699999999999,577.1999999999999,3100
2026-04-02T16:30:00+00:00,577.1999999999999,579.9899999999999,577.1899999999999,579.5299999999999,3156
2026-04-02T16:45:00+00:00,579.5299999999999,579.9599999999999,578.0099999999999,578.3199999999999,2267
2026-04-02T17:00:00+00:00,578.3199999999999,578.4299999999998,577.1799999999998,578.0399999999998,3081
2026-04-02T17:15:00+00:00,578.0399999999998,580.2499999999999,578.0399999999998,579.2999999999998,3012
2026-04-02T17:30:00+00:00,579.2999999999998,579.5799999999999,577.8599999999999,578.0999999999999,2812
2026-04-02T17:45:00+00:00,578.0999999999999,578.3499999999999,576.4999999999999,577.2399999999999,2974
2026-04-02T18:00:00+00:00,577.2399999999999,579.0499999999998,577.0299999999999,578.8599999999999,3078
2026-04-02T18:15:00+00:00,578.8599999999999,580.4199999999998,578.7699999999999,579.2199999999999,2402
2026-04-02T18:30:00+00:00,579.2199999999999,580.7699999999999,579.2199999999999,580.0299999999999,2283
2026-04-02T18:45:00+00:00,580.0299999999999,580.3599999999999,579.4899999999999,579.8799999999999,2062
2026-04-02T19:00:00+00:00,579.8799999999999,581.5299999999999,579.6299999999999,580.9899999999999,1845
2026-04-02T19:15:00+00:00,580.9899999999999,581.5099999999999,580.0199999999999,580.8199999999999,1173
2026-04-02T19:30:00+00:00,580.8199999999999,581.5099999999999,580.4699999999999,580.7599999999999,1297
2026-04-02T19:45:00+00:00,580.7599999999999,582.0199999999999,580.5799999999999,581.2999999999998,2075
2026-04-06T13:30:00+00:00,581.2999999999998,589.5999999999999,581.2999999999998,586.0999999999999,2761
2026-04-06T13:45:00+00:00,586.0999999999999,588.4299999999998,585.7299999999999,587.6499999999999,2463
2026-04-06T14:00:00+00:00,587.6499999999999,589.0699999999999,583.5199999999999,584.8899999999999,3035
2026-04-06T14:15:00+00:00,584.8899999999999,585.6899999999999,583.4299999999998,584.0199999999999,2337
2026-04-06T14:30:00+00:00,584.0199999999999,584.6599999999999,581.4399999999999,582.1699999999998,3021
2026-04-06T14:45:00+00:00,582.1699999999998,583.0999999999999,580.4799999999999,582.9399999999999,2610
2026-04-06T15:00:00+00:00,582.9399999999999,585.8199999999999,582.9399999999999,585.2799999999999,2581
2026-04-06T15:15:00+00:00,585.2799999999999,585.6099999999999,583.1499999999999,583.8099999999998,1934
2026-04-06T15:30:00+00:00,583.8099999999998,584.9099999999999,582.9999999999999,584.6899999999999,2162
2026-04-06T15:45:00+00:00,584.6899999999999,585.5299999999999,584.6499999999999,585.0899999999999,1581
2026-04-06T16:00:00+00:00,585.0899999999999,585.6299999999999,584.7499999999999,585.5699999999999,1837
2026-04-06T16:15:00+00:00,585.5699999999999,586.1799999999998,585.0299999999999,586.0499999999998,1377
2026-04-06T16:30:00+00:00,586.0499999999998,587.0999999999999,585.6199999999999,586.8999999999999,1391
2026-04-06T16:45:00+00:00,586.8999999999999,587.0699999999999,584.4899999999999,584.5699999999999,1480
2026-04-06T17:00:00+00:00,584.5699999999999,584.6899999999999,582.1799999999998,582.8099999999998,1986
2026-04-06T17:15:00+00:00,582.8099999999998,584.0299999999999,582.2999999999998,583.9799999999999,1761
2026-04-06T17:30:00+00:00,583.9799999999999,584.5999999999999,583.3499999999999,583.6199999999999,1730
2026-04-06T17:45:00+00:00,583.6199999999999,583.7299999999999,582.4899999999999,582.5399999999998,1411
2026-04-06T18:00:00+00:00,582.5399999999998,584.4499999999999,581.9999999999999,584.1599999999999,1912
2026-04-06T18:15:00+00:00,584.1599999999999,585.5699999999999,583.9599999999999,584.9999999999999,2151
2026-04-06T18:30:00+00:00,584.9999999999999,585.4699999999999,584.3399999999999,584.4199999999998,1757
2026-04-06T18:45:00+00:00,584.4199999999998,584.6999999999999,584.1799999999998,584.3899999999999,1115
2026-04-06T19:00:00+00:00,584.3899999999999,584.8199999999999,583.7799999999999,584.5999999999999,1210
2026-04-06T19:15:00+00:00,584.5999999999999,584.6399999999999,583.5399999999998,583.6899999999999,816
2026-04-06T19:30:00+00:00,583.6899999999999,584.0199999999999,580.8799999999999,580.8999999999999,1265
2026-04-06T19:45:00+00:00,580.8999999999999,582.0599999999998,578.9799999999999,580.4799999999999,1804
2026-04-07T13:30:00+00:00,580.4799999999999,580.4799999999999,575.2599999999999,577.8699999999999,1941
2026-04-07T13:45:00+00:00,577.8699999999999,577.8699999999999,575.9399999999999,575.9699999999999,1715
2026-04-07T14:00:00+00:00,575.9699999999999,576.1699999999998,572.5399999999998,574.9899999999999,2029
2026-04-07T14:15:00+00:00,574.9899999999999,576.9899999999999,574.3599999999999,576.7999999999998,1726
2026-04-07T14:30:00+00:00,576.7999999999998,577.1599999999999,574.1099999999999,574.1099999999999,2040
2026-04-07T14:45:00+00:00,574.1099999999999,575.6899999999999,573.3299999999999,573.3999999999999,1846
2026-04-07T15:00:00+00:00,573.3999999999999,573.3999999999999,571.7399999999999,573.1299999999999,2157
2026-04-07T15:15:00+00:00,573.1299999999999,575.0999999999999,572.9499999999999,573.6199999999999,1955
2026-04-07T15:30:00+00:00,573.6199999999999,574.4199999999998,573.0799999999999,573.0999999999999,1462
2026-04-07T15:45:00+00:00,573.0999999999999,574.3399999999999,572.7399999999999,573.9999999999999,1456
2026-04-07T16:00:00+00:00,573.9999999999999,577.0099999999999,573.8599999999999,574.8099999999998,2263
2026-04-07T16:15:00+00:00,574.8099999999998,576.0599999999998,574.3599999999999,575.9099999999999,1694
2026-04-07T16:30:00+00:00,575.9099999999999,576.9799999999999,575.3999999999999,576.1699999999998,1470
2026-04-07T16:45:00+00:00,576.1699999999998,577.3299999999999,575.5499999999998,575.9299999999998,1262
2026-04-07T17:00:00+00:00,575.9299999999998,576.6999999999999,575.5399999999998,575.5999999999999,1292
2026-04-07T17:15:00+00:00,575.5999999999999,575.8799999999999,574.5499999999998,575.0699999999999,1111
2026-04-07T17:30:00+00:00,575.0699999999999,578.5599999999998,575.0399999999998,576.6699999999998,1739
2026-04-07T17:45:00+00:00,576.6699999999998,577.3599999999999,576.3099999999998,576.5599999999998,1282
2026-04-07T18:00:00+00:00,576.5599999999998,576.7199999999999,575.9899999999999,576.3099999999998,1072
2026-04-07T18:15:00+00:00,576.3099999999998,576.5799999999999,575.0999999999999,575.6899999999999,1119
2026-04-07T18:30:00+00:00,575.6899999999999,575.7699999999999,574.3299999999999,574.7499999999999,1095
2026-04-07T18:45:00+00:00,574.7499999999999,574.7999999999998,572.7499999999999,573.0099999999999,1245
2026-04-07T19:00:00+00:00,573.0099999999999,573.8599999999999,572.4499999999999,573.7699999999999,1488
2026-04-07T19:15:00+00:00,573.7699999999999,578.1399999999999,573.7399999999999,575.9999999999999,2697
2026-04-07T19:30:00+00:00,575.9999999999999,576.8699999999999,575.1799999999998,576.4799999999999,2029
2026-04-07T19:45:00+00:00,576.4799999999999,582.3799999999999,575.7999999999998,581.7699999999999,3442
2026-04-08T13:30:00+00:00,581.7699999999999,615.4199999999998,581.7699999999999,607.3799999999999,4049
2026-04-08T13:45:00+00:00,607.3799999999999,610.0299999999999,606.1099999999999,606.9799999999999,3827
2026-04-08T14:00:00+00:00,606.9799999999999,607.2499999999999,603.1099999999999,604.2799999999999,3057
2026-04-08T14:15:00+00:00,604.2799999999999,604.9999999999999,603.1199999999999,603.1599999999999,2531
2026-04-08T14:30:00+00:00,603.1599999999999,605.5299999999999,602.2999999999998,602.2999999999998,3275
2026-04-08T14:45:00+00:00,602.2999999999998,603.5499999999998,599.6299999999999,600.7499999999999,3010.292887029289
2026-04-08T15:00:00+00:00,600.7499999999999,601.2899999999998,599.6799999999998,600.6799999999998,2842
2026-04-08T15:15:00+00:00,600.6799999999998,601.4099999999999,599.4299999999998,600.0399999999998,2155
2026-04-08T15:30:00+00:00,600.0399999999998,601.4099999999999,598.6799999999998,601.3899999999999,2257
2026-04-08T15:45:00+00:00,601.3899999999999,604.4099999999999,601.3499999999999,603.6799999999998,2072
2026-04-08T16:00:00+00:00,603.6799999999998,616.7699999999999,603.6799999999998,615.9799999999999,3115
2026-04-08T16:15:00+00:00,615.9799999999999,629.5799999999999,615.7899999999998,627.9299999999998,4115
2026-04-08T16:30:00+00:00,627.9299999999998,632.4099999999999,625.7499999999999,630.5799999999999,3160
2026-04-08T16:45:00+00:00,630.5799999999999,636.7299999999999,630.1799999999998,634.5299999999999,3055
2026-04-08T17:00:00+00:00,634.5299999999999,636.2299999999999,629.7399999999999,629.7999999999998,2623
2026-04-08T17:15:00+00:00,629.7999999999998,631.4699999999999,628.1099999999999,629.2599999999999,2098
2026-04-08T17:30:00+00:00,629.2599999999999,632.0099999999999,627.1999999999999,627.5199999999999,2053
2026-04-08T17:45:00+00:00,627.5199999999999,627.6199999999999,624.7299999999999,625.4999999999999,1680
2026-04-08T18:00:00+00:00,625.4999999999999,626.6899999999999,624.7799999999999,625.3899999999999,1531
2026-04-08T18:15:00+00:00,625.3899999999999,626.9699999999999,623.3799999999999,623.4799999999999,2102
2026-04-08T18:30:00+00:00,623.4799999999999,623.7099999999999,621.2899999999998,621.4099999999999,1536
2026-04-08T18:45:00+00:00,621.4099999999999,622.4399999999999,618.1599999999999,618.1899999999999,1726
2026-04-08T19:00:00+00:00,618.1899999999999,619.7699999999999,618.0299999999999,619.5699999999999,1711
2026-04-08T19:15:00+00:00,619.5699999999999,619.8699999999999,616.8899999999999,617.0999999999999,1649
2026-04-08T19:30:00+00:00,617.0999999999999,620.0799999999999,616.2899999999998,619.5399999999998,1862
2026-04-08T19:45:00+00:00,619.5399999999998,620.3999999999999,617.4899999999999,619.6699999999998,2497
2026-04-09T13:30:00+00:00,619.6699999999998,638.0099999999999,619.6699999999998,637.0999999999999,2826
2026-04-09T13:45:00+00:00,637.0999999999999,639.4999999999999,631.4299999999998,632.2699999999999,2795
2026-04-09T14:00:00+00:00,632.2699999999999,633.2299999999999,630.1399999999999,631.1899999999999,1965
2026-04-09T14:15:00+00:00,631.1899999999999,633.4599999999999,630.4599999999999,632.0399999999998,1961
2026-04-09T14:30:00+00:00,632.0399999999998,634.2299999999999,631.5099999999999,633.0199999999999,1726
2026-04-09T14:45:00+00:00,633.0199999999999,638.1499999999999,632.8099999999998,637.6199999999999,1988
2026-04-09T15:00:00+00:00,637.6199999999999,638.9299999999998,635.2099999999999,637.4899999999999,1684
2026-04-09T15:15:00+00:00,637.4899999999999,638.8499999999999,636.4799999999999,636.4999999999999,1632
2026-04-09T15:30:00+00:00,636.4999999999999,638.6599999999999,635.7999999999998,637.5199999999999,1985
2026-04-09T15:45:00+00:00,637.5199999999999,642.0099999999999,636.9999999999999,640.9399999999999,2266
2026-04-09T16:00:00+00:00,640.9399999999999,644.3199999999999,640.8999999999999,642.5799999999999,2013
2026-04-09T16:15:00+00:00,642.5799999999999,643.4499999999999,641.0999999999999,641.8899999999999,1501
2026-04-09T16:30:00+00:00,641.8899999999999,642.3599999999999,638.7799999999999,639.2199999999999,1381
2026-04-09T16:45:00+00:00,639.2199999999999,640.2799999999999,638.3899999999999,639.9499999999999,1442
2026-04-09T17:00:00+00:00,639.9499999999999,640.8399999999999,639.3899999999999,640.0999999999999,1321
2026-04-09T17:15:00+00:00,640.0999999999999,640.4599999999999,637.9899999999999,638.0099999999999,1392
2026-04-09T17:30:00+00:00,638.0099999999999,639.6699999999998,637.5099999999999,638.3099999999998,1272
2026-04-09T17:45:00+00:00,638.3099999999998,638.5099999999999,637.2899999999998,637.8799999999999,1244
2026-04-09T18:00:00+00:00,637.8799999999999,638.0999999999999,634.4799999999999,634.9799999999999,1925
2026-04-09T18:15:00+00:00,634.9799999999999,635.6899999999999,634.2799999999999,634.9299999999998,1580
2026-04-09T18:30:00+00:00,634.9299999999998,635.5299999999999,634.4799999999999,634.9999999999999,1270
2026-04-09T18:45:00+00:00,634.9999999999999,635.4699999999999,634.1499999999999,634.6799999999998,1197
2026-04-09T19:00:00+00:00,634.6799999999998,636.6299999999999,634.3799999999999,635.9899999999999,1073
2026-04-09T19:15:00+00:00,635.9899999999999,636.6099999999999,635.4299999999998,636.0999999999999,1257
2026-04-09T19:30:00+00:00,636.0999999999999,637.1399999999999,635.5799999999999,636.2299999999999,1300
2026-04-09T19:45:00+00:00,636.2299999999999,636.2699999999999,634.8299999999999,635.3499999999999,2125
2026-04-10T13:30:00+00:00,635.3499999999999,645.3999999999999,635.3499999999999,640.2699999999999,2677
2026-04-10T13:45:00+00:00,640.2699999999999,642.0399999999998,636.6799999999998,638.7499999999999,2205
2026-04-10T14:00:00+00:00,638.7499999999999,639.3199999999999,635.9899999999999,638.9999999999999,1931
2026-04-10T14:15:00+00:00,638.9999999999999,643.7599999999999,638.9999999999999,642.1499999999999,1965
2026-04-10T14:30:00+00:00,642.1499999999999,642.7799999999999,639.2499999999999,639.4899999999999,1722
2026-04-10T14:45:00+00:00,639.4899999999999,639.6399999999999,638.3499999999999,638.8499999999999,1662.93870789619
2026-04-10T15:00:00+00:00,638.8499999999999,639.5699999999998,637.7899999999998,638.5599999999998,1681
2026-04-10T15:15:00+00:00,638.5599999999998,639.1399999999999,637.2599999999999,637.2699999999999,1708
2026-04-10T15:30:00+00:00,637.2699999999999,637.6699999999998,633.6899999999998,633.8999999999999,2000
2026-04-10T15:45:00+00:00,633.8999999999999,634.5999999999999,632.3099999999998,632.9099999999999,1734
2026-04-10T16:00:00+00:00,632.9099999999999,633.4199999999998,631.8899999999999,633.0899999999999,1958
2026-04-10T16:15:00+00:00,633.0899999999999,635.5299999999999,632.7799999999999,634.6799999999998,1680
2026-04-10T16:30:00+00:00,634.6799999999998,635.1299999999999,633.0399999999998,633.0599999999998,1414
2026-04-10T16:45:00+00:00,633.0599999999998,635.4699999999999,632.8499999999999,634.9399999999998,1503
2026-04-10T17:00:00+00:00,634.9399999999998,634.9799999999999,633.3899999999999,634.4599999999999,1253
2026-04-10T17:15:00+00:00,634.4599999999999,634.8599999999999,633.7299999999999,633.7599999999999,1116
2026-04-10T17:30:00+00:00,633.7599999999999,634.8499999999999,633.4499999999999,634.3599999999999,1243
2026-04-10T17:45:00+00:00,634.3599999999999,634.8699999999999,634.0099999999999,634.1299999999999,1067
2026-04-10T18:00:00+00:00,634.1299999999999,634.1699999999998,631.8899999999999,632.1399999999999,1428
2026-04-10T18:15:00+00:00,632.1399999999999,632.6199999999999,631.9899999999999,631.9999999999999,1008
2026-04-10T18:30:00+00:00,631.9999999999999,632.2099999999999,631.2899999999998,631.8399999999999,1120
2026-04-10T18:45:00+00:00,631.8399999999999,632.6499999999999,631.3199999999998,632.4899999999999,994
2026-04-10T19:00:00+00:00,632.4899999999999,634.3799999999999,632.4899999999999,634.0999999999999,1143
2026-04-10T19:15:00+00:00,634.0999999999999,635.5699999999998,634.0499999999998,634.4899999999999,1400
2026-04-10T19:30:00+00:00,634.4899999999999,635.9199999999998,634.2399999999999,635.9199999999998,1442
2026-04-10T19:45:00+00:00,635.9199999999998,636.9099999999999,635.4199999999998,636.3899999999999,1846
2026-04-13T13:30:00+00:00,636.3899999999999,637.0599999999998,632.4899999999999,632.9599999999999,1781
2026-04-13T13:45:00+00:00,632.9599999999999,637.2499999999999,631.0699999999998,636.7199999999999,1965
2026-04-13T14:00:00+00:00,636.7199999999999,640.5899999999999,634.9999999999999,635.3499999999999,2021
2026-04-13T14:15:00+00:00,635.3499999999999,635.5699999999998,632.4199999999998,633.5199999999999,1893
2026-04-13T14:30:00+00:00,633.5199999999999,634.7799999999999,632.7699999999999,633.4099999999999,1581
2026-04-13T14:45:00+00:00,633.4099999999999,634.7499999999999,632.5399999999998,634.5799999999999,1296
2026-04-13T15:00:00+00:00,634.5799999999999,634.5999999999999,632.0899999999999,633.3499999999999,1469
2026-04-13T15:15:00+00:00,633.3499999999999,633.6799999999998,632.4899999999999,632.8499999999999,1284
2026-04-13T15:30:00+00:00,632.8499999999999,635.9699999999999,632.6699999999998,635.0299999999999,1367
2026-04-13T15:45:00+00:00,635.0299999999999,635.0999999999999,633.9299999999998,634.2999999999998,973
2026-04-13T16:00:00+00:00,634.2999999999998,635.1699999999998,632.9899999999999,634.0099999999999,1298
2026-04-13T16:15:00+00:00,634.0099999999999,636.3099999999998,633.6899999999998,636.1999999999999,1217
2026-04-13T16:30:00+00:00,636.1999999999999,637.7399999999999,635.2099999999999,636.3199999999998,1580
2026-04-13T16:45:00+00:00,636.3199999999998,637.5999999999999,635.7999999999998,636.8599999999999,1332
2026-04-13T17:00:00+00:00,636.8599999999999,637.4099999999999,636.2499999999999,636.8799999999999,1017
2026-04-13T17:15:00+00:00,636.8799999999999,637.1799999999998,635.9999999999999,636.8499999999999,995
2026-04-13T17:30:00+00:00,636.8499999999999,637.2099999999999,636.0499999999998,637.0099999999999,1252
2026-04-13T17:45:00+00:00,637.0099999999999,637.4099999999999,636.3299999999999,637.2899999999998,944
2026-04-13T18:00:00+00:00,637.2899999999998,638.5699999999998,637.0999999999999,638.0399999999998,1191
2026-04-13T18:15:00+00:00,638.0399999999998,638.4799999999999,637.3299999999999,638.1899999999998,1031
2026-04-13T18:30:00+00:00,638.1899999999998,639.0399999999998,638.1799999999998,638.9699999999999,887
2026-04-13T18:45:00+00:00,638.9699999999999,640.0199999999999,638.8499999999999,639.5999999999999,1104
2026-04-13T19:00:00+00:00,639.5999999999999,640.0899999999999,639.0199999999999,639.0699999999998,879
2026-04-13T19:15:00+00:00,639.0699999999998,639.5999999999999,638.8099999999998,639.1499999999999,787
2026-04-13T19:30:00+00:00,639.1499999999999,640.7599999999999,638.7099999999999,640.4099999999999,1034
2026-04-13T19:45:00+00:00,640.4099999999999,641.9799999999999,639.9999999999999,641.4699999999999,2172
2026-04-14T13:30:00+00:00,641.4699999999999,654.9799999999999,641.4699999999999,654.7599999999999,2576
2026-04-14T13:45:00+00:00,654.7599999999999,659.4399999999998,654.6399999999999,655.9199999999998,2763
2026-04-14T14:00:00+00:00,655.9199999999998,657.9699999999999,655.4499999999999,657.4099999999999,1743
2026-04-14T14:15:00+00:00,657.4099999999999,660.9099999999999,656.6599999999999,660.5699999999998,1747
2026-04-14T14:30:00+00:00,660.5699999999998,664.8299999999999,659.9899999999999,664.4099999999999,2085
2026-04-14T14:45:00+00:00,664.4099999999999,665.4699999999999,662.4399999999998,664.7899999999998,1610
2026-04-14T15:00:00+00:00,664.7899999999998,665.5399999999998,662.7499999999999,664.9299999999998,1727
2026-04-14T15:15:00+00:00,664.9299999999998,668.3399999999999,664.7199999999999,667.1499999999999,1686
2026-04-14T15:30:00+00:00,667.1499999999999,671.4699999999999,666.9999999999999,670.2999999999998,1814
2026-04-14T15:45:00+00:00,670.2999999999998,671.7999999999998,669.6699999999998,670.3599999999999,1579
2026-04-14T16:00:00+00:00,670.3599999999999,670.7599999999999,669.7499999999999,670.0099999999999,1297
2026-04-14T16:15:00+00:00,670.0099999999999,672.5399999999998,669.1799999999998,671.9399999999998,1364
2026-04-14T16:30:00+00:00,671.9399999999998,672.1899999999998,670.3199999999998,670.6699999999998,1222
2026-04-14T16:45:00+00:00,670.6699999999998,671.3799999999999,668.8399999999999,669.0599999999998,1214
2026-04-14T17:00:00+00:00,669.0599999999998,669.6899999999998,668.5899999999999,668.6099999999999,928
2026-04-14T17:15:00+00:00,668.6099999999999,669.7699999999999,668.3499999999999,668.7799999999999,919
2026-04-14T17:30:00+00:00,668.7799999999999,671.4299999999998,668.7799999999999,671.2699999999999,961
2026-04-14T17:45:00+00:00,671.2699999999999,673.1999999999999,671.0499999999998,672.5899999999999,1248
2026-04-14T18:00:00+00:00,672.5899999999999,672.8499999999999,669.2499999999999,669.3599999999999,1120
2026-04-14T18:15:00+00:00,669.3599999999999,669.5599999999998,666.8999999999999,667.0999999999999,1487
2026-04-14T18:30:00+00:00,667.0999999999999,668.3999999999999,667.0499999999998,668.0999999999999,1169
2026-04-14T18:45:00+00:00,668.0999999999999,668.1599999999999,666.9899999999999,667.8399999999999,951
2026-04-14T19:00:00+00:00,667.8399999999999,669.3099999999998,667.6299999999999,668.9199999999998,845
2026-04-14T19:15:00+00:00,668.9199999999998,669.4999999999999,668.1999999999999,668.3099999999998,1009
2026-04-14T19:30:00+00:00,668.3099999999998,668.9799999999999,666.5999999999999,667.6299999999999,1453
2026-04-14T19:45:00+00:00,667.6299999999999,669.7199999999999,667.5899999999999,669.2299999999999,2237
2026-04-15T13:30:00+00:00,669.2299999999999,677.7799999999999,669.2299999999999,671.2799999999999,2602
2026-04-15T13:45:00+00:00,671.2799999999999,678.4599999999999,671.1699999999998,678.4599999999999,2305
2026-04-15T14:00:00+00:00,678.4599999999999,680.1399999999999,676.9899999999999,679.1699999999998,2305
2026-04-15T14:15:00+00:00,679.1699999999998,682.3299999999999,678.7499999999999,681.6699999999998,1950
2026-04-15T14:30:00+00:00,681.6699999999998,683.0899999999999,679.4899999999999,680.1299999999999,2020
2026-04-15T14:45:00+00:00,680.1299999999999,681.4999999999999,679.4899999999999,680.8299999999998,1364.7872070930969
2026-04-15T15:00:00+00:00,680.8299999999998,681.6299999999998,679.0399999999997,679.5299999999997,1676
2026-04-15T15:15:00+00:00,679.5299999999997,681.2899999999997,679.2899999999997,680.6099999999998,1425
2026-04-15T15:30:00+00:00,680.6099999999998,681.7199999999998,679.5099999999998,681.2099999999998,1306
2026-04-15T15:45:00+00:00,681.2099999999998,682.9399999999998,681.1999999999998,681.7999999999997,1312
2026-04-15T16:00:00+00:00,681.7999999999997,683.7999999999997,681.3899999999998,683.7199999999998,1303
2026-04-15T16:15:00+00:00,683.7199999999998,685.4499999999998,683.4599999999998,683.6199999999998,1590
2026-04-15T16:30:00+00:00,683.6199999999998,683.7799999999997,680.2899999999997,680.2899999999997,1852
2026-04-15T16:45:00+00:00,680.2899999999997,681.4899999999998,679.3799999999998,680.6499999999997,1871
2026-04-15T17:00:00+00:00,680.6499999999997,681.5899999999998,679.8899999999998,680.6699999999997,1076
2026-04-15T17:15:00+00:00,680.6699999999997,681.4799999999998,680.1899999999998,681.1099999999998,1118
2026-04-15T17:30:00+00:00,681.1099999999998,681.7999999999997,679.4799999999998,679.6599999999997,1155
2026-04-15T17:45:00+00:00,679.6599999999997,680.2399999999998,677.8299999999998,678.1599999999997,1014
2026-04-15T18:00:00+00:00,678.1599999999997,680.4099999999997,677.9399999999998,680.2399999999998,1395
2026-04-15T18:15:00+00:00,680.2399999999998,680.5999999999998,679.2399999999998,679.5899999999998,995
2026-04-15T18:30:00+00:00,679.5899999999998,681.2899999999997,679.5499999999997,681.1299999999998,1098
2026-04-15T18:45:00+00:00,681.1299999999998,682.1099999999998,681.0799999999998,681.6099999999998,1093
2026-04-15T19:00:00+00:00,681.6099999999998,681.6699999999997,679.4699999999998,679.4699999999998,1121
2026-04-15T19:15:00+00:00,679.4699999999998,679.7499999999998,679.0499999999997,679.4999999999998,1118
2026-04-15T19:30:00+00:00,679.4999999999998,680.4999999999998,679.2499999999998,680.0199999999998,1304
2026-04-15T19:45:00+00:00,680.0199999999998,681.0199999999998,676.9899999999998,677.8399999999998,2620
2026-04-16T13:30:00+00:00,677.8399999999998,683.5599999999997,676.9899999999998,681.9999999999998,2197
2026-04-16T13:45:00+00:00,681.9999999999998,682.2099999999998,675.7299999999998,676.8799999999998,2399
2026-04-16T14:00:00+00:00,676.8799999999998,679.6799999999997,674.5099999999998,678.4999999999998,1847
2026-04-16T14:15:00+00:00,678.4999999999998,678.6899999999998,676.5099999999998,677.0099999999998,1553
2026-04-16T14:30:00+00:00,677.0099999999998,680.4199999999997,676.9799999999998,680.3399999999998,1661
2026-04-16T14:45:00+00:00,680.3399999999998,680.9999999999998,678.5599999999997,678.8499999999998,1319
2026-04-16T15:00:00+00:00,678.8499999999998,680.8999999999997,677.9999999999998,680.7799999999997,1316
2026-04-16T15:15:00+00:00,680.7799999999997,682.1799999999997,680.0199999999998,680.0299999999997,1375
2026-04-16T15:30:00+00:00,680.0299999999997,682.4899999999998,679.9399999999998,681.2999999999997,1354
2026-04-16T15:45:00+00:00,681.2999999999997,682.9999999999998,680.7099999999998,682.9099999999997,1015
2026-04-16T16:00:00+00:00,682.9099999999997,683.8699999999998,682.6699999999997,683.8299999999998,1035
2026-04-16T16:15:00+00:00,683.8299999999998,684.3899999999998,682.7199999999998,682.7299999999998,1189
2026-04-16T16:30:00+00:00,682.7299999999998,682.9999999999998,680.0899999999998,681.8099999999997,1527
2026-04-16T16:45:00+00:00,681.8099999999997,682.8599999999998,681.0799999999998,681.1799999999997,1374
2026-04-16T17:00:00+00:00,681.1799999999997,681.8899999999998,680.5299999999997,680.7799999999997,1320
2026-04-16T17:15:00+00:00,680.7799999999997,681.4899999999998,679.9799999999998,681.4099999999997,1226
2026-04-16T17:30:00+00:00,681.4099999999997,683.6199999999998,680.9299999999997,683.2599999999998,778
2026-04-16T17:45:00+00:00,683.2599999999998,683.9099999999997,681.0099999999998,681.4599999999998,1150
2026-04-16T18:00:00+00:00,681.4599999999998,681.9699999999998,680.2899999999997,680.9999999999998,1505
2026-04-16T18:15:00+00:00,680.9999999999998,681.2599999999998,678.7599999999998,679.5199999999998,1617
2026-04-16T18:30:00+00:00,679.5199999999998,681.8299999999998,679.3599999999998,681.2899999999997,1198
2026-04-16T18:45:00+00:00,681.2899999999997,681.8899999999998,680.4099999999997,681.2599999999998,943
2026-04-16T19:00:00+00:00,681.2599999999998,681.7199999999998,679.9899999999998,680.3399999999998,962
2026-04-16T19:15:00+00:00,680.3399999999998,681.0299999999997,679.9899999999998,680.2399999999998,758
2026-04-16T19:30:00+00:00,680.2399999999998,682.5699999999998,679.9899999999998,682.1999999999998,865
2026-04-16T19:45:00+00:00,682.1999999999998,684.3699999999998,681.7299999999998,683.6199999999998,1669
2026-04-17T13:30:00+00:00,683.6199999999998,692.0499999999997,682.0899999999998,691.5099999999998,1757
2026-04-17T13:45:00+00:00,691.5099999999998,694.6599999999997,690.2499999999998,691.5899999999998,1778
2026-04-17T14:00:00+00:00,691.5899999999998,693.6299999999998,690.7799999999997,693.5999999999998,1311
2026-04-17T14:15:00+00:00,693.5999999999998,694.1999999999998,689.1799999999997,689.3999999999997,1302
2026-04-17T14:30:00+00:00,689.3999999999997,693.9899999999998,689.3999999999997,692.9999999999998,1518
2026-04-17T14:45:00+00:00,692.9999999999998,694.6099999999998,692.3599999999998,693.1699999999997,1403.1566820276498
2026-04-17T15:00:00+00:00,693.1699999999997,693.1699999999997,690.0699999999998,690.4499999999998,1102
2026-04-17T15:15:00+00:00,690.4499999999998,691.0199999999998,688.8699999999998,690.6399999999998,1137
2026-04-17T15:30:00+00:00,690.6399999999998,692.3899999999998,690.0399999999997,690.1899999999998,1048
2026-04-17T15:45:00+00:00,690.1899999999998,691.3899999999998,689.7099999999998,690.1199999999998,955
2026-04-17T16:00:00+00:00,690.1199999999998,692.1499999999997,689.5699999999998,691.7599999999998,845
2026-04-17T16:15:00+00:00,691.7599999999998,692.1899999999998,690.1699999999997,691.2299999999998,762
2026-04-17T16:30:00+00:00,691.2299999999998,693.0799999999998,691.1599999999997,692.7499999999998,1033
2026-04-17T16:45:00+00:00,692.7499999999998,693.4599999999998,692.5499999999997,692.9699999999998,725
2026-04-17T17:00:00+00:00,692.9699999999998,693.2999999999997,691.2099999999998,692.3299999999998,884
2026-04-17T17:15:00+00:00,692.3299999999998,692.5999999999998,689.0499999999997,690.1699999999997,1209
2026-04-17T17:30:00+00:00,690.1699999999997,692.0399999999997,690.0199999999998,691.9899999999998,929
2026-04-17T17:45:00+00:00,691.9899999999998,692.9499999999998,690.5099999999998,691.2199999999998,945
2026-04-17T18:00:00+00:00,691.2199999999998,691.8099999999998,689.3999999999997,689.4999999999998,944
2026-04-17T18:15:00+00:00,689.4999999999998,691.0299999999997,688.9999999999998,690.0999999999998,943
2026-04-17T18:30:00+00:00,690.0999999999998,691.8899999999998,690.0999999999998,691.1199999999998,915
2026-04-17T18:45:00+00:00,691.1199999999998,691.4999999999998,690.4699999999998,690.9799999999998,845
2026-04-17T19:00:00+00:00,690.9799999999998,691.6499999999997,690.2199999999998,690.3999999999997,824
2026-04-17T19:15:00+00:00,690.3999999999997,691.8799999999998,690.3799999999998,691.2999999999997,923
2026-04-17T19:30:00+00:00,691.2999999999997,698.3399999999998,691.2999999999997,696.1299999999998,1358
2026-04-17T19:45:00+00:00,696.1299999999998,696.6099999999998,693.9799999999998,695.8099999999998,2033
2026-04-20T13:30:00+00:00,695.8099999999998,695.8099999999998,679.4999999999998,683.2399999999998,3545
2026-04-20T13:45:00+00:00,683.2399999999998,685.1199999999998,679.0199999999998,684.3999999999997,3702
2026-04-20T14:00:00+00:00,684.3999999999997,684.6499999999997,682.2599999999998,683.5299999999997,2752
2026-04-20T14:15:00+00:00,683.5299999999997,685.4699999999998,682.5699999999998,683.0199999999998,2642
2026-04-20T14:30:00+00:00,683.0199999999998,683.5299999999997,679.4799999999998,680.2999999999997,2810
2026-04-20T14:45:00+00:00,680.2999999999997,680.7799999999997,676.1899999999998,677.0499999999997,3293
2026-04-20T15:00:00+00:00,677.0499999999997,678.0299999999997,674.9699999999998,677.8799999999998,2930
2026-04-20T15:15:00+00:00,677.8799999999998,680.5099999999998,676.9899999999998,680.2499999999998,2662
2026-04-20T15:30:00+00:00,680.2499999999998,681.5399999999997,679.0999999999998,680.3799999999998,2345
2026-04-20T15:45:00+00:00,680.3799999999998,681.1099999999998,678.7499999999998,679.8099999999998,1764
2026-04-20T16:00:00+00:00,679.8099999999998,680.8599999999998,678.9699999999998,680.5199999999998,1500
2026-04-20T16:15:00+00:00,680.5199999999998,680.6999999999998,679.4699999999998,679.7499999999998,1481
2026-04-20T16:30:00+00:00,679.7499999999998,680.3899999999998,679.2199999999998,679.9299999999998,1378
2026-04-20T16:45:00+00:00,679.9299999999998,679.9399999999998,678.1799999999998,678.6799999999998,1152
2026-04-20T17:00:00+00:00,678.6799999999998,679.7899999999997,678.1699999999997,679.6699999999997,1321
2026-04-20T17:15:00+00:00,679.6699999999997,680.5299999999997,679.3499999999998,679.5799999999998,1089
2026-04-20T17:30:00+00:00,679.5799999999998,679.6499999999997,678.4999999999998,679.2299999999998,1306
2026-04-20T17:45:00+00:00,679.2299999999998,679.8799999999998,677.9799999999998,678.1199999999998,997
2026-04-20T18:00:00+00:00,678.1199999999998,679.5899999999998,677.7799999999997,679.2799999999997,1306
2026-04-20T18:15:00+00:00,679.2799999999997,680.1199999999998,679.0699999999998,679.5199999999998,1078
2026-04-20T18:30:00+00:00,679.5199999999998,679.8999999999997,678.5699999999998,678.6499999999997,1148
2026-04-20T18:45:00+00:00,678.6499999999997,679.0599999999998,677.5599999999998,677.6999999999998,1006
2026-04-20T19:00:00+00:00,677.6999999999998,677.8299999999998,676.7699999999998,677.5199999999998,1134
2026-04-20T19:15:00+00:00,677.5199999999998,678.2199999999998,677.1699999999997,677.6299999999998,1132
2026-04-20T19:30:00+00:00,677.6299999999998,678.9899999999998,677.4799999999998,678.1799999999998,1354
2026-04-20T19:45:00+00:00,678.1799999999998,678.4899999999998,676.4299999999998,678.0699999999998,2441
2026-04-21T13:30:00+00:00,678.0699999999998,681.6399999999998,674.4899999999998,680.6599999999997,1933
2026-04-21T13:45:00+00:00,680.6599999999997,681.7599999999998,679.1799999999998,681.2699999999998,1310
2026-04-21T14:00:00+00:00,681.2699999999998,683.0299999999997,679.1799999999998,681.4599999999998,1337
2026-04-21T14:15:00+00:00,681.4599999999998,682.4899999999998,680.5399999999997,681.7199999999998,1229
2026-04-21T14:30:00+00:00,681.7199999999998,682.2199999999998,680.4699999999998,680.4999999999998,1284
2026-04-21T14:45:00+00:00,680.4999999999998,680.9899999999998,678.5199999999998,678.9599999999998,1506
2026-04-21T15:00:00+00:00,678.9599999999998,679.7199999999998,676.9699999999998,679.0699999999998,1652
2026-04-21T15:15:00+00:00,679.0699999999998,680.3399999999998,678.0099999999998,679.2699999999998,1290
2026-04-21T15:30:00+00:00,679.2699999999998,679.9799999999998,677.8199999999998,679.3299999999998,1277
2026-04-21T15:45:00+00:00,679.3299999999998,679.3399999999998,677.2699999999998,678.0599999999998,1197
2026-04-21T16:00:00+00:00,678.0599999999998,678.8499999999998,677.4699999999998,677.6499999999997,1079
2026-04-21T16:15:00+00:00,677.6499999999997,679.1499999999997,677.0199999999998,677.3899999999998,932
2026-04-21T16:30:00+00:00,677.3899999999998,679.0499999999997,677.3899999999998,677.8599999999998,939
2026-04-21T16:45:00+00:00,677.8599999999998,679.0499999999997,676.9699999999998,677.0499999999997,1059
2026-04-21T17:00:00+00:00,677.0499999999997,678.4699999999998,676.0699999999998,676.2499999999998,1393
2026-04-21T17:15:00+00:00,676.2499999999998,676.8099999999998,675.4699999999998,676.0899999999998,1194
2026-04-21T17:30:00+00:00,676.0899999999998,680.9299999999998,676.0799999999998,680.8699999999998,1365
2026-04-21T17:45:00+00:00,680.8699999999998,680.9099999999997,678.9699999999998,679.5699999999998,899
2026-04-21T18:00:00+00:00,679.5699999999998,680.5099999999998,679.3599999999998,680.1999999999998,869
2026-04-21T18:15:00+00:00,680.1999999999998,680.3899999999998,677.3199999999998,677.7699999999998,940
2026-04-21T18:30:00+00:00,677.7699999999998,678.7299999999998,677.5099999999998,677.9699999999998,701
2026-04-21T18:45:00+00:00,677.9699999999998,679.7099999999998,677.3699999999998,679.2399999999998,999
2026-04-21T19:00:00+00:00,679.2399999999998,680.7099999999998,679.0199999999998,679.5799999999998,892
2026-04-21T19:15:00+00:00,679.5799999999998,681.0599999999998,679.0199999999998,680.8799999999998,969
2026-04-21T19:30:00+00:00,680.8799999999998,681.4899999999998,674.2999999999997,674.6699999999997,1575
2026-04-21T19:45:00+00:00,674.6699999999997,676.9099999999997,674.6699999999997,675.7599999999998,2322
2026-04-22T13:30:00+00:00,675.7599999999998,682.2799999999997,675.7599999999998,679.9799999999998,4518
2026-04-22T13:45:00+00:00,679.9799999999998,681.0399999999997,678.6799999999998,679.6099999999998,3792
2026-04-22T14:00:00+00:00,679.6099999999998,681.5599999999998,678.6799999999998,680.4299999999998,3603
2026-04-22T14:15:00+00:00,680.4299999999998,682.7299999999998,680.0799999999998,682.4299999999998,2973
2026-04-22T14:30:00+00:00,682.4299999999998,683.0199999999998,680.7199999999998,681.3199999999998,3341
2026-04-22T14:45:00+00:00,681.3199999999998,681.7099999999998,679.5999999999998,681.2299999999998,2619.3486842105262
2026-04-22T15:00:00+00:00,681.2299999999998,682.0699999999998,680.2399999999998,681.8199999999998,2500
2026-04-22T15:15:00+00:00,681.8199999999998,683.1199999999998,681.4599999999998,681.8799999999998,2261
2026-04-22T15:30:00+00:00,681.8799999999998,682.8999999999997,681.1199999999998,681.3099999999998,2417
2026-04-22T15:45:00+00:00,681.3099999999998,682.3999999999997,680.9899999999998,681.7999999999998,2028
2026-04-22T16:00:00+00:00,681.7999999999998,682.3499999999998,681.2199999999998,682.2099999999998,1914
2026-04-22T16:15:00+00:00,682.2099999999998,682.3399999999998,680.7799999999997,680.8199999999998,1995
2026-04-22T16:30:00+00:00,680.8199999999998,681.9399999999998,680.3099999999998,681.1799999999998,1817
2026-04-22T16:45:00+00:00,681.1799999999998,682.0099999999998,680.9499999999998,681.5399999999998,1810
2026-04-22T17:00:00+00:00,681.5399999999998,683.0299999999997,681.5299999999997,682.2499999999998,2011
2026-04-22T17:15:00+00:00,682.2499999999998,682.6499999999997,681.5699999999998,682.0399999999998,1796
2026-04-22T17:30:00+00:00,682.0399999999998,684.3499999999998,681.8499999999998,684.3499999999998,1431
2026-04-22T17:45:00+00:00,684.3499999999998,684.6799999999998,683.2599999999998,683.3799999999998,1892
2026-04-22T18:00:00+00:00,683.3799999999998,684.3299999999998,683.2499999999998,684.0899999999998,1321
2026-04-22T18:15:00+00:00,684.0899999999998,684.5699999999998,682.1599999999999,682.6399999999998,1892
2026-04-22T18:30:00+00:00,682.6399999999998,683.6099999999998,682.4799999999998,683.5099999999998,1527
2026-04-22T18:45:00+00:00,683.5099999999998,684.0499999999998,682.5599999999998,682.6699999999998,1266
2026-04-22T19:00:00+00:00,682.6699999999998,683.2699999999998,681.7499999999998,682.0999999999998,2463
2026-04-22T19:15:00+00:00,682.0999999999998,682.7699999999998,681.8099999999998,682.7599999999998,1760
2026-04-22T19:30:00+00:00,682.7599999999998,684.2699999999998,682.7299999999998,684.0299999999997,2271
2026-04-22T19:45:00+00:00,684.0299999999997,685.2699999999998,680.5699999999998,681.8599999999998,3007
2026-04-23T13:30:00+00:00,681.8599999999998,681.8599999999998,666.4499999999998,671.6999999999998,1645
2026-04-23T13:45:00+00:00,671.6999999999998,672.3199999999998,667.1499999999997,667.7999999999998,1538
2026-04-23T14:00:00+00:00,667.7999999999998,669.9799999999998,665.2299999999998,669.6799999999998,1724
2026-04-23T14:15:00+00:00,669.6799999999998,671.3499999999998,669.1799999999998,670.6899999999998,1338
2026-04-23T14:30:00+00:00,670.6899999999998,671.2999999999998,669.5899999999998,670.4899999999998,1109
2026-04-23T14:45:00+00:00,670.4899999999998,672.8099999999998,669.9499999999998,672.2599999999998,1121
2026-04-23T15:00:00+00:00,672.2599999999998,674.4599999999998,672.2599999999998,673.5399999999998,1256
2026-04-23T15:15:00+00:00,673.5399999999998,676.3599999999998,673.5399999999998,675.0699999999998,1354
2026-04-23T15:30:00+00:00,675.0699999999998,675.8499999999998,674.1499999999997,674.8599999999998,964
2026-04-23T15:45:00+00:00,674.8599999999998,674.8699999999998,672.3199999999998,672.8199999999998,1233
2026-04-23T16:00:00+00:00,672.8199999999998,673.4599999999998,671.7199999999998,672.8199999999998,824
2026-04-23T16:15:00+00:00,672.8199999999998,673.0099999999998,671.7199999999998,671.8999999999997,543
2026-04-23T16:30:00+00:00,671.8999999999997,672.7899999999998,671.8399999999998,672.0599999999998,419
2026-04-23T16:45:00+00:00,672.0599999999998,672.8699999999998,671.9499999999998,672.3699999999998,503
2026-04-23T17:00:00+00:00,672.3699999999998,672.8399999999998,668.5299999999997,668.9799999999998,1025
2026-04-23T17:15:00+00:00,668.9799999999998,669.0199999999998,664.9299999999998,664.9599999999998,1310
2026-04-23T17:30:00+00:00,664.9599999999998,674.7199999999998,661.3399999999998,661.8399999999998,1222
2026-04-23T17:45:00+00:00,661.8399999999998,664.9699999999998,660.0599999999998,664.8899999999998,1392
2026-04-23T18:00:00+00:00,664.8899999999998,666.8999999999997,663.9599999999998,665.5199999999998,1156
2026-04-23T18:15:00+00:00,665.5199999999998,666.0799999999998,664.8999999999997,665.0599999999998,857
2026-04-23T18:30:00+00:00,665.0599999999998,666.6099999999998,665.0399999999998,665.3099999999998,712
2026-04-23T18:45:00+00:00,665.3099999999998,665.8599999999998,663.9599999999998,664.3599999999998,739
2026-04-23T19:00:00+00:00,664.3599999999998,665.3699999999998,663.9799999999998,665.1299999999998,715
2026-04-23T19:15:00+00:00,665.1299999999998,666.6899999999998,665.1299999999998,666.3599999999998,621
2026-04-23T19:30:00+00:00,666.3599999999998,667.5399999999998,665.6499999999997,666.2999999999998,792
2026-04-23T19:45:00+00:00,666.2999999999998,666.8499999999998,664.6999999999998,665.8499999999998,1711
2026-04-24T13:30:00+00:00,665.8499999999998,668.8099999999998,660.7699999999998,668.4799999999998,2195
2026-04-24T13:45:00+00:00,668.4799999999998,672.2299999999998,668.4499999999998,670.4499999999998,2223
2026-04-24T14:00:00+00:00,670.4499999999998,675.9699999999998,669.7499999999998,674.4899999999998,2252
2026-04-24T14:15:00+00:00,674.4899999999998,675.4999999999998,671.4899999999998,671.9499999999998,1810
2026-04-24T14:30:00+00:00,671.9499999999998,673.3999999999997,670.6699999999998,673.1599999999999,1817
2026-04-24T14:45:00+00:00,673.1599999999999,674.8299999999998,672.4799999999998,674.2699999999998,1585.9345343413222
2026-04-24T15:00:00+00:00,674.2699999999998,674.9599999999997,673.2899999999997,674.8699999999997,1845
2026-04-24T15:15:00+00:00,674.8699999999997,679.6999999999997,674.8599999999997,679.3499999999997,1928
2026-04-24T15:30:00+00:00,679.3499999999997,681.2999999999997,678.8399999999997,680.8699999999997,2178
2026-04-24T15:45:00+00:00,680.8699999999997,683.5299999999997,680.4299999999997,682.3599999999997,2441
2026-04-24T16:00:00+00:00,682.3599999999997,683.8799999999998,681.4099999999997,681.5499999999997,1591
2026-04-24T16:15:00+00:00,681.5499999999997,682.4499999999997,680.8199999999997,682.1799999999997,1357
2026-04-24T16:30:00+00:00,682.1799999999997,683.6499999999997,682.0399999999997,682.6699999999997,1356
2026-04-24T16:45:00+00:00,682.6699999999997,686.6099999999997,682.0499999999997,686.0599999999997,1510
2026-04-24T17:00:00+00:00,686.0599999999997,687.6299999999998,686.0399999999997,686.9699999999997,1591
2026-04-24T17:15:00+00:00,686.9699999999997,687.0399999999997,684.1899999999997,684.1999999999997,1385
2026-04-24T17:30:00+00:00,684.1999999999997,685.1999999999997,683.3599999999997,684.3099999999997,1444
2026-04-24T17:45:00+00:00,684.3099999999997,685.1899999999997,683.4399999999997,684.0499999999997,1214
2026-04-24T18:00:00+00:00,684.0499999999997,684.2599999999998,682.0699999999997,682.3599999999997,1180
2026-04-24T18:15:00+00:00,682.3599999999997,682.4699999999997,681.1299999999998,681.9099999999997,1283
2026-04-24T18:30:00+00:00,681.9099999999997,682.5299999999997,681.1399999999998,681.7799999999997,1177
2026-04-24T18:45:00+00:00,681.7799999999997,683.1799999999997,681.4399999999997,683.0399999999997,1019
2026-04-24T19:00:00+00:00,683.0399999999997,684.9199999999997,682.8399999999997,684.8699999999997,1077
2026-04-24T19:15:00+00:00,684.8699999999997,685.4099999999997,684.0299999999997,684.3599999999997,1106
2026-04-24T19:30:00+00:00,684.3599999999997,684.3599999999997,682.7699999999998,683.0599999999997,1487
2026-04-24T19:45:00+00:00,683.0599999999997,683.7299999999997,681.4499999999997,682.0199999999998,1886
2026-04-27T13:30:00+00:00,682.0199999999998,684.8199999999997,677.2099999999997,684.5099999999998,2125
2026-04-27T13:45:00+00:00,684.5099999999998,685.6499999999997,679.2099999999997,679.3499999999997,1930
2026-04-27T14:00:00+00:00,679.3499999999997,681.8799999999998,678.2499999999998,681.7699999999998,1512
2026-04-27T14:15:00+00:00,681.7699999999998,683.6199999999997,680.6999999999997,683.2099999999997,1370
2026-04-27T14:30:00+00:00,683.2099999999997,685.7899999999997,682.1699999999997,684.7699999999998,1480
2026-04-27T14:45:00+00:00,684.7699999999998,688.5599999999997,684.7299999999997,688.3699999999997,1467
2026-04-27T15:00:00+00:00,688.3699999999997,689.4699999999997,685.0399999999997,685.0499999999997,1603
2026-04-27T15:15:00+00:00,685.0499999999997,685.6099999999997,682.3199999999997,683.3899999999998,1283
2026-04-27T15:30:00+00:00,683.3899999999998,683.7799999999997,680.6999999999997,680.7099999999997,1178
2026-04-27T15:45:00+00:00,680.7099999999997,682.1999999999997,679.9299999999997,681.5799999999997,1187
2026-04-27T16:00:00+00:00,681.5799999999997,682.4699999999997,681.0499999999997,681.7399999999997,903
2026-04-27T16:15:00+00:00,681.7399999999997,682.6299999999998,681.5199999999998,682.1299999999998,770
2026-04-27T16:30:00+00:00,682.1299999999998,684.1299999999998,682.1299999999998,683.9099999999997,859
2026-04-27T16:45:00+00:00,683.9099999999997,685.0499999999997,683.3499999999997,684.6599999999997,907
2026-04-27T17:00:00+00:00,684.6599999999997,686.1099999999997,684.0999999999997,685.6399999999998,870
2026-04-27T17:15:00+00:00,685.6399999999998,687.0599999999997,684.4999999999998,687.0499999999997,1014
2026-04-27T17:30:00+00:00,687.0499999999997,687.5399999999997,686.4599999999997,687.4499999999997,932
2026-04-27T17:45:00+00:00,687.4499999999997,687.5099999999998,685.5399999999997,686.3099999999997,854
2026-04-27T18:00:00+00:00,686.3099999999997,686.4399999999997,685.3999999999997,686.3699999999997,763
2026-04-27T18:15:00+00:00,686.3699999999997,686.5999999999997,685.5399999999997,685.8999999999997,774
2026-04-27T18:30:00+00:00,685.8999999999997,686.7699999999998,685.5299999999997,686.4499999999997,802
2026-04-27T18:45:00+00:00,686.4499999999997,686.7399999999997,684.5399999999997,685.4599999999997,817
2026-04-27T19:00:00+00:00,685.4599999999997,685.5499999999997,683.6199999999997,684.2399999999997,761
2026-04-27T19:15:00+00:00,684.2399999999997,685.6199999999997,684.2199999999997,685.5499999999997,728
2026-04-27T19:30:00+00:00,685.5499999999997,686.4699999999997,685.0399999999997,686.2399999999997,1206
2026-04-27T19:45:00+00:00,686.2399999999997,686.7599999999998,684.0699999999997,686.5499999999997,1820
2026-04-28T13:30:00+00:00,686.5499999999997,686.5499999999997,676.7299999999997,681.6299999999998,2536
2026-04-28T13:45:00+00:00,681.6299999999998,684.9999999999998,679.2599999999998,679.2599999999998,2608
2026-04-28T14:00:00+00:00,679.2599999999998,682.1399999999998,678.7099999999997,679.8399999999997,2474
2026-04-28T14:15:00+00:00,679.8399999999997,680.7299999999997,678.3799999999998,679.5599999999997,2274
2026-04-28T14:30:00+00:00,679.5599999999997,679.6899999999997,675.2899999999997,676.9399999999997,2284
2026-04-28T14:45:00+00:00,676.9399999999997,677.1299999999998,673.6399999999998,675.2799999999997,2700
2026-04-28T15:00:00+00:00,675.2799999999997,676.3899999999998,672.6199999999997,674.8199999999997,2161
2026-04-28T15:15:00+00:00,674.8199999999997,675.1699999999997,673.4399999999997,674.3699999999997,1806
2026-04-28T15:30:00+00:00,674.3699999999997,676.2799999999997,673.9299999999997,676.2399999999997,1392
2026-04-28T15:45:00+00:00,676.2399999999997,676.8099999999997,674.6899999999997,675.6399999999998,1312
2026-04-28T16:00:00+00:00,675.6399999999998,675.8099999999997,673.1199999999997,674.7199999999997,1457
2026-04-28T16:15:00+00:00,674.7199999999997,676.5399999999997,674.4199999999997,676.2499999999998,1078
2026-04-28T16:30:00+00:00,676.2499999999998,676.7599999999998,675.2399999999997,675.4199999999997,1078
2026-04-28T16:45:00+00:00,675.4199999999997,677.4999999999998,675.1799999999997,677.0899999999997,1138
2026-04-28T17:00:00+00:00,677.0899999999997,677.2999999999997,676.1699999999997,676.4299999999997,1042
2026-04-28T17:15:00+00:00,676.4299999999997,677.5299999999997,676.0399999999997,677.1699999999997,760
2026-04-28T17:30:00+00:00,677.1699999999997,677.8699999999997,676.6899999999997,677.1799999999997,890
2026-04-28T17:45:00+00:00,677.1799999999997,678.0499999999997,677.0799999999997,677.3399999999997,752
2026-04-28T18:00:00+00:00,677.3399999999997,678.3299999999997,677.1399999999998,678.0899999999997,782
2026-04-28T18:15:00+00:00,678.0899999999997,678.7399999999997,677.8499999999997,678.5999999999997,913
2026-04-28T18:30:00+00:00,678.5999999999997,679.0499999999997,678.0399999999997,678.6299999999998,838
2026-04-28T18:45:00+00:00,678.6299999999998,679.8099999999997,678.1399999999998,678.3099999999997,676
2026-04-28T19:00:00+00:00,678.3099999999997,678.3099999999997,676.5499999999997,677.4099999999997,841
2026-04-28T19:15:00+00:00,677.4099999999997,677.7799999999997,677.0999999999997,677.4899999999997,881
2026-04-28T19:30:00+00:00,677.4899999999997,677.6199999999997,676.1599999999997,677.3799999999998,909
2026-04-28T19:45:00+00:00,677.3799999999998,678.6499999999997,677.0499999999997,678.6199999999997,1818
2026-04-29T13:30:00+00:00,678.6199999999997,678.6199999999997,671.0599999999997,671.7099999999997,1530
2026-04-29T13:45:00+00:00,671.7099999999997,676.9199999999997,670.8399999999997,676.4899999999997,1510
2026-04-29T14:00:00+00:00,676.4899999999997,679.6199999999997,675.5399999999997,679.6199999999997,1576
2026-04-29T14:15:00+00:00,679.6199999999997,680.1699999999997,677.3399999999997,678.9099999999997,1277
2026-04-29T14:30:00+00:00,678.9099999999997,680.9099999999997,677.4499999999997,679.7599999999998,1353
2026-04-29T14:45:00+00:00,679.7599999999998,679.9899999999997,677.4499999999997,679.0599999999997,1103.91041630072
2026-04-29T15:00:00+00:00,679.0599999999997,679.1999999999997,675.7499999999998,675.8799999999998,1112
2026-04-29T15:15:00+00:00,675.8799999999998,678.9799999999997,675.5799999999997,678.7199999999997,1349
2026-04-29T15:30:00+00:00,678.7199999999997,679.1999999999997,677.4399999999997,678.0699999999997,943
2026-04-29T15:45:00+00:00,678.0699999999997,678.5499999999997,674.9299999999997,676.0499999999997,1172
2026-04-29T16:00:00+00:00,676.0499999999997,678.9899999999997,675.6499999999997,678.6399999999998,1030
2026-04-29T16:15:00+00:00,678.6399999999998,679.1099999999997,675.9399999999997,676.0599999999997,1094
2026-04-29T16:30:00+00:00,676.0599999999997,676.0599999999997,673.5699999999997,675.2699999999998,1232
2026-04-29T16:45:00+00:00,675.2699999999998,675.8299999999997,674.3499999999997,674.4999999999998,957
2026-04-29T17:00:00+00:00,674.4999999999998,677.4999999999998,674.3499999999997,677.0699999999997,964
2026-04-29T17:15:00+00:00,677.0699999999997,677.9199999999997,676.6199999999997,677.6399999999998,1034
2026-04-29T17:30:00+00:00,677.6399999999998,678.2399999999997,676.1799999999997,677.2599999999998,947
2026-04-29T17:45:00+00:00,677.2599999999998,678.8499999999997,677.0399999999997,678.7499999999998,966
2026-04-29T18:00:00+00:00,678.7499999999998,678.9099999999997,676.0399999999997,677.7699999999998,1269
2026-04-29T18:15:00+00:00,677.7699999999998,679.5799999999997,677.2599999999998,677.5999999999997,1084
2026-04-29T18:30:00+00:00,677.5999999999997,680.0599999999997,677.2799999999997,678.0999999999997,1375
2026-04-29T18:45:00+00:00,678.0999999999997,680.6099999999997,677.7399999999997,680.1699999999997,1393
2026-04-29T19:00:00+00:00,680.1699999999997,680.5599999999997,678.4099999999997,679.9599999999997,1581
2026-04-29T19:15:00+00:00,679.9599999999997,681.2499999999998,679.9499999999997,680.3399999999997,1460
2026-04-29T19:30:00+00:00,680.3399999999997,680.4999999999998,678.3399999999997,678.5799999999997,1427
2026-04-29T19:45:00+00:00,678.5799999999997,679.3899999999998,674.2699999999998,676.8999999999997,2428
2026-04-30T13:30:00+00:00,676.8999999999997,676.8999999999997,608.1899999999997,615.6599999999997,5491
2026-04-30T13:45:00+00:00,615.6599999999997,616.9999999999998,609.5499999999997,610.8999999999997,4180
2026-04-30T14:00:00+00:00,610.8999999999997,613.2499999999998,609.5399999999997,609.8399999999997,3656
2026-04-30T14:15:00+00:00,609.8399999999997,609.8399999999997,607.0399999999997,609.2499999999998,3848
2026-04-30T14:30:00+00:00,609.2499999999998,612.5499999999997,608.1399999999998,609.7099999999997,3334
2026-04-30T14:45:00+00:00,609.7099999999997,615.3299999999997,609.4699999999997,615.1499999999997,3237
2026-04-30T15:00:00+00:00,615.1499999999997,616.6099999999997,611.6399999999998,613.0599999999997,3265
2026-04-30T15:15:00+00:00,613.0599999999997,614.2599999999998,611.7899999999997,613.4899999999997,2550
2026-04-30T15:30:00+00:00,613.4899999999997,615.3499999999997,613.0399999999997,614.8799999999998,2371
2026-04-30T15:45:00+00:00,614.8799999999998,616.4999999999998,613.1499999999997,615.0399999999997,2361
2026-04-30T16:00:00+00:00,615.0399999999997,617.1199999999997,613.5099999999998,616.6899999999997,2262
2026-04-30T16:15:00+00:00,616.6899999999997,618.9799999999997,615.2499999999998,615.7299999999997,2369
2026-04-30T16:30:00+00:00,615.7299999999997,616.9399999999997,612.8199999999997,612.8199999999997,2174
2026-04-30T16:45:00+00:00,612.8199999999997,615.3799999999998,612.5699999999997,615.0599999999997,2081
2026-04-30T17:00:00+00:00,615.0599999999997,617.3199999999997,613.6399999999998,616.8099999999997,1704
2026-04-30T17:15:00+00:00,616.8099999999997,616.8199999999997,613.2399999999997,614.4799999999997,1884
2026-04-30T17:30:00+00:00,614.4799999999997,616.8699999999997,614.4799999999997,616.3999999999997,1946
2026-04-30T17:45:00+00:00,616.3999999999997,620.5999999999997,616.1999999999997,620.2799999999997,2118
2026-04-30T18:00:00+00:00,620.2799999999997,625.3299999999997,619.5899999999997,624.1499999999997,2532
2026-04-30T18:15:00+00:00,624.1499999999997,625.3899999999998,621.5899999999997,623.0799999999997,2012
2026-04-30T18:30:00+00:00,623.0799999999997,625.0799999999997,621.4899999999997,624.0499999999997,2100
2026-04-30T18:45:00+00:00,624.0499999999997,624.2099999999997,622.7199999999997,623.1499999999997,1670
2026-04-30T19:00:00+00:00,623.1499999999997,623.3299999999997,621.6499999999997,622.6099999999997,1760
2026-04-30T19:15:00+00:00,622.6099999999997,624.9699999999997,621.9899999999997,624.0399999999997,1932
2026-04-30T19:30:00+00:00,624.0399999999997,626.8699999999997,623.7099999999997,624.8499999999997,2171
2026-04-30T19:45:00+00:00,624.8499999999997,624.8499999999997,617.5499999999997,619.0699999999997,3429
2026-05-01T13:30:00+00:00,619.0699999999997,625.1999999999997,617.8199999999997,619.4099999999997,2262
2026-05-01T13:45:00+00:00,619.4099999999997,621.0799999999997,617.1799999999997,620.2399999999997,2297
2026-05-01T14:00:00+00:00,620.2399999999997,621.1999999999997,618.0499999999997,618.5999999999997,1931
2026-05-01T14:15:00+00:00,618.5999999999997,620.9699999999997,618.0399999999997,618.2599999999998,1527
2026-05-01T14:30:00+00:00,618.2599999999998,618.3599999999997,613.0999999999997,617.0699999999997,2346
2026-05-01T14:45:00+00:00,617.0699999999997,619.3399999999997,617.0399999999997,618.4899999999997,1789.1562657695542
2026-05-01T15:00:00+00:00,618.4899999999997,621.1399999999998,617.5599999999997,621.1399999999998,1787
2026-05-01T15:15:00+00:00,621.1399999999998,621.9799999999997,620.3399999999997,621.3699999999997,1515
2026-05-01T15:30:00+00:00,621.3699999999997,621.8599999999997,619.1399999999998,619.1399999999998,1476
2026-05-01T15:45:00+00:00,619.1399999999998,619.4499999999997,617.0299999999997,618.9499999999997,1562
2026-05-01T16:00:00+00:00,618.9499999999997,619.1699999999997,617.0599999999997,617.3699999999997,1271
2026-05-01T16:15:00+00:00,617.3699999999997,619.6899999999997,617.3499999999997,619.1399999999998,1333
2026-05-01T16:30:00+00:00,619.1399999999998,619.5999999999997,617.8399999999997,618.7999999999997,1093
2026-05-01T16:45:00+00:00,618.7999999999997,620.7399999999997,618.5799999999997,619.4599999999997,1155
2026-05-01T17:00:00+00:00,619.4599999999997,619.9499999999997,618.5499999999997,619.0299999999997,988
2026-05-01T17:15:00+00:00,619.0299999999997,622.6699999999997,618.9499999999997,622.6099999999997,1354
2026-05-01T17:30:00+00:00,622.6099999999997,622.9599999999997,620.6099999999997,620.9599999999997,1187
2026-05-01T17:45:00+00:00,620.9599999999997,621.1499999999997,618.8699999999997,619.0699999999997,1415
2026-05-01T18:00:00+00:00,619.0699999999997,619.1799999999997,617.6699999999997,617.9199999999997,1294
2026-05-01T18:15:00+00:00,617.9199999999997,619.0099999999998,617.4499999999997,618.7399999999997,1182
2026-05-01T18:30:00+00:00,618.7399999999997,620.5199999999998,618.0699999999997,619.1699999999997,1529
2026-05-01T18:45:00+00:00,619.1699999999997,619.9199999999997,617.7899999999997,618.1299999999997,1200
2026-05-01T19:00:00+00:00,618.1299999999997,618.7399999999997,616.5199999999998,616.7099999999997,1331
2026-05-01T19:15:00+00:00,616.7099999999997,618.4499999999997,616.6499999999997,618.1999999999997,1354
2026-05-01T19:30:00+00:00,618.1999999999997,619.6199999999997,618.0499999999997,619.4599999999997,1377
2026-05-01T19:45:00+00:00,619.4599999999997,619.6899999999997,615.2099999999997,615.9899999999997,1697
2026-05-04T13:30:00+00:00,615.9899999999997,615.9899999999997,611.3699999999997,612.6199999999997,2275
2026-05-04T13:45:00+00:00,612.6199999999997,613.5499999999997,611.0899999999997,611.1199999999997,1894
2026-05-04T14:00:00+00:00,611.1199999999997,612.4799999999997,609.7999999999997,612.1499999999997,1823
2026-05-04T14:15:00+00:00,612.1499999999997,614.5099999999998,612.0599999999997,612.6599999999997,1439
2026-05-04T14:30:00+00:00,612.6599999999997,617.2499999999997,612.3999999999997,616.9199999999997,1592
2026-05-04T14:45:00+00:00,616.9199999999997,620.3299999999997,616.5599999999997,619.4099999999997,1964
2026-05-04T15:00:00+00:00,619.4099999999997,620.7499999999997,617.7299999999997,618.1199999999997,1616
2026-05-04T15:15:00+00:00,618.1199999999997,618.5999999999997,614.0099999999998,615.1299999999997,1912
2026-05-04T15:30:00+00:00,615.1299999999997,615.6299999999997,613.4399999999997,615.4799999999997,1399
2026-05-04T15:45:00+00:00,615.4799999999997,617.6899999999997,614.8399999999997,615.2399999999997,1465
2026-05-04T16:00:00+00:00,615.2399999999997,616.5399999999997,614.0699999999997,615.7799999999997,1373
2026-05-04T16:15:00+00:00,615.7799999999997,619.0599999999997,615.3399999999997,618.1499999999997,1384
2026-05-04T16:30:00+00:00,618.1499999999997,619.3599999999997,617.8399999999997,618.5399999999997,1161
2026-05-04T16:45:00+00:00,618.5399999999997,618.5399999999997,616.5999999999997,617.5599999999997,1129
2026-05-04T17:00:00+00:00,617.5599999999997,619.3499999999997,617.1599999999997,618.1099999999997,1046
2026-05-04T17:15:00+00:00,618.1099999999997,619.7899999999997,617.9799999999997,618.8699999999997,1067
2026-05-04T17:30:00+00:00,618.8699999999997,619.6799999999997,618.2499999999997,619.5299999999997,1013
2026-05-04T17:45:00+00:00,619.5299999999997,620.9099999999997,618.7399999999997,620.2099999999997,1159
2026-05-04T18:00:00+00:00,620.2099999999997,620.9099999999997,619.1299999999997,619.2899999999997,846
2026-05-04T18:15:00+00:00,619.2899999999997,619.6999999999997,618.0699999999997,619.1199999999997,912
2026-05-04T18:30:00+00:00,619.1199999999997,619.7999999999997,618.6299999999997,619.0799999999997,714
2026-05-04T18:45:00+00:00,619.0799999999997,619.3699999999997,617.5599999999997,618.6899999999997,895
2026-05-04T19:00:00+00:00,618.6899999999997,619.1699999999997,617.2299999999997,618.4799999999997,975
2026-05-04T19:15:00+00:00,618.4799999999997,619.3499999999997,617.8899999999998,619.2599999999998,801
2026-05-04T19:30:00+00:00,619.2599999999998,620.1899999999997,618.3999999999997,618.5699999999997,1047
2026-05-04T19:45:00+00:00,618.5699999999997,619.2099999999997,617.0599999999997,617.5899999999997,1665
2026-05-05T13:30:00+00:00,617.5899999999997,621.0599999999997,613.1799999999997,613.5599999999997,2131
2026-05-05T13:45:00+00:00,613.5599999999997,615.4699999999997,612.8999999999997,613.8899999999998,1967
2026-05-05T14:00:00+00:00,613.8899999999998,614.8399999999997,611.9799999999997,612.1899999999997,1825
2026-05-05T14:15:00+00:00,612.1899999999997,612.2899999999997,610.5599999999997,611.4499999999997,1892
2026-05-05T14:30:00+00:00,611.4499999999997,613.0399999999997,610.9099999999997,611.5699999999997,1412
2026-05-05T14:45:00+00:00,611.5699999999997,611.7199999999997,609.0499999999997,609.8499999999997,1746
2026-05-05T15:00:00+00:00,609.8499999999997,610.4599999999997,608.4899999999997,609.7999999999997,1512
2026-05-05T15:15:00+00:00,609.7999999999997,611.5499999999997,608.7599999999998,611.5199999999998,1359
2026-05-05T15:30:00+00:00,611.5199999999998,612.1299999999997,610.7599999999998,611.0599999999997,1129
2026-05-05T15:45:00+00:00,611.0599999999997,611.6199999999997,609.1099999999997,609.1999999999997,1083
2026-05-05T16:00:00+00:00,609.1999999999997,609.6899999999997,607.9099999999997,607.9299999999997,1200
2026-05-05T16:15:00+00:00,607.9299999999997,609.3199999999997,607.3999999999997,608.3999999999997,1242
2026-05-05T16:30:00+00:00,608.3999999999997,608.9599999999997,607.8199999999997,608.8199999999997,1047
2026-05-05T16:45:00+00:00,608.8199999999997,608.9899999999997,608.0799999999997,608.6699999999997,785
2026-05-05T17:00:00+00:00,608.6699999999997,608.8099999999997,608.1999999999997,608.4399999999997,779
2026-05-05T17:15:00+00:00,608.4399999999997,609.3799999999997,608.3599999999997,609.1199999999997,869
2026-05-05T17:30:00+00:00,609.1199999999997,610.4199999999997,609.1199999999997,610.2299999999997,786
2026-05-05T17:45:00+00:00,610.2299999999997,611.4699999999997,609.9599999999997,610.4699999999997,900
2026-05-05T18:00:00+00:00,610.4699999999997,611.6199999999997,610.3599999999997,611.6099999999997,800
2026-05-05T18:15:00+00:00,611.6099999999997,612.0999999999997,609.7399999999997,609.7599999999998,733
2026-05-05T18:30:00+00:00,609.7599999999998,610.1399999999998,609.3499999999997,609.3599999999997,811
2026-05-05T18:45:00+00:00,609.3599999999997,609.4499999999997,607.7699999999998,608.0599999999997,938
2026-05-05T19:00:00+00:00,608.0599999999997,610.4399999999997,607.5799999999997,610.2899999999997,960
2026-05-05T19:15:00+00:00,610.2899999999997,612.8999999999997,610.1199999999997,612.7399999999997,1237
2026-05-05T19:30:00+00:00,612.7399999999997,613.7599999999998,612.3899999999998,612.7099999999997,1129
2026-05-05T19:45:00+00:00,612.7099999999997,613.5599999999997,610.7999999999997,612.1199999999997,1597
2026-05-06T13:30:00+00:00,612.1199999999997,612.1199999999997,605.1499999999997,606.3699999999997,2525
2026-05-06T13:45:00+00:00,606.3699999999997,611.3899999999998,605.8499999999997,610.5999999999997,2106
2026-05-06T14:00:00+00:00,610.5999999999997,620.6299999999997,610.5999999999997,619.0799999999997,2522
2026-05-06T14:15:00+00:00,619.0799999999997,625.5299999999997,618.9499999999997,621.3599999999997,2767
2026-05-06T14:30:00+00:00,621.3599999999997,626.9099999999997,620.1999999999997,626.2099999999997,2060
2026-05-06T14:45:00+00:00,626.2099999999997,626.2699999999998,622.3699999999997,624.0899999999998,1811.9657829839703
2026-05-06T15:00:00+00:00,624.0899999999998,625.2699999999998,620.1199999999998,620.8499999999998,1580
2026-05-06T15:15:00+00:00,620.8499999999998,621.8499999999998,619.2099999999998,619.7299999999998,1469
2026-05-06T15:30:00+00:00,619.7299999999998,621.9199999999997,619.5999999999998,620.3899999999998,1260
2026-05-06T15:45:00+00:00,620.3899999999998,621.3299999999998,619.6399999999998,620.1499999999997,936
2026-05-06T16:00:00+00:00,620.1499999999997,620.3599999999998,618.8999999999997,620.1999999999998,875
2026-05-06T16:15:00+00:00,620.1999999999998,620.4199999999997,619.4799999999998,619.6599999999997,883
2026-05-06T16:30:00+00:00,619.6599999999997,619.8699999999998,618.3199999999998,618.9499999999998,900
2026-05-06T16:45:00+00:00,618.9499999999998,619.3299999999998,617.6899999999998,619.1299999999998,894
2026-05-06T17:00:00+00:00,619.1299999999998,621.0399999999997,618.7799999999997,620.3099999999998,860
2026-05-06T17:15:00+00:00,620.3099999999998,620.9099999999997,619.7299999999998,620.3899999999998,732
2026-05-06T17:30:00+00:00,620.3899999999998,620.4499999999998,618.5899999999998,618.9199999999997,876
2026-05-06T17:45:00+00:00,618.9199999999997,620.2999999999997,618.5999999999998,619.9499999999998,632
2026-05-06T18:00:00+00:00,619.9499999999998,621.2799999999997,619.1199999999998,621.0099999999998,604
2026-05-06T18:15:00+00:00,621.0099999999998,621.3199999999998,620.3099999999998,621.2899999999997,628
2026-05-06T18:30:00+00:00,621.2899999999997,622.4199999999997,621.0999999999998,621.4999999999998,875
2026-05-06T18:45:00+00:00,621.4999999999998,622.0099999999998,620.9699999999998,621.8499999999998,784
2026-05-06T19:00:00+00:00,621.8499999999998,622.3899999999998,619.8799999999998,620.0499999999997,767
2026-05-06T19:15:00+00:00,620.0499999999997,620.0799999999998,619.1699999999997,619.6199999999998,759
2026-05-06T19:30:00+00:00,619.6199999999998,619.7499999999998,619.0999999999998,619.2299999999998,989
2026-05-06T19:45:00+00:00,619.2299999999998,620.6599999999997,618.7599999999998,619.3599999999998,1907
2026-05-07T13:30:00+00:00,619.3599999999998,630.0999999999998,619.3599999999998,628.2399999999998,1604
2026-05-07T13:45:00+00:00,628.2399999999998,629.6699999999997,626.5299999999997,629.3399999999998,1124
2026-05-07T14:00:00+00:00,629.3399999999998,631.7799999999997,628.4299999999997,628.7999999999997,1234
2026-05-07T14:15:00+00:00,628.7999999999997,629.8299999999998,627.3499999999998,627.9399999999998,954
2026-05-07T14:30:00+00:00,627.9399999999998,628.4299999999997,626.6999999999998,628.2999999999997,936
2026-05-07T14:45:00+00:00,628.2999999999997,631.9999999999998,628.2999999999997,629.9599999999998,1067
2026-05-07T15:00:00+00:00,629.9599999999998,631.2599999999998,628.3299999999998,629.7299999999998,925
2026-05-07T15:15:00+00:00,629.7299999999998,630.8099999999998,628.3299999999998,628.3699999999998,851
2026-05-07T15:30:00+00:00,628.3699999999998,629.5899999999998,627.4799999999998,627.9799999999998,791
2026-05-07T15:45:00+00:00,627.9799999999998,630.4199999999997,627.9799999999998,628.8199999999998,804
2026-05-07T16:00:00+00:00,628.8199999999998,629.2699999999998,625.3999999999997,625.7799999999997,876
2026-05-07T16:15:00+00:00,625.7799999999997,627.0699999999998,623.4099999999997,626.8099999999998,1007
2026-05-07T16:30:00+00:00,626.8099999999998,626.8699999999998,624.7099999999998,625.5999999999998,722
2026-05-07T16:45:00+00:00,625.5999999999998,625.6899999999998,623.1299999999998,623.8199999999998,664
2026-05-07T17:00:00+00:00,623.8199999999998,625.0799999999998,621.4299999999997,622.2799999999997,693
2026-05-07T17:15:00+00:00,622.2799999999997,623.4999999999998,620.7099999999998,621.6699999999997,779
2026-05-07T17:30:00+00:00,621.6699999999997,622.6899999999998,621.0999999999998,621.4399999999998,601
2026-05-07T17:45:00+00:00,621.4399999999998,623.2599999999998,620.5999999999998,622.9199999999997,486
2026-05-07T18:00:00+00:00,622.9199999999997,623.3999999999997,621.4999999999998,623.2299999999998,559
2026-05-07T18:15:00+00:00,623.2299999999998,624.1699999999997,623.0399999999997,623.6999999999998,473
2026-05-07T18:30:00+00:00,623.6999999999998,624.1299999999998,622.5399999999997,622.5399999999997,550
2026-05-07T18:45:00+00:00,622.5399999999997,624.3299999999998,622.5399999999997,624.1399999999998,606
2026-05-07T19:00:00+00:00,624.1399999999998,624.2099999999998,623.0999999999998,623.6199999999998,595
2026-05-07T19:15:00+00:00,623.6199999999998,623.6199999999998,622.0999999999998,622.8099999999998,825
2026-05-07T19:30:00+00:00,622.8099999999998,623.9999999999998,622.2999999999997,623.8099999999998,758
2026-05-07T19:45:00+00:00,623.8099999999998,624.9899999999998,622.1199999999998,624.1699999999997,1305
2026-05-08T13:30:00+00:00,624.1699999999997,624.1699999999997,619.5999999999998,620.7499999999998,1171
2026-05-08T13:45:00+00:00,620.7499999999998,623.2199999999998,619.9699999999998,621.0499999999997,991
2026-05-08T14:00:00+00:00,621.0499999999997,623.5999999999998,619.3999999999997,623.0899999999998,1183
2026-05-08T14:15:00+00:00,623.0899999999998,623.0899999999998,619.8599999999998,619.8599999999998,1116
2026-05-08T14:30:00+00:00,619.8599999999998,620.5499999999997,619.1099999999998,619.4899999999998,908
2026-05-08T14:45:00+00:00,619.4899999999998,619.8799999999998,618.1099999999998,618.4299999999997,812.6730274442539
2026-05-08T15:00:00+00:00,618.4299999999997,618.4299999999997,616.4399999999997,616.9699999999997,1155
2026-05-08T15:15:00+00:00,616.9699999999997,617.1999999999997,615.0099999999998,615.5399999999997,1145
2026-05-08T15:30:00+00:00,615.5399999999997,615.9399999999997,614.2999999999997,614.3199999999997,1228
2026-05-08T15:45:00+00:00,614.3199999999997,614.7699999999998,612.9799999999997,614.0099999999998,1175
2026-05-08T16:00:00+00:00,614.0099999999998,617.1499999999997,613.9699999999997,616.7899999999997,976
2026-05-08T16:15:00+00:00,616.7899999999997,617.0999999999997,614.9199999999997,615.0399999999997,780
2026-05-08T16:30:00+00:00,615.0399999999997,615.4399999999997,614.4199999999997,614.6399999999998,705
2026-05-08T16:45:00+00:00,614.6399999999998,616.1299999999998,614.6399999999998,615.6199999999997,649
2026-05-08T17:00:00+00:00,615.6199999999997,616.4799999999997,615.4199999999997,616.3199999999997,712
2026-05-08T17:15:00+00:00,616.3199999999997,616.9999999999997,616.1699999999997,616.6699999999997,764
2026-05-08T17:30:00+00:00,616.6699999999997,616.8299999999997,615.6099999999997,615.6099999999997,714
2026-05-08T17:45:00+00:00,615.6099999999997,617.6599999999997,615.6099999999997,617.3199999999997,646
2026-05-08T18:00:00+00:00,617.3199999999997,618.2899999999997,616.9299999999997,617.4399999999997,633
2026-05-08T18:15:00+00:00,617.4399999999997,618.3399999999997,616.9199999999997,618.1199999999997,512
2026-05-08T18:30:00+00:00,618.1199999999997,618.2799999999997,616.5299999999997,616.7199999999997,644
2026-05-08T18:45:00+00:00,616.7199999999997,617.0699999999997,615.6199999999997,616.1699999999997,628
2026-05-08T19:00:00+00:00,616.1699999999997,617.1499999999997,615.9199999999997,616.4899999999997,520
2026-05-08T19:15:00+00:00,616.4899999999997,617.2999999999997,616.4699999999997,616.9399999999997,570
2026-05-08T19:30:00+00:00,616.9399999999997,617.7199999999997,616.7999999999997,617.4399999999997,824
2026-05-08T19:45:00+00:00,617.4399999999997,617.7799999999997,615.7899999999997,616.4399999999997,1284
2026-05-11T13:30:00+00:00,616.4399999999997,616.4399999999997,606.8199999999997,607.7099999999997,1869
2026-05-11T13:45:00+00:00,607.7099999999997,608.8299999999997,606.7299999999997,607.7699999999998,1525
2026-05-11T14:00:00+00:00,607.7699999999998,609.9199999999997,607.5999999999997,609.0399999999997,1132
2026-05-11T14:15:00+00:00,609.0399999999997,610.4399999999997,608.9199999999997,609.1899999999997,1164
2026-05-11T14:30:00+00:00,609.1899999999997,609.9899999999997,608.0399999999997,608.9399999999997,1133
2026-05-11T14:45:00+00:00,608.9399999999997,608.9599999999997,607.0199999999998,608.2999999999997,1090
2026-05-11T15:00:00+00:00,608.2999999999997,608.6099999999997,607.0299999999997,607.4599999999997,1034
2026-05-11T15:15:00+00:00,607.4599999999997,609.5899999999997,607.2199999999997,609.3199999999997,1051
2026-05-11T15:30:00+00:00,609.3199999999997,609.9999999999997,608.9199999999997,609.4199999999997,1108
2026-05-11T15:45:00+00:00,609.4199999999997,611.4699999999997,609.3699999999997,610.1199999999997,1050
2026-05-11T16:00:00+00:00,610.1199999999997,610.2299999999997,608.6999999999997,609.6599999999997,836
2026-05-11T16:15:00+00:00,609.6599999999997,610.6599999999997,609.4199999999997,609.4699999999997,1164
2026-05-11T16:30:00+00:00,609.4699999999997,611.2599999999998,609.4699999999997,610.4199999999997,1030
2026-05-11T16:45:00+00:00,610.4199999999997,610.7599999999998,609.0199999999998,609.2699999999998,969
2026-05-11T17:00:00+00:00,609.2699999999998,609.3499999999997,607.2499999999997,607.4799999999997,1030
2026-05-11T17:15:00+00:00,607.4799999999997,608.4099999999997,606.7999999999997,608.1399999999998,985
2026-05-11T17:30:00+00:00,608.1399999999998,609.8199999999997,608.1299999999998,609.8199999999997,802
2026-05-11T17:45:00+00:00,609.8199999999997,610.0399999999997,609.3199999999997,609.6299999999998,709
2026-05-11T18:00:00+00:00,609.6299999999998,610.2599999999998,608.9199999999997,609.0099999999998,824
2026-05-11T18:15:00+00:00,609.0099999999998,609.1199999999997,607.0199999999998,607.4799999999997,933
2026-05-11T18:30:00+00:00,607.4799999999997,607.4799999999997,605.5699999999997,606.1199999999997,1232
2026-05-11T18:45:00+00:00,606.1199999999997,607.4199999999997,605.9199999999997,606.1999999999997,906
2026-05-11T19:00:00+00:00,606.1999999999997,606.6199999999997,605.5499999999997,606.2699999999998,875
2026-05-11T19:15:00+00:00,606.2699999999998,606.4999999999997,605.5699999999997,606.1499999999997,980
2026-05-11T19:30:00+00:00,606.1499999999997,606.7099999999997,605.3699999999997,605.5899999999997,1061
2026-05-11T19:45:00+00:00,605.5899999999997,606.7599999999998,604.9899999999997,605.6899999999997,1740
2026-05-12T13:30:00+00:00,605.6899999999997,605.7999999999997,599.5199999999998,604.9699999999997,1795
2026-05-12T13:45:00+00:00,604.9699999999997,607.4999999999997,603.5699999999997,606.9699999999997,1290
2026-05-12T14:00:00+00:00,606.9699999999997,607.5799999999997,604.5799999999997,607.0999999999997,994
2026-05-12T14:15:00+00:00,607.0999999999997,610.5199999999998,607.0799999999997,608.7499999999997,1406
2026-05-12T14:30:00+00:00,608.7499999999997,610.3599999999997,608.1699999999997,609.5599999999997,1137
2026-05-12T14:45:00+00:00,609.5599999999997,609.5599999999997,606.9199999999997,607.5899999999997,826
2026-05-12T15:00:00+00:00,607.5899999999997,608.5399999999997,607.0199999999998,607.0699999999997,852
2026-05-12T15:15:00+00:00,607.0699999999997,608.6899999999997,606.9299999999997,608.5899999999997,866
2026-05-12T15:30:00+00:00,608.5899999999997,608.6199999999997,606.4299999999997,607.8499999999997,673
2026-05-12T15:45:00+00:00,607.8499999999997,608.4299999999997,606.9199999999997,607.3299999999997,608
2026-05-12T16:00:00+00:00,607.3299999999997,607.5099999999998,606.1699999999997,606.9299999999997,825
2026-05-12T16:15:00+00:00,606.9299999999997,607.7899999999997,606.5199999999998,606.8199999999997,560
2026-05-12T16:30:00+00:00,606.8199999999997,608.3799999999998,606.2199999999997,607.8199999999997,626
2026-05-12T16:45:00+00:00,607.8199999999997,607.9799999999997,606.4199999999997,606.7499999999997,658
2026-05-12T17:00:00+00:00,606.7499999999997,607.0299999999997,604.0299999999997,604.1299999999998,849
2026-05-12T17:15:00+00:00,604.1299999999998,606.2299999999997,603.5199999999998,605.6599999999997,868
2026-05-12T17:30:00+00:00,605.6599999999997,606.9599999999997,605.2299999999997,606.7299999999997,574
2026-05-12T17:45:00+00:00,606.7299999999997,607.4199999999997,606.2199999999997,607.2699999999998,519
2026-05-12T18:00:00+00:00,607.2699999999998,607.3199999999997,605.9199999999997,606.7299999999997,663
2026-05-12T18:15:00+00:00,606.7299999999997,607.6499999999997,606.2599999999998,607.1799999999997,520
2026-05-12T18:30:00+00:00,607.1799999999997,607.2999999999997,605.9199999999997,606.1699999999997,601
2026-05-12T18:45:00+00:00,606.1699999999997,606.9499999999997,605.9199999999997,606.5499999999997,651
2026-05-12T19:00:00+00:00,606.5499999999997,607.3399999999997,605.8199999999997,607.2899999999997,667
2026-05-12T19:15:00+00:00,607.2899999999997,609.3099999999997,606.9499999999997,609.1099999999997,729
2026-05-12T19:30:00+00:00,609.1099999999997,609.6199999999997,608.0599999999997,609.6099999999997,733
2026-05-12T19:45:00+00:00,609.6099999999997,610.3399999999997,608.5499999999997,610.0399999999997,1389
2026-05-13T13:30:00+00:00,610.0399999999997,610.0399999999997,603.9199999999997,607.8199999999997,1451
2026-05-13T13:45:00+00:00,607.8199999999997,612.8499999999997,603.5999999999997,612.3399999999997,1664
2026-05-13T14:00:00+00:00,612.3399999999997,616.2399999999997,611.5099999999998,612.9199999999997,1678
2026-05-13T14:15:00+00:00,612.9199999999997,613.9299999999997,612.2899999999997,612.9799999999997,899
2026-05-13T14:30:00+00:00,612.9799999999997,613.1599999999997,609.8499999999997,611.6999999999997,1029
2026-05-13T14:45:00+00:00,611.6999999999997,612.8599999999997,611.3199999999997,611.3199999999997,784.5991561181435
2026-05-13T15:00:00+00:00,611.3199999999997,612.1999999999997,610.5199999999998,610.8199999999997,696
2026-05-13T15:15:00+00:00,610.8199999999997,613.6699999999997,610.4199999999997,612.9799999999997,767
2026-05-13T15:30:00+00:00,612.9799999999997,615.8299999999997,612.2799999999997,615.8299999999997,859
2026-05-13T15:45:00+00:00,615.8299999999997,615.8899999999996,613.6499999999997,615.1699999999997,854
2026-05-13T16:00:00+00:00,615.1699999999997,616.8799999999997,614.7099999999997,616.6199999999997,995
2026-05-13T16:15:00+00:00,616.6199999999997,619.3999999999997,616.2099999999997,619.2499999999997,1163
2026-05-13T16:30:00+00:00,619.2499999999997,620.0799999999997,618.2499999999997,618.4299999999997,1162
2026-05-13T16:45:00+00:00,618.4299999999997,622.3399999999997,618.2499999999997,622.3199999999997,1135
2026-05-13T17:00:00+00:00,622.3199999999997,623.3899999999996,621.6399999999996,621.9699999999997,1280
2026-05-13T17:15:00+00:00,621.9699999999997,622.4999999999997,621.1199999999997,622.1599999999997,845
2026-05-13T17:30:00+00:00,622.1599999999997,622.7499999999997,621.3499999999997,622.4199999999997,770
2026-05-13T17:45:00+00:00,622.4199999999997,623.4999999999997,621.8099999999997,621.8799999999997,705
2026-05-13T18:00:00+00:00,621.8799999999997,624.3499999999997,621.5599999999997,624.2699999999998,877
2026-05-13T18:15:00+00:00,624.2699999999998,625.2599999999996,624.1299999999997,624.5299999999997,955
2026-05-13T18:30:00+00:00,624.5299999999997,626.6299999999997,624.0399999999997,625.4299999999997,1073
2026-05-13T18:45:00+00:00,625.4299999999997,626.1799999999997,623.8099999999997,623.8299999999997,904
2026-05-13T19:00:00+00:00,623.8299999999997,624.4599999999997,623.4699999999997,624.1199999999997,811
2026-05-13T19:15:00+00:00,624.1199999999997,625.0299999999997,622.9699999999997,623.4099999999997,925
2026-05-13T19:30:00+00:00,623.4099999999997,624.1299999999997,623.1499999999997,623.7699999999998,938
2026-05-13T19:45:00+00:00,623.7699999999998,623.9099999999997,622.0699999999997,623.5699999999997,1474
2026-05-14T13:30:00+00:00,623.5699999999997,625.3999999999997,620.8299999999997,624.1899999999997,1372
2026-05-14T13:45:00+00:00,624.1899999999997,626.1899999999997,622.3099999999997,624.2699999999998,1148
2026-05-14T14:00:00+00:00,624.2699999999998,629.6499999999997,624.2599999999996,627.2699999999998,1484
2026-05-14T14:15:00+00:00,627.2699999999998,629.8699999999997,626.7499999999997,628.4799999999997,1138
2026-05-14T14:30:00+00:00,628.4799999999997,628.9399999999997,624.6599999999997,626.8099999999997,1047
2026-05-14T14:45:00+00:00,626.8099999999997,628.9399999999997,626.8099999999997,626.9999999999997,932
2026-05-14T15:00:00+00:00,626.9999999999997,629.0899999999997,626.9999999999997,628.9899999999997,1063
2026-05-14T15:15:00+00:00,628.9899999999997,629.5499999999997,627.3099999999997,628.5699999999997,969
2026-05-14T15:30:00+00:00,628.5699999999997,629.6799999999997,628.1499999999997,628.5299999999997,870
2026-05-14T15:45:00+00:00,628.5299999999997,628.5899999999997,627.4999999999997,628.1999999999997,570
2026-05-14T16:00:00+00:00,628.1999999999997,630.3599999999997,628.1799999999997,628.3799999999997,961
2026-05-14T16:15:00+00:00,628.3799999999997,630.4399999999997,627.4299999999997,627.6899999999997,789
2026-05-14T16:30:00+00:00,627.6899999999997,627.9299999999997,626.3099999999997,627.0299999999997,703
2026-05-14T16:45:00+00:00,627.0299999999997,627.5399999999997,625.4299999999997,626.1699999999997,698
2026-05-14T17:00:00+00:00,626.1699999999997,626.5599999999997,625.7099999999997,625.7899999999997,668
2026-05-14T17:15:00+00:00,625.7899999999997,626.2199999999997,624.8099999999997,625.8899999999996,1435
2026-05-14T17:30:00+00:00,625.8899999999996,626.6699999999997,625.1099999999997,625.6999999999997,1154
2026-05-14T17:45:00+00:00,625.6999999999997,626.1999999999997,625.3599999999997,625.5999999999997,525
2026-05-14T18:00:00+00:00,625.5999999999997,625.5999999999997,624.1599999999997,624.2799999999997,614
2026-05-14T18:15:00+00:00,624.2799999999997,625.0999999999997,622.4999999999997,622.6999999999997,749
2026-05-14T18:30:00+00:00,622.6999999999997,623.1199999999997,622.1499999999997,622.8999999999997,689
2026-05-14T18:45:00+00:00,622.8999999999997,623.9299999999997,622.5599999999997,623.3399999999997,1112
2026-05-14T19:00:00+00:00,623.3399999999997,624.5699999999997,623.2699999999998,623.8799999999997,1076
2026-05-14T19:15:00+00:00,623.8799999999997,624.6599999999997,623.5099999999996,623.8999999999997,1003
2026-05-14T19:30:00+00:00,623.8999999999997,624.7299999999997,623.8899999999996,624.4799999999997,971
2026-05-14T19:45:00+00:00,624.4799999999997,625.4999999999997,624.3599999999997,625.4399999999997,1436
2026-05-15T13:30:00+00:00,625.4399999999997,625.4399999999997,616.0399999999997,617.3199999999997,1426
2026-05-15T13:45:00+00:00,617.3199999999997,619.5399999999997,616.3299999999997,617.0199999999998,1137
2026-05-15T14:00:00+00:00,617.0199999999998,620.3599999999997,616.5699999999997,620.1399999999996,1051
2026-05-15T14:15:00+00:00,620.1399999999996,620.6599999999997,618.5199999999998,619.2499999999997,1008
2026-05-15T14:30:00+00:00,619.2499999999997,621.4599999999997,619.0799999999997,620.6199999999997,1007
2026-05-15T14:45:00+00:00,620.6199999999997,621.8499999999997,619.8699999999997,621.5799999999997,1012.3571850975754
2026-05-15T15:00:00+00:00,621.5799999999997,622.4799999999997,619.8799999999997,621.4199999999997,1042
2026-05-15T15:15:00+00:00,621.4199999999997,622.7399999999997,620.6699999999997,621.6199999999997,933
2026-05-15T15:30:00+00:00,621.6199999999997,622.7599999999996,618.8599999999997,619.1899999999997,986
2026-05-15T15:45:00+00:00,619.1899999999997,620.3199999999997,618.4999999999997,619.9599999999997,716
2026-05-15T16:00:00+00:00,619.9599999999997,621.2999999999997,619.8199999999997,620.1099999999997,676
2026-05-15T16:15:00+00:00,620.1099999999997,622.4399999999997,619.8199999999997,622.1199999999997,745
2026-05-15T16:30:00+00:00,622.1199999999997,623.7599999999996,621.6399999999996,621.8499999999997,735
2026-05-15T16:45:00+00:00,621.8499999999997,622.6299999999997,621.2199999999997,622.6299999999997,759
2026-05-15T17:00:00+00:00,622.6299999999997,624.4399999999997,621.8399999999997,624.2299999999997,758
2026-05-15T17:15:00+00:00,624.2299999999997,625.1299999999997,623.3199999999997,624.8399999999997,892
2026-05-15T17:30:00+00:00,624.8399999999997,626.4099999999997,624.3899999999996,625.6299999999997,1053
2026-05-15T17:45:00+00:00,625.6299999999997,627.1799999999997,625.5999999999997,626.7099999999997,690
2026-05-15T18:00:00+00:00,626.7099999999997,627.9099999999997,626.6999999999997,626.8699999999997,1538
2026-05-15T18:15:00+00:00,626.8699999999997,627.4499999999997,625.5299999999997,625.7999999999997,931
2026-05-15T18:30:00+00:00,625.7999999999997,625.9099999999997,624.3299999999997,624.8399999999997,876
2026-05-15T18:45:00+00:00,624.8399999999997,625.1999999999997,623.1499999999996,623.6499999999996,795
2026-05-15T19:00:00+00:00,623.6499999999996,623.7199999999997,622.8599999999997,623.1699999999997,818
2026-05-15T19:15:00+00:00,623.1699999999997,623.9299999999997,622.3499999999997,623.0399999999997,748
2026-05-15T19:30:00+00:00,623.0399999999997,623.2899999999997,620.8299999999997,620.8299999999997,887
2026-05-15T19:45:00+00:00,620.8299999999997,622.5599999999997,619.8199999999997,621.2699999999996,1630
2026-05-18T13:30:00+00:00,621.2699999999996,621.2699999999996,610.4499999999997,614.6799999999997,2275
2026-05-18T13:45:00+00:00,614.6799999999997,618.6999999999997,613.6799999999997,618.5299999999997,1973
2026-05-18T14:00:00+00:00,618.5299999999997,618.7899999999997,615.8199999999997,616.3799999999997,1694
2026-05-18T14:15:00+00:00,616.3799999999997,618.6399999999996,616.3699999999997,618.1399999999996,1477
2026-05-18T14:30:00+00:00,618.1399999999996,618.5599999999997,612.3399999999997,616.4399999999997,1804
2026-05-18T14:45:00+00:00,616.4399999999997,616.8299999999997,614.8199999999997,615.9299999999997,1356
2026-05-18T15:00:00+00:00,615.9299999999997,616.2599999999996,612.6799999999997,615.1499999999996,1407
2026-05-18T15:15:00+00:00,615.1499999999996,615.9199999999997,613.8899999999996,614.2899999999997,1161
2026-05-18T15:30:00+00:00,614.2899999999997,616.7399999999997,614.1699999999997,614.5799999999997,1033
2026-05-18T15:45:00+00:00,614.5799999999997,615.0599999999997,613.7299999999997,614.1999999999997,923
2026-05-18T16:00:00+00:00,614.1999999999997,616.0399999999997,613.4199999999997,615.7799999999997,911
2026-05-18T16:15:00+00:00,615.7799999999997,617.3099999999997,614.6299999999997,614.6899999999997,1005
2026-05-18T16:30:00+00:00,614.6899999999997,616.5299999999997,614.2099999999997,614.4199999999997,1023
2026-05-18T16:45:00+00:00,614.4199999999997,617.5699999999997,614.3199999999997,616.3699999999997,901
2026-05-18T17:00:00+00:00,616.3699999999997,617.7899999999997,615.8199999999997,617.7199999999997,838
2026-05-18T17:15:00+00:00,617.7199999999997,620.2799999999997,617.7099999999997,619.8199999999997,1009
2026-05-18T17:30:00+00:00,619.8199999999997,620.7399999999997,619.0899999999997,619.8299999999997,981
2026-05-18T17:45:00+00:00,619.8299999999997,622.2899999999997,619.4099999999997,621.2899999999997,1016
2026-05-18T18:00:00+00:00,621.2899999999997,621.4299999999997,618.7099999999997,618.7899999999997,1008
2026-05-18T18:15:00+00:00,618.7899999999997,618.8299999999997,616.5299999999997,616.9099999999997,1121
2026-05-18T18:30:00+00:00,616.9099999999997,617.8799999999997,616.5299999999997,616.7599999999996,789
2026-05-18T18:45:00+00:00,616.7599999999996,617.1399999999996,614.2099999999997,614.2199999999997,931
2026-05-18T19:00:00+00:00,614.2199999999997,619.3499999999997,614.2099999999997,618.8699999999997,1249
2026-05-18T19:15:00+00:00,618.8699999999997,619.1999999999997,616.9399999999997,618.3599999999997,1088
2026-05-18T19:30:00+00:00,618.3599999999997,619.1099999999997,617.8699999999997,618.5199999999996,1053
2026-05-18T19:45:00+00:00,618.5199999999996,618.8899999999996,616.8199999999997,618.0599999999997,1641
2026-05-19T13:30:00+00:00,618.0599999999997,618.0599999999997,612.3499999999997,612.7099999999997,1924
2026-05-19T13:45:00+00:00,612.7099999999997,620.4399999999997,611.9299999999997,618.8899999999996,1742
2026-05-19T14:00:00+00:00,618.8899999999996,620.0699999999997,615.5499999999997,615.9699999999997,1705
2026-05-19T14:15:00+00:00,615.9699999999997,617.5299999999997,614.3199999999997,615.5999999999997,1478
2026-05-19T14:30:00+00:00,615.5999999999997,615.7799999999997,613.7899999999997,613.9299999999997,1141
2026-05-19T14:45:00+00:00,613.9299999999997,613.9999999999997,611.5699999999997,613.5199999999996,1058
2026-05-19T15:00:00+00:00,613.5199999999996,614.2799999999997,612.3199999999997,613.5799999999997,833
2026-05-19T15:15:00+00:00,613.5799999999997,613.6299999999997,610.8699999999997,610.9199999999997,792
2026-05-19T15:30:00+00:00,610.9199999999997,611.8399999999997,610.5199999999996,611.1199999999997,914
2026-05-19T15:45:00+00:00,611.1199999999997,611.2099999999997,608.8199999999997,609.5599999999997,710
2026-05-19T16:00:00+00:00,609.5599999999997,610.9299999999997,608.6199999999997,608.8399999999997,902
2026-05-19T16:15:00+00:00,608.8399999999997,609.8399999999997,608.6899999999997,609.0099999999996,833
2026-05-19T16:30:00+00:00,609.0099999999996,609.0199999999996,607.3799999999997,608.5899999999997,911
2026-05-19T16:45:00+00:00,608.5899999999997,611.2299999999997,608.5299999999997,610.5799999999997,733
2026-05-19T17:00:00+00:00,610.5799999999997,611.1699999999997,610.0199999999996,610.4299999999997,551
2026-05-19T17:15:00+00:00,610.4299999999997,611.1799999999997,609.5999999999997,610.5699999999997,616
2026-05-19T17:30:00+00:00,610.5699999999997,611.1699999999997,609.2199999999997,609.7399999999997,715
2026-05-19T17:45:00+00:00,609.7399999999997,609.7399999999997,608.7699999999996,609.3899999999996,660
2026-05-19T18:00:00+00:00,609.3899999999996,609.5299999999997,608.6999999999997,608.7699999999996,550
2026-05-19T18:15:00+00:00,608.7699999999996,609.5199999999996,608.4299999999997,609.1799999999997,622
2026-05-19T18:30:00+00:00,609.1799999999997,609.9099999999997,608.5699999999997,608.8999999999996,579
2026-05-19T18:45:00+00:00,608.8999999999996,609.0999999999997,607.5199999999996,607.8799999999997,667
2026-05-19T19:00:00+00:00,607.8799999999997,609.0499999999997,607.4299999999997,608.6999999999997,695
2026-05-19T19:15:00+00:00,608.6999999999997,609.6899999999997,608.4999999999997,609.1799999999997,765
2026-05-19T19:30:00+00:00,609.1799999999997,609.2499999999997,608.3799999999997,608.4299999999997,794
2026-05-19T19:45:00+00:00,608.4299999999997,610.1399999999996,608.2099999999997,609.6399999999996,1577
2026-05-20T13:30:00+00:00,609.6399999999996,609.6399999999996,605.8199999999997,607.0699999999997,1360
2026-05-20T13:45:00+00:00,607.0699999999997,609.3399999999997,606.1699999999997,606.8399999999997,1016
2026-05-20T14:00:00+00:00,606.8399999999997,606.9199999999997,604.6199999999997,605.8199999999997,1329
2026-05-20T14:15:00+00:00,605.8199999999997,609.8399999999997,605.8199999999997,608.3499999999997,1223
2026-05-20T14:30:00+00:00,608.3499999999997,609.4399999999997,607.2199999999997,607.6899999999997,797
2026-05-20T14:45:00+00:00,607.6899999999997,612.0399999999997,607.6899999999997,611.5699999999997,1005.6951219512196
2026-05-20T15:00:00+00:00,611.5699999999997,611.7399999999997,610.3399999999997,610.4499999999997,749
2026-05-20T15:15:00+00:00,610.4499999999997,614.6599999999997,610.4299999999997,612.1299999999997,1337
2026-05-20T15:30:00+00:00,612.1299999999997,613.1899999999997,611.8199999999997,612.8199999999997,719
2026-05-20T15:45:00+00:00,612.8199999999997,613.4599999999997,612.4999999999997,613.0299999999997,581
2026-05-20T16:00:00+00:00,613.0299999999997,613.1799999999997,611.3199999999997,611.8799999999997,606
2026-05-20T16:15:00+00:00,611.8799999999997,612.1199999999997,610.7999999999997,610.8399999999997,525
2026-05-20T16:30:00+00:00,610.8399999999997,611.6999999999997,610.1499999999996,611.5099999999996,630
2026-05-20T16:45:00+00:00,611.5099999999996,611.9299999999997,610.5699999999997,611.3899999999996,557
2026-05-20T17:00:00+00:00,611.3899999999996,611.9599999999997,610.6099999999997,611.5299999999997,604
2026-05-20T17:15:00+00:00,611.5299999999997,612.0499999999997,610.6299999999997,611.8999999999996,513
2026-05-20T17:30:00+00:00,611.8999999999996,612.4099999999997,611.1099999999997,612.1199999999997,655
2026-05-20T17:45:00+00:00,612.1199999999997,612.3399999999997,611.4699999999997,611.6199999999997,457
2026-05-20T18:00:00+00:00,611.6199999999997,611.9499999999997,611.0199999999996,611.4099999999997,602
2026-05-20T18:15:00+00:00,611.4099999999997,612.0699999999997,611.1699999999997,611.9199999999997,550
2026-05-20T18:30:00+00:00,611.9199999999997,613.0799999999997,611.8099999999997,612.1999999999997,613
2026-05-20T18:45:00+00:00,612.1999999999997,613.8099999999997,612.1999999999997,612.2899999999997,674
2026-05-20T19:00:00+00:00,612.2899999999997,612.5099999999996,609.4399999999997,610.6699999999997,743
2026-05-20T19:15:00+00:00,610.6699999999997,610.7999999999997,609.7199999999997,610.2699999999996,615
2026-05-20T19:30:00+00:00,610.2699999999996,610.8299999999997,609.8599999999997,610.6799999999997,588
2026-05-20T19:45:00+00:00,610.6799999999997,612.0999999999997,610.0699999999997,611.7499999999997,1076
2026-05-21T13:30:00+00:00,611.7499999999997,611.7499999999997,604.9299999999997,606.4399999999997,1605
2026-05-21T13:45:00+00:00,606.4399999999997,606.8299999999997,602.0399999999997,602.0399999999997,1420
2026-05-21T14:00:00+00:00,602.0399999999997,605.2899999999997,601.6699999999997,604.0699999999997,1388
2026-05-21T14:15:00+00:00,604.0699999999997,604.9699999999997,602.8199999999997,603.6399999999996,1119
2026-05-21T14:30:00+00:00,603.6399999999996,604.4999999999997,603.3199999999997,603.9699999999997,787
2026-05-21T14:45:00+00:00,603.9699999999997,606.9599999999997,603.0699999999997,606.2799999999997,915
2026-05-21T15:00:00+00:00,606.2799999999997,608.6099999999997,606.0299999999997,608.1099999999997,1101
2026-05-21T15:15:00+00:00,608.1099999999997,608.9499999999997,607.1199999999997,608.6099999999997,854
2026-05-21T15:30:00+00:00,608.6099999999997,610.7199999999997,607.8399999999997,609.8399999999997,837
2026-05-21T15:45:00+00:00,609.8399999999997,610.8199999999997,609.2199999999997,610.2299999999997,604
2026-05-21T16:00:00+00:00,610.2299999999997,610.8499999999997,607.8699999999997,608.2099999999997,753
2026-05-21T16:15:00+00:00,608.2099999999997,608.9199999999997,607.8199999999997,607.8599999999997,598
2026-05-21T16:30:00+00:00,607.8599999999997,608.1599999999997,607.0999999999997,607.3299999999997,507
2026-05-21T16:45:00+00:00,607.3299999999997,608.7199999999997,607.3199999999997,608.5299999999997,489
2026-05-21T17:00:00+00:00,608.5299999999997,611.6499999999996,608.5299999999997,610.9199999999997,735
2026-05-21T17:15:00+00:00,610.9199999999997,614.5699999999997,610.8999999999996,613.6899999999997,1017
2026-05-21T17:30:00+00:00,613.6899999999997,615.8699999999997,612.8199999999997,615.1099999999997,835
2026-05-21T17:45:00+00:00,615.1099999999997,616.3099999999997,614.8299999999997,615.7099999999997,891
2026-05-21T18:00:00+00:00,615.7099999999997,616.1899999999997,614.6699999999997,615.0999999999997,954
2026-05-21T18:15:00+00:00,615.0999999999997,615.5599999999997,614.6199999999997,614.7299999999997,673
2026-05-21T18:30:00+00:00,614.7299999999997,615.2199999999997,614.1899999999997,614.9199999999997,621
2026-05-21T18:45:00+00:00,614.9199999999997,615.1999999999997,611.6399999999996,612.2999999999997,1051
2026-05-21T19:00:00+00:00,612.2999999999997,614.2999999999997,612.0699999999997,613.6399999999996,788
2026-05-21T19:15:00+00:00,613.6399999999996,614.0099999999996,612.9599999999997,613.5899999999997,804
2026-05-21T19:30:00+00:00,613.5899999999997,614.3299999999997,613.2699999999996,614.0099999999996,700
2026-05-21T19:45:00+00:00,614.0099999999996,614.5299999999997,612.3199999999997,614.1599999999997,1437
2026-05-22T13:30:00+00:00,614.1599999999997,621.4099999999997,613.8299999999997,618.1399999999996,1601
2026-05-22T13:45:00+00:00,618.1399999999996,619.6299999999997,616.3199999999997,616.5399999999997,953
2026-05-22T14:00:00+00:00,616.5399999999997,616.7199999999997,614.0499999999997,614.0699999999997,973
2026-05-22T14:15:00+00:00,614.0699999999997,615.5799999999997,613.6799999999997,615.1199999999997,707
2026-05-22T14:30:00+00:00,615.1199999999997,617.0699999999997,614.6599999999997,616.6499999999996,601
2026-05-22T14:45:00+00:00,616.6499999999996,617.1899999999997,616.1299999999997,617.0099999999996,587.703196347032
2026-05-22T15:00:00+00:00,617.0099999999996,618.4499999999997,616.6999999999997,617.9399999999997,613
2026-05-22T15:15:00+00:00,617.9399999999997,618.3399999999997,616.3399999999997,617.0399999999996,653
2026-05-22T15:30:00+00:00,617.0399999999996,617.1999999999997,615.8499999999997,616.1699999999996,535
2026-05-22T15:45:00+00:00,616.1699999999996,616.6999999999997,616.0899999999997,616.2499999999997,420
2026-05-22T16:00:00+00:00,616.2499999999997,616.2599999999996,615.3399999999997,615.4099999999996,510
2026-05-22T16:15:00+00:00,615.4099999999996,615.5699999999997,614.4999999999997,615.4699999999997,443
2026-05-22T16:30:00+00:00,615.4699999999997,615.9799999999997,614.2799999999996,614.4799999999997,606
2026-05-22T16:45:00+00:00,614.4799999999997,615.6799999999997,614.1399999999996,614.6499999999996,635
2026-05-22T17:00:00+00:00,614.6499999999996,615.9399999999997,614.6399999999996,615.6299999999997,530
2026-05-22T17:15:00+00:00,615.6299999999997,616.8399999999997,614.8399999999997,616.7499999999997,702
2026-05-22T17:30:00+00:00,616.7499999999997,617.9599999999997,615.9899999999997,616.4999999999997,702
2026-05-22T17:45:00+00:00,616.4999999999997,617.4199999999996,615.4399999999997,615.4399999999997,552
2026-05-22T18:00:00+00:00,615.4399999999997,616.5599999999997,615.4399999999997,615.8399999999997,455
2026-05-22T18:15:00+00:00,615.8399999999997,618.0199999999996,615.8399999999997,617.4499999999997,589
2026-05-22T18:30:00+00:00,617.4499999999997,618.7699999999996,617.1399999999996,617.9999999999997,752
2026-05-22T18:45:00+00:00,617.9999999999997,618.2799999999996,616.8399999999997,616.8599999999997,564
2026-05-22T19:00:00+00:00,616.8599999999997,617.2499999999997,616.3399999999997,616.7199999999997,528
2026-05-22T19:15:00+00:00,616.7199999999997,617.0799999999997,615.5199999999996,615.5599999999997,655
2026-05-22T19:30:00+00:00,615.5599999999997,617.1999999999997,615.3399999999997,617.1799999999997,733
2026-05-22T19:45:00+00:00,617.1799999999997,617.7699999999996,616.1899999999997,617.2599999999996,1206
2026-05-26T13:30:00+00:00,617.2599999999996,621.0599999999997,614.1799999999997,614.4399999999997,1414
2026-05-26T13:45:00+00:00,614.4399999999997,616.1299999999997,612.3899999999996,615.8399999999997,1076
2026-05-26T14:00:00+00:00,615.8399999999997,617.7599999999996,615.7399999999997,616.7399999999997,887
2026-05-26T14:15:00+00:00,616.7399999999997,617.9899999999997,615.3399999999997,615.5399999999996,709
2026-05-26T14:30:00+00:00,615.5399999999996,615.5499999999997,613.7399999999997,614.7399999999997,861
2026-05-26T14:45:00+00:00,614.7399999999997,615.3599999999997,613.2999999999997,613.3599999999997,813
2026-05-26T15:00:00+00:00,613.3599999999997,614.1699999999996,612.4299999999997,613.3799999999997,912
2026-05-26T15:15:00+00:00,613.3799999999997,614.2199999999997,612.8399999999997,613.9099999999996,693
2026-05-26T15:30:00+00:00,613.9099999999996,616.3899999999996,612.2099999999997,614.9299999999997,877
2026-05-26T15:45:00+00:00,614.9299999999997,615.3299999999997,613.8399999999997,614.0599999999997,609
2026-05-26T16:00:00+00:00,614.0599999999997,616.1099999999997,614.0499999999997,615.4699999999997,624
2026-05-26T16:15:00+00:00,615.4699999999997,616.7899999999996,615.4499999999997,616.7499999999997,640
2026-05-26T16:30:00+00:00,616.7499999999997,617.7999999999997,616.0799999999997,616.6299999999997,647
2026-05-26T16:45:00+00:00,616.6299999999997,617.3099999999997,616.2499999999997,616.7399999999997,576
2026-05-26T17:00:00+00:00,616.7399999999997,617.1399999999996,616.3399999999997,616.8199999999997,529
2026-05-26T17:15:00+00:00,616.8199999999997,616.8899999999996,615.5699999999997,615.8599999999997,595
2026-05-26T17:30:00+00:00,615.8599999999997,616.7199999999997,615.5899999999997,616.2299999999997,588
2026-05-26T17:45:00+00:00,616.2299999999997,616.2299999999997,615.0299999999996,615.7299999999997,447
2026-05-26T18:00:00+00:00,615.7299999999997,617.1599999999996,615.5399999999996,616.8799999999997,463
2026-05-26T18:15:00+00:00,616.8799999999997,617.4299999999997,616.8399999999997,616.8599999999997,536
2026-05-26T18:30:00+00:00,616.8599999999997,617.6899999999997,615.6499999999996,616.2599999999996,611
2026-05-26T18:45:00+00:00,616.2599999999996,617.2899999999996,616.0099999999996,616.0099999999996,551
2026-05-26T19:00:00+00:00,616.0099999999996,616.8099999999997,615.8299999999997,616.0699999999997,629
2026-05-26T19:15:00+00:00,616.0699999999997,616.3999999999996,615.5799999999997,615.8799999999997,592
2026-05-26T19:30:00+00:00,615.8799999999997,617.1099999999997,615.7299999999997,617.0999999999997,645
2026-05-26T19:45:00+00:00,617.0999999999997,619.3399999999997,616.5299999999996,619.3399999999997,1333
2026-05-27T13:30:00+00:00,619.3399999999997,620.3599999999997,614.8899999999996,617.5699999999997,1693
2026-05-27T13:45:00+00:00,617.5699999999997,618.9599999999997,616.0899999999997,617.8099999999997,1352
2026-05-27T14:00:00+00:00,617.8099999999997,620.4499999999997,616.9099999999996,619.8599999999997,921
2026-05-27T14:15:00+00:00,619.8599999999997,622.8999999999996,619.1999999999997,621.5999999999997,1345
2026-05-27T14:30:00+00:00,621.5999999999997,623.3999999999996,619.8599999999997,619.9899999999997,1016
2026-05-27T14:45:00+00:00,619.9899999999997,620.3299999999997,618.8399999999997,619.2999999999997,785.0835661080075
2026-05-27T15:00:00+00:00,619.2999999999997,620.9699999999997,619.0199999999998,620.5299999999997,776
2026-05-27T15:15:00+00:00,620.5299999999997,621.7799999999997,619.9599999999997,620.3299999999997,830
2026-05-27T15:30:00+00:00,620.3299999999997,621.4899999999997,619.4299999999997,619.5699999999997,747
2026-05-27T15:45:00+00:00,619.5699999999997,620.4199999999997,618.4399999999997,618.5899999999997,802
2026-05-27T16:00:00+00:00,618.5899999999997,619.8999999999997,617.7899999999997,618.2099999999997,647
2026-05-27T16:15:00+00:00,618.2099999999997,619.2799999999997,618.1499999999997,619.1199999999997,529
2026-05-27T16:30:00+00:00,619.1199999999997,621.0299999999997,619.0799999999997,620.5999999999997,653
2026-05-27T16:45:00+00:00,620.5999999999997,620.6899999999997,618.5299999999997,618.8199999999997,692
2026-05-27T17:00:00+00:00,618.8199999999997,618.8399999999997,616.9699999999997,617.2899999999997,698
2026-05-27T17:15:00+00:00,617.2899999999997,617.4699999999997,616.1399999999998,616.6599999999997,636
2026-05-27T17:30:00+00:00,616.6599999999997,617.6299999999997,616.5699999999997,616.7499999999997,500
2026-05-27T17:45:00+00:00,616.7499999999997,618.1199999999997,616.2499999999997,617.3799999999997,477
2026-05-27T18:00:00+00:00,617.3799999999997,627.8499999999997,617.1599999999997,624.8699999999997,2292
2026-05-27T18:15:00+00:00,624.8699999999997,636.4899999999997,624.8499999999997,635.2399999999997,2368
2026-05-27T18:30:00+00:00,635.2399999999997,639.8499999999997,634.9299999999997,635.9899999999997,1997
2026-05-27T18:45:00+00:00,635.9899999999997,639.4799999999997,634.2599999999996,638.4799999999997,1589
2026-05-27T19:00:00+00:00,638.4799999999997,645.1899999999997,638.4499999999997,640.2499999999997,1912
2026-05-27T19:15:00+00:00,640.2499999999997,640.4099999999997,637.7799999999997,639.2699999999998,1292
2026-05-27T19:30:00+00:00,639.2699999999998,643.7699999999998,639.0499999999997,643.6999999999997,1504
2026-05-27T19:45:00+00:00,643.6999999999997,644.0999999999997,640.6099999999997,641.8899999999998,2126
2026-05-28T13:30:00+00:00,641.8899999999998,649.7599999999996,636.1899999999997,637.8299999999997,2290
2026-05-28T13:45:00+00:00,637.8299999999997,646.4499999999997,637.8299999999997,646.4499999999997,1862
2026-05-28T14:00:00+00:00,646.4499999999997,648.7299999999997,639.9499999999997,641.9399999999997,1823
2026-05-28T14:15:00+00:00,641.9399999999997,646.8799999999997,641.3699999999997,645.8699999999997,1295
2026-05-28T14:30:00+00:00,645.8699999999997,646.5699999999997,643.0499999999997,643.3699999999997,985
2026-05-28T14:45:00+00:00,643.3699999999997,643.9999999999997,641.0499999999997,641.4399999999997,887
2026-05-28T15:00:00+00:00,641.4399999999997,641.9399999999997,639.6299999999997,639.9599999999997,756
2026-05-28T15:15:00+00:00,639.9599999999997,641.2699999999998,639.6299999999997,640.3799999999997,713
2026-05-28T15:30:00+00:00,640.3799999999997,640.7399999999997,638.1199999999997,639.2199999999997,780
2026-05-28T15:45:00+00:00,639.2199999999997,639.7399999999997,638.5499999999997,639.3899999999998,604
2026-05-28T16:00:00+00:00,639.3899999999998,639.3899999999998,637.7299999999997,638.4699999999997,688
2026-05-28T16:15:00+00:00,638.4699999999997,641.8299999999997,637.9399999999997,641.4499999999997,848
2026-05-28T16:30:00+00:00,641.4499999999997,641.5499999999997,637.0299999999997,637.5199999999998,698
2026-05-28T16:45:00+00:00,637.5199999999998,638.1699999999997,636.6299999999997,636.7199999999997,579
2026-05-28T17:00:00+00:00,636.7199999999997,638.5399999999997,636.6999999999997,637.4099999999997,576
2026-05-28T17:15:00+00:00,637.4099999999997,638.6099999999997,636.7799999999997,638.1199999999997,609
2026-05-28T17:30:00+00:00,638.1199999999997,639.4499999999997,638.1099999999997,638.6299999999997,649
2026-05-28T17:45:00+00:00,638.6299999999997,639.5099999999996,637.6299999999997,637.8199999999997,646
2026-05-28T18:00:00+00:00,637.8199999999997,640.2899999999997,637.6299999999997,639.7699999999998,691
2026-05-28T18:15:00+00:00,639.7699999999998,640.0499999999997,639.0799999999997,639.5999999999997,635
2026-05-28T18:30:00+00:00,639.5999999999997,640.9799999999997,639.5799999999997,640.2899999999997,880
2026-05-28T18:45:00+00:00,640.2899999999997,640.8199999999997,638.6199999999997,638.9499999999997,638
2026-05-28T19:00:00+00:00,638.9499999999997,639.3199999999997,638.3299999999997,639.0199999999998,500
2026-05-28T19:15:00+00:00,639.0199999999998,640.8599999999997,638.7699999999998,640.6199999999997,793
2026-05-28T19:30:00+00:00,640.6199999999997,642.0999999999997,640.5299999999997,641.2799999999997,783
2026-05-28T19:45:00+00:00,641.2799999999997,642.6099999999997,640.0499999999997,642.0799999999997,1266
2026-05-29T13:30:00+00:00,642.0799999999997,642.0799999999997,634.2399999999997,636.3699999999997,1805
2026-05-29T13:45:00+00:00,636.3699999999997,636.5499999999997,633.5299999999997,634.6699999999997,1245
2026-05-29T14:00:00+00:00,634.6699999999997,635.8399999999997,633.2099999999997,633.3199999999997,1097
2026-05-29T14:15:00+00:00,633.3199999999997,633.8899999999998,630.8399999999997,631.6699999999997,1155
2026-05-29T14:30:00+00:00,631.6699999999997,631.9399999999997,630.2599999999996,631.4399999999997,1017
2026-05-29T14:45:00+00:00,631.4399999999997,633.0399999999997,630.5399999999997,632.2399999999997,1118.0434176458873
2026-05-29T15:00:00+00:00,632.2399999999997,634.6999999999997,631.8599999999997,634.4899999999997,962
2026-05-29T15:15:00+00:00,634.4899999999997,636.4099999999996,634.3099999999996,635.2899999999996,917
2026-05-29T15:30:00+00:00,635.2899999999996,636.0499999999996,633.8499999999997,633.9999999999997,801
2026-05-29T15:45:00+00:00,633.9999999999997,634.7599999999996,633.9799999999997,634.6599999999996,572
2026-05-29T16:00:00+00:00,634.6599999999996,635.7999999999996,634.2599999999996,635.4999999999997,660
2026-05-29T16:15:00+00:00,635.4999999999997,635.7699999999996,632.4799999999997,632.7199999999997,785
2026-05-29T16:30:00+00:00,632.7199999999997,633.8099999999996,631.4499999999997,632.0799999999997,950
2026-05-29T16:45:00+00:00,632.0799999999997,632.2399999999997,630.9899999999997,631.7099999999997,776
2026-05-29T17:00:00+00:00,631.7099999999997,632.8999999999996,631.3799999999997,632.1799999999996,683
2026-05-29T17:15:00+00:00,632.1799999999996,632.1899999999997,630.7899999999996,630.9099999999996,740
2026-05-29T17:30:00+00:00,630.9099999999996,632.9699999999997,630.9099999999996,632.8299999999997,709
2026-05-29T17:45:00+00:00,632.8299999999997,634.1599999999996,632.7299999999997,632.7299999999997,829
2026-05-29T18:00:00+00:00,632.7299999999997,633.6199999999997,632.4399999999997,632.9999999999997,580
2026-05-29T18:15:00+00:00,632.9999999999997,634.7399999999997,632.8599999999997,634.2699999999996,688
2026-05-29T18:30:00+00:00,634.2699999999996,635.0999999999997,633.0599999999996,633.4299999999996,635
2026-05-29T18:45:00+00:00,633.4299999999996,633.4299999999996,632.1899999999997,633.0399999999996,602
2026-05-29T19:00:00+00:00,633.0399999999996,635.2699999999996,632.4899999999997,634.9699999999997,827
2026-05-29T19:15:00+00:00,634.9699999999997,636.8899999999996,634.5999999999997,636.3299999999997,1032
2026-05-29T19:30:00+00:00,636.3299999999997,637.2799999999996,635.9299999999996,636.7199999999997,1029
2026-05-29T19:45:00+00:00,636.7199999999997,641.1899999999997,635.9799999999997,639.4799999999997,1993
2026-06-01T13:30:00+00:00,639.4799999999997,642.4399999999997,624.0799999999997,625.2999999999996,2353
2026-06-01T13:45:00+00:00,625.2999999999996,631.6299999999997,621.5299999999996,622.8699999999997,2182
2026-06-01T14:00:00+00:00,622.8699999999997,625.0099999999996,620.4799999999997,620.9999999999997,1665
2026-06-01T14:15:00+00:00,620.9999999999997,623.5699999999997,616.8399999999997,616.8399999999997,1814
2026-06-01T14:30:00+00:00,616.8399999999997,619.3099999999996,616.0099999999996,618.9899999999997,1871
2026-06-01T14:45:00+00:00,618.9899999999997,622.9299999999996,618.6699999999996,621.9899999999997,1573
2026-06-01T15:00:00+00:00,621.9899999999997,622.0499999999996,618.0999999999997,619.6599999999996,1316
2026-06-01T15:15:00+00:00,619.6599999999996,620.2799999999996,619.1899999999997,620.1299999999997,871
2026-06-01T15:30:00+00:00,620.1299999999997,622.9199999999996,619.2599999999996,621.1499999999996,1277
2026-06-01T15:45:00+00:00,621.1499999999996,623.4699999999997,621.1499999999996,622.8399999999997,824
2026-06-01T16:00:00+00:00,622.8399999999997,623.6899999999997,619.3799999999997,619.6999999999997,908
2026-06-01T16:15:00+00:00,619.6999999999997,619.7099999999997,617.2899999999996,618.6799999999996,1171
2026-06-01T16:30:00+00:00,618.6799999999996,619.2999999999996,617.2699999999996,617.9899999999997,989
2026-06-01T16:45:00+00:00,617.9899999999997,619.2199999999997,617.7999999999996,618.3099999999996,889
2026-06-01T17:00:00+00:00,618.3099999999996,618.8999999999996,616.6699999999996,617.3799999999997,922
2026-06-01T17:15:00+00:00,617.3799999999997,617.3799999999997,614.6899999999997,617.2199999999997,1210
2026-06-01T17:30:00+00:00,617.2199999999997,618.2699999999996,613.2499999999997,616.4999999999997,1663
2026-06-01T17:45:00+00:00,616.4999999999997,617.2799999999996,613.3799999999997,614.5299999999996,1542
2026-06-01T18:00:00+00:00,614.5299999999996,616.2899999999996,614.0899999999997,615.8299999999997,1224
2026-06-01T18:15:00+00:00,615.8299999999997,615.9699999999997,614.3799999999997,614.4899999999997,1097
2026-06-01T18:30:00+00:00,614.4899999999997,614.8199999999997,612.6499999999996,612.8799999999997,1269
2026-06-01T18:45:00+00:00,612.8799999999997,614.0099999999996,612.1299999999997,612.3799999999997,1278
2026-06-01T19:00:00+00:00,612.3799999999997,615.3199999999997,612.1199999999997,613.5599999999996,1201
2026-06-01T19:15:00+00:00,613.5599999999996,613.6299999999997,611.8299999999997,612.4299999999996,1181
2026-06-01T19:30:00+00:00,612.4299999999996,612.8699999999997,609.6299999999997,611.2999999999996,1459
2026-06-01T19:45:00+00:00,611.2999999999996,612.1199999999997,606.5699999999997,607.5999999999997,2368
2026-06-02T13:30:00+00:00,607.5999999999997,611.1299999999997,603.6599999999996,605.9199999999996,2028
2026-06-02T13:45:00+00:00,605.9199999999996,612.6299999999997,605.6599999999996,611.8199999999997,1585
2026-06-02T14:00:00+00:00,611.8199999999997,612.5199999999996,607.2299999999997,607.3399999999997,1323
2026-06-02T14:15:00+00:00,607.3399999999997,610.9899999999997,607.2799999999996,610.1399999999996,1115
2026-06-02T14:30:00+00:00,610.1399999999996,611.7699999999996,609.7199999999997,610.3299999999997,930
2026-06-02T14:45:00+00:00,610.3299999999997,614.1499999999996,610.3199999999997,613.1899999999997,1133
2026-06-02T15:00:00+00:00,613.1899999999997,615.7799999999996,612.7799999999996,614.4399999999997,926
2026-06-02T15:15:00+00:00,614.4399999999997,615.6599999999996,613.6899999999997,613.9899999999997,851
2026-06-02T15:30:00+00:00,613.9899999999997,615.2999999999996,613.2999999999996,614.4199999999996,675
2026-06-02T15:45:00+00:00,614.4199999999996,614.8399999999997,613.6899999999997,614.0099999999996,632
2026-06-02T16:00:00+00:00,614.0099999999996,614.5999999999997,612.3799999999997,614.3899999999996,647
2026-06-02T16:15:00+00:00,614.3899999999996,614.7299999999997,613.1599999999996,614.3499999999997,593
2026-06-02T16:30:00+00:00,614.3499999999997,615.2099999999997,614.0799999999997,614.0999999999997,518
2026-06-02T16:45:00+00:00,614.0999999999997,614.7799999999996,613.8099999999996,613.8599999999997,550
2026-06-02T17:00:00+00:00,613.8599999999997,613.9799999999997,612.2699999999996,613.4899999999997,689
2026-06-02T17:15:00+00:00,613.4899999999997,614.8399999999997,613.0799999999997,613.0999999999997,631
2026-06-02T17:30:00+00:00,613.0999999999997,613.1299999999997,611.5299999999996,612.4299999999996,630
2026-06-02T17:45:00+00:00,612.4299999999996,613.2199999999997,612.3199999999997,612.3399999999997,485
2026-06-02T18:00:00+00:00,612.3399999999997,612.6899999999997,611.7799999999996,611.9699999999997,555
2026-06-02T18:15:00+00:00,611.9699999999997,612.7599999999996,611.5799999999997,611.5799999999997,580
2026-06-02T18:30:00+00:00,611.5799999999997,611.8599999999997,609.5899999999997,609.9899999999997,661
2026-06-02T18:45:00+00:00,609.9899999999997,610.2199999999997,608.2799999999996,608.5899999999997,672
2026-06-02T19:00:00+00:00,608.5899999999997,608.8799999999997,607.5799999999997,607.5799999999997,596
2026-06-02T19:15:00+00:00,607.5799999999997,608.0999999999997,607.1799999999996,607.5999999999997,727
2026-06-02T19:30:00+00:00,607.5999999999997,607.7799999999996,606.7899999999996,607.2199999999997,1007
2026-06-02T19:45:00+00:00,607.2199999999997,607.6499999999996,604.2099999999997,604.7499999999997,1863
2026-06-03T13:30:00+00:00,604.7499999999997,620.9699999999997,604.7499999999997,616.1799999999996,2601
2026-06-03T13:45:00+00:00,616.1799999999996,620.0799999999997,613.6899999999997,619.0199999999996,1943
2026-06-03T14:00:00+00:00,619.0199999999996,626.0399999999996,616.4799999999997,623.0499999999996,2255
2026-06-03T14:15:00+00:00,623.0499999999996,625.8799999999997,621.9899999999997,623.0699999999997,1374
2026-06-03T14:30:00+00:00,623.0699999999997,626.6599999999996,620.7299999999997,625.6699999999996,1442
2026-06-03T14:45:00+00:00,625.6699999999996,626.6999999999997,621.5899999999997,623.9199999999996,1171.1961093585699
2026-06-03T15:00:00+00:00,623.9199999999996,625.8099999999996,621.7299999999996,625.1499999999996,1076
2026-06-03T15:15:00+00:00,625.1499999999996,625.6299999999997,621.9199999999996,623.0399999999996,1045
2026-06-03T15:30:00+00:00,623.0399999999996,623.2299999999996,620.4099999999996,621.5099999999996,797
2026-06-03T15:45:00+00:00,621.5099999999996,622.3899999999996,619.9899999999996,620.1499999999996,821
2026-06-03T16:00:00+00:00,620.1499999999996,621.1699999999996,619.4299999999996,620.1299999999997,875
2026-06-03T16:15:00+00:00,620.1299999999997,620.2999999999996,618.4099999999996,620.0299999999996,900
2026-06-03T16:30:00+00:00,620.0299999999996,621.5599999999996,619.1499999999996,621.5199999999996,916
2026-06-03T16:45:00+00:00,621.5199999999996,626.6099999999996,621.4399999999996,626.2099999999996,1104
2026-06-03T17:00:00+00:00,626.2099999999996,627.1399999999996,623.9199999999996,624.3099999999996,1084
2026-06-03T17:15:00+00:00,624.3099999999996,625.0099999999996,622.2199999999996,624.5799999999996,790
2026-06-03T17:30:00+00:00,624.5799999999996,625.6999999999996,623.9299999999996,625.2199999999996,756
2026-06-03T17:45:00+00:00,625.2199999999996,629.6699999999996,625.2099999999996,629.4399999999996,1175
2026-06-03T18:00:00+00:00,629.4399999999996,630.2999999999996,626.9699999999996,628.3499999999996,1071
2026-06-03T18:15:00+00:00,628.3499999999996,630.8699999999997,627.9199999999996,628.7299999999996,951
2026-06-03T18:30:00+00:00,628.7299999999996,630.4999999999997,628.5999999999996,629.5899999999996,742
2026-06-03T18:45:00+00:00,629.5899999999996,629.9099999999996,628.5199999999996,629.3899999999996,731
2026-06-03T19:00:00+00:00,629.3899999999996,629.3999999999996,627.1299999999997,628.3599999999996,814
2026-06-03T19:15:00+00:00,628.3599999999996,629.6199999999997,627.4099999999996,627.8199999999996,995
2026-06-03T19:30:00+00:00,627.8199999999996,629.6599999999996,627.0199999999996,629.5899999999996,928
2026-06-03T19:45:00+00:00,629.5899999999996,631.0099999999996,628.4099999999996,630.2399999999996,2182
2026-06-04T13:30:00+00:00,630.2399999999996,644.3999999999996,629.2199999999996,637.5399999999996,2808
2026-06-04T13:45:00+00:00,637.5399999999996,645.8199999999996,635.9399999999996,645.6199999999997,2115
2026-06-04T14:00:00+00:00,645.6199999999997,646.3999999999996,642.7499999999997,644.1199999999997,1906
2026-06-04T14:15:00+00:00,644.1199999999997,647.2099999999996,643.2099999999996,644.5699999999996,1686
2026-06-04T14:30:00+00:00,644.5699999999996,646.1499999999996,641.4399999999996,645.1599999999996,1496
2026-06-04T14:45:00+00:00,645.1599999999996,647.0399999999996,644.0199999999996,646.6199999999997,1315
2026-06-04T15:00:00+00:00,646.6199999999997,647.0899999999996,644.4599999999996,644.9299999999996,1069
2026-06-04T15:15:00+00:00,644.9299999999996,646.5699999999996,644.7199999999996,645.2399999999996,975
2026-06-04T15:30:00+00:00,645.2399999999996,646.7599999999996,642.4199999999996,643.7899999999996,925
2026-06-04T15:45:00+00:00,643.7899999999996,645.4399999999996,642.9099999999996,644.1899999999996,870
2026-06-04T16:00:00+00:00,644.1899999999996,649.1899999999996,643.9899999999996,645.1099999999996,1262
2026-06-04T16:15:00+00:00,645.1099999999996,645.2699999999996,639.4799999999996,640.1099999999996,986
2026-06-04T16:30:00+00:00,640.1099999999996,640.4299999999996,636.6599999999996,637.6499999999996,949
2026-06-04T16:45:00+00:00,637.6499999999996,638.2299999999996,634.9699999999996,635.2599999999996,803
2026-06-04T17:00:00+00:00,635.2599999999996,637.3399999999996,634.4099999999996,635.9099999999996,833
2026-06-04T17:15:00+00:00,635.9099999999996,637.3399999999996,635.9099999999996,636.8899999999996,659
2026-06-04T17:30:00+00:00,636.8899999999996,637.0699999999996,635.5099999999996,636.6399999999996,752
2026-06-04T17:45:00+00:00,636.6399999999996,636.9399999999996,635.6699999999996,636.0199999999996,508
2026-06-04T18:00:00+00:00,636.0199999999996,636.0199999999996,632.7899999999996,633.2699999999996,777
2026-06-04T18:15:00+00:00,633.2699999999996,634.0099999999996,632.7899999999996,633.1299999999997,735
2026-06-04T18:30:00+00:00,633.1299999999997,633.9399999999996,632.4999999999997,633.6099999999996,682
2026-06-04T18:45:00+00:00,633.6099999999996,633.7799999999996,632.4099999999996,632.7299999999996,655
2026-06-04T19:00:00+00:00,632.7299999999996,632.8099999999996,631.4099999999996,632.6699999999996,641
2026-06-04T19:15:00+00:00,632.6699999999996,633.7699999999996,631.2099999999996,631.3399999999996,774
2026-06-04T19:30:00+00:00,631.3399999999996,631.3699999999997,629.7899999999996,630.7299999999996,1067
2026-06-04T19:45:00+00:00,630.7299999999996,634.5199999999996,630.4099999999996,634.1899999999996,1857
2026-06-05T13:30:00+00:00,634.1899999999996,635.4499999999996,628.2199999999996,630.9399999999996,1610
2026-06-05T13:45:00+00:00,630.9399999999996,631.6299999999997,626.1899999999996,626.2099999999996,1466
2026-06-05T14:00:00+00:00,626.2099999999996,626.9699999999996,621.7699999999994,625.1599999999995,1362.806967448879
2026-06-05T14:15:00+00:00,625.1599999999995,625.6099999999994,623.1899999999994,625.2699999999994,991.2264022183546
2026-06-05T14:30:00+00:00,625.2699999999994,625.3199999999994,622.7799999999994,622.8799999999994,794.753373856228
2026-06-05T14:45:00+00:00,622.8799999999994,623.8999999999993,622.2899999999993,623.1999999999992,813.3045878606002
2026-06-05T15:00:00+00:00,623.1999999999992,624.3899999999993,622.3999999999991,622.439999999999,732.7498783336082
2026-06-05T15:15:00+00:00,622.439999999999,623.3099999999993,619.0699999999993,619.5999999999992,793.4223579881469
2026-06-05T15:30:00+00:00,619.5999999999992,620.3399999999992,617.9099999999993,617.9099999999993,909
2026-06-05T15:45:00+00:00,617.9099999999993,619.8199999999993,617.5899999999992,619.1299999999992,817
2026-06-05T16:00:00+00:00,619.1299999999992,619.1399999999993,616.5799999999992,616.6599999999993,877
2026-06-05T16:15:00+00:00,616.6599999999993,617.1899999999993,616.0799999999992,616.1099999999992,893
2026-06-05T16:30:00+00:00,616.1099999999992,616.1299999999992,614.6799999999993,615.4499999999992,1096
2026-06-05T16:45:00+00:00,615.4499999999992,616.1199999999992,614.5199999999993,616.0199999999993,1111
2026-06-05T17:00:00+00:00,616.0199999999993,616.6399999999993,614.8199999999993,615.0699999999993,863
2026-06-05T17:15:00+00:00,615.0699999999993,615.1199999999992,613.6099999999992,615.0599999999993,832
2026-06-05T17:30:00+00:00,615.0599999999993,615.3399999999992,614.2699999999993,614.3899999999993,740
2026-06-05T17:45:00+00:00,614.3899999999993,615.4599999999992,614.1999999999992,615.0899999999992,739
2026-06-05T18:00:00+00:00,615.0899999999992,617.3299999999992,598.5599999999993,600.0999999999992,1386
2026-06-05T18:15:00+00:00,600.0999999999992,602.5499999999993,589.2799999999993,592.2999999999993,3261
2026-06-05T18:30:00+00:00,592.2999999999993,599.8199999999993,590.4999999999992,597.4299999999993,2038
2026-06-05T18:45:00+00:00,597.4299999999993,601.8099999999993,597.4099999999993,601.1199999999992,1592
2026-06-05T19:00:00+00:00,601.1199999999992,602.6299999999992,595.9899999999992,597.1599999999993,1671
2026-06-05T19:15:00+00:00,597.1599999999993,598.5299999999993,594.8199999999993,598.2499999999992,1275
2026-06-05T19:30:00+00:00,598.2499999999992,598.3599999999992,595.5299999999993,596.8099999999993,1413
2026-06-05T19:45:00+00:00,596.8099999999993,601.0999999999992,596.4299999999993,598.9299999999993,1810
2026-06-08T13:30:00+00:00,598.9299999999993,598.9299999999993,585.5199999999993,593.3599999999992,2656
2026-06-08T13:45:00+00:00,593.3599999999992,595.9199999999993,592.7999999999993,595.0499999999993,1347
2026-06-08T14:00:00+00:00,595.0499999999993,597.6999999999992,594.0999999999992,596.8599999999992,1106
2026-06-08T14:15:00+00:00,596.8599999999992,597.1599999999993,594.2399999999992,594.3399999999992,967
2026-06-08T14:30:00+00:00,594.3399999999992,594.9999999999992,592.9499999999992,593.9199999999993,1166
2026-06-08T14:45:00+00:00,593.9199999999993,596.9999999999992,593.9199999999993,596.4899999999992,952
2026-06-08T15:00:00+00:00,596.4899999999992,597.9099999999993,596.1599999999993,596.4199999999993,820
2026-06-08T15:15:00+00:00,596.4199999999993,597.0099999999993,593.8099999999993,593.8099999999993,955
2026-06-08T15:30:00+00:00,593.8099999999993,595.0799999999992,592.7199999999992,594.7699999999993,915
2026-06-08T15:45:00+00:00,594.7699999999993,595.5299999999993,593.4599999999992,593.7199999999992,789
2026-06-08T16:00:00+00:00,593.7199999999992,594.8199999999993,593.1899999999993,593.7999999999993,677
2026-06-08T16:15:00+00:00,593.7999999999993,595.2699999999993,593.7999999999993,594.2499999999992,782
2026-06-08T16:30:00+00:00,594.2499999999992,594.8499999999992,593.1299999999992,593.9499999999992,786
2026-06-08T16:45:00+00:00,593.9499999999992,594.4999999999992,592.8999999999993,592.8999999999993,655
2026-06-08T17:00:00+00:00,592.8999999999993,593.0799999999992,591.1499999999993,592.3499999999992,792
2026-06-08T17:15:00+00:00,592.3499999999992,594.5099999999993,592.3299999999992,594.2799999999993,755
2026-06-08T17:30:00+00:00,594.2799999999993,594.9599999999992,592.1799999999993,592.2199999999992,723
2026-06-08T17:45:00+00:00,592.2199999999992,593.8599999999992,592.1899999999993,593.0799999999992,616
2026-06-08T18:00:00+00:00,593.0799999999992,594.5599999999993,592.8299999999992,593.8699999999992,665
2026-06-08T18:15:00+00:00,593.8699999999992,594.8399999999992,593.7299999999992,594.8199999999993,567
2026-06-08T18:30:00+00:00,594.8199999999993,595.1999999999992,593.4099999999993,593.6099999999992,611
2026-06-08T18:45:00+00:00,593.6099999999992,594.2599999999993,593.6099999999992,593.7999999999993,611
2026-06-08T19:00:00+00:00,593.7999999999993,593.8999999999993,591.6499999999993,591.6599999999993,676
2026-06-08T19:15:00+00:00,591.6599999999993,594.0399999999993,591.5199999999993,593.9799999999992,838
2026-06-08T19:30:00+00:00,593.9799999999992,594.5999999999992,593.2999999999993,594.4599999999992,759
2026-06-08T19:45:00+00:00,594.4599999999992,596.1399999999993,590.8699999999992,591.6199999999992,1815
2026-06-09T13:30:00+00:00,591.6199999999992,601.9399999999993,591.6199999999992,601.7499999999992,2211
2026-06-09T13:45:00+00:00,601.7499999999992,603.8699999999992,599.4099999999993,601.9499999999992,1559
2026-06-09T14:00:00+00:00,601.9499999999992,603.4499999999992,600.4699999999992,600.6599999999993,1274
2026-06-09T14:15:00+00:00,600.6599999999993,602.5199999999993,598.4299999999993,600.4799999999992,1456
2026-06-09T14:30:00+00:00,600.4799999999992,602.9199999999993,600.0199999999993,600.3499999999992,1249
2026-06-09T14:45:00+00:00,600.3499999999992,600.7199999999992,596.4999999999992,599.2099999999992,1594
2026-06-09T15:00:00+00:00,599.2099999999992,601.0499999999993,598.6999999999992,599.3099999999993,1072
2026-06-09T15:15:00+00:00,599.3099999999993,599.5899999999992,594.3099999999993,594.6499999999993,1152
2026-06-09T15:30:00+00:00,594.6499999999993,595.8499999999992,593.8099999999993,595.0499999999993,1284
2026-06-09T15:45:00+00:00,595.0499999999993,596.4299999999993,593.5399999999993,593.5399999999993,1208
2026-06-09T16:00:00+00:00,593.5399999999993,594.6099999999992,591.8199999999993,593.4299999999993,1520
2026-06-09T16:15:00+00:00,593.4299999999993,593.4299999999993,589.6299999999992,592.3199999999993,1573
2026-06-09T16:30:00+00:00,592.3199999999993,593.8799999999992,587.2999999999993,588.9099999999993,2157
2026-06-09T16:45:00+00:00,588.9099999999993,590.4099999999993,587.7299999999992,590.1199999999992,1668
2026-06-09T17:00:00+00:00,590.1199999999992,591.6999999999992,589.3099999999993,591.1599999999993,1077
2026-06-09T17:15:00+00:00,591.1599999999993,593.2999999999993,590.7199999999992,592.9699999999992,867
2026-06-09T17:30:00+00:00,592.9699999999992,596.0399999999993,592.6199999999992,595.4799999999992,866
2026-06-09T17:45:00+00:00,595.4799999999992,595.8999999999993,593.8499999999992,594.7299999999992,951
2026-06-09T18:00:00+00:00,594.7299999999992,596.9099999999993,593.8599999999992,594.5799999999992,846
2026-06-09T18:15:00+00:00,594.5799999999992,596.1999999999992,593.7999999999993,595.8299999999992,939
2026-06-09T18:30:00+00:00,595.8299999999992,596.9599999999992,595.2999999999993,595.4799999999992,863
2026-06-09T18:45:00+00:00,595.4799999999992,597.5899999999992,595.2999999999993,597.0299999999993,858
2026-06-09T19:00:00+00:00,597.0299999999993,597.6699999999993,595.7999999999993,595.9899999999992,973
2026-06-09T19:15:00+00:00,595.9899999999992,596.1999999999992,594.0999999999992,594.4899999999992,1054
2026-06-09T19:30:00+00:00,594.4899999999992,594.6999999999992,592.3399999999992,592.3899999999993,1117
2026-06-09T19:45:00+00:00,592.3899999999993,593.7799999999993,590.1999999999992,591.0599999999993,1920
2026-06-10T13:30:00+00:00,591.0599999999993,597.4699999999992,585.5699999999993,597.3199999999993,1843
2026-06-10T13:45:00+00:00,597.3199999999993,597.5499999999993,593.3599999999992,593.6499999999993,1329
2026-06-10T14:00:00+00:00,593.6499999999993,596.2199999999992,590.7399999999992,591.3999999999993,1321
2026-06-10T14:15:00+00:00,591.3999999999993,592.4799999999992,589.2999999999993,589.7199999999992,860
2026-06-10T14:30:00+00:00,589.7199999999992,589.9199999999993,588.2999999999993,588.3299999999992,917
2026-06-10T14:45:00+00:00,588.3299999999992,588.5999999999992,584.7399999999992,585.2899999999993,1248.2073390094736
2026-06-10T15:00:00+00:00,585.2899999999993,587.0099999999993,581.4199999999993,582.5899999999992,1421
2026-06-10T15:15:00+00:00,582.5899999999992,585.0599999999993,581.7499999999993,584.1099999999993,1043
2026-06-10T15:30:00+00:00,584.1099999999993,586.1999999999992,583.1399999999993,585.7299999999993,842
2026-06-10T15:45:00+00:00,585.7299999999993,586.4299999999993,582.6399999999993,585.8999999999993,1052
2026-06-10T16:00:00+00:00,585.8999999999993,585.9599999999992,583.9499999999992,583.9499999999992,705
2026-06-10T16:15:00+00:00,583.9499999999992,584.4099999999993,582.9999999999993,583.3999999999993,670
2026-06-10T16:30:00+00:00,583.3999999999993,584.4899999999993,582.7099999999992,583.5199999999993,691
2026-06-10T16:45:00+00:00,583.5199999999993,584.4499999999992,582.5899999999992,583.7399999999993,589
2026-06-10T17:00:00+00:00,583.7399999999993,584.2699999999993,581.8399999999992,582.0199999999993,640
2026-06-10T17:15:00+00:00,582.0199999999993,582.6399999999993,581.5899999999992,582.4099999999993,581
2026-06-10T17:30:00+00:00,582.4099999999993,582.4099999999993,580.3099999999993,580.3999999999993,888
2026-06-10T17:45:00+00:00,580.3999999999993,582.1399999999993,580.2699999999993,581.6499999999993,873
2026-06-10T18:00:00+00:00,581.6499999999993,583.3099999999993,581.6499999999993,582.2999999999993,675
2026-06-10T18:15:00+00:00,582.2999999999993,582.6699999999993,581.4299999999993,581.7399999999993,645
2026-06-10T18:30:00+00:00,581.7399999999993,581.7599999999993,579.6099999999993,579.7799999999993,749
2026-06-10T18:45:00+00:00,579.7799999999993,579.9999999999993,578.7199999999992,578.7699999999993,858
2026-06-10T19:00:00+00:00,578.7699999999993,579.4499999999992,578.1999999999992,578.4599999999992,821
2026-06-10T19:15:00+00:00,578.4599999999992,579.4599999999992,576.9899999999993,577.2499999999993,1018
2026-06-10T19:30:00+00:00,577.2499999999993,579.9499999999992,577.0799999999992,579.6399999999993,1122
2026-06-10T19:45:00+00:00,579.6399999999993,579.7999999999993,576.5499999999993,577.2099999999992,1885
2026-06-11T13:30:00+00:00,577.2099999999992,577.2099999999992,567.3899999999993,568.3099999999993,1828
2026-06-11T13:45:00+00:00,568.3099999999993,572.4999999999993,567.9899999999993,569.5199999999993,1587
2026-06-11T14:00:00+00:00,569.5199999999993,571.3399999999992,566.0799999999992,566.2099999999992,1477
2026-06-11T14:15:00+00:00,566.2099999999992,568.7199999999992,564.4899999999993,567.0899999999992,1746
2026-06-11T14:30:00+00:00,567.0899999999992,570.1099999999993,565.5199999999993,567.0599999999993,1374
2026-06-11T14:45:00+00:00,567.0599999999993,567.7299999999993,563.9899999999993,564.6099999999993,1361
2026-06-11T15:00:00+00:00,564.6099999999993,567.6599999999993,563.3899999999993,566.9499999999992,1232
2026-06-11T15:15:00+00:00,566.9499999999992,568.9599999999992,566.9099999999993,566.9099999999993,929
2026-06-11T15:30:00+00:00,566.9099999999993,568.7799999999993,566.7699999999993,567.0599999999993,909
2026-06-11T15:45:00+00:00,567.0599999999993,567.7299999999993,565.9899999999993,567.2499999999993,769
2026-06-11T16:00:00+00:00,567.2499999999993,570.5199999999993,567.0399999999993,570.2899999999993,872
2026-06-11T16:15:00+00:00,570.2899999999993,571.0799999999992,569.6899999999993,569.7199999999992,823
2026-06-11T16:30:00+00:00,569.7199999999992,571.2999999999993,569.0899999999992,569.6299999999993,711
2026-06-11T16:45:00+00:00,569.6299999999993,569.8099999999993,566.5299999999993,566.6899999999993,749
2026-06-11T17:00:00+00:00,566.6899999999993,567.3599999999993,564.1599999999993,566.6499999999993,1093
2026-06-11T17:15:00+00:00,566.6499999999993,572.2399999999993,565.4199999999993,572.0299999999993,1132
2026-06-11T17:30:00+00:00,572.0299999999993,575.1699999999993,571.2099999999992,574.7899999999993,1691
2026-06-11T17:45:00+00:00,574.7899999999993,575.1199999999993,572.8799999999993,574.8799999999993,823
2026-06-11T18:00:00+00:00,574.8799999999993,575.1299999999993,571.4899999999993,572.9099999999993,855
2026-06-11T18:15:00+00:00,572.9099999999993,574.9399999999993,572.6899999999993,573.4099999999993,856
2026-06-11T18:30:00+00:00,573.4099999999993,574.0199999999993,572.4999999999993,573.6799999999993,807
2026-06-11T18:45:00+00:00,573.6799999999993,574.6199999999993,573.3699999999993,573.4699999999992,794
2026-06-11T19:00:00+00:00,573.4699999999992,575.2599999999993,573.3999999999993,574.4099999999993,985
2026-06-11T19:15:00+00:00,574.4099999999993,576.2799999999993,574.4099999999993,576.0199999999993,1083
2026-06-11T19:30:00+00:00,576.0199999999993,578.5199999999993,575.9999999999993,576.6499999999993,1494
2026-06-11T19:45:00+00:00,576.6499999999993,576.7099999999992,573.2099999999992,574.6999999999992,2292
2026-06-12T13:30:00+00:00,574.6999999999992,582.2399999999993,572.3899999999993,572.4299999999993,2097
2026-06-12T13:45:00+00:00,572.4299999999993,572.8099999999993,567.1999999999992,570.2299999999993,1592
2026-06-12T14:00:00+00:00,570.2299999999993,571.8799999999993,569.6699999999993,570.1699999999993,1190
2026-06-12T14:15:00+00:00,570.1699999999993,572.4099999999993,569.7599999999993,571.9199999999993,1021
2026-06-12T14:30:00+00:00,571.9199999999993,574.2599999999993,569.4899999999993,569.5399999999993,1045
2026-06-12T14:45:00+00:00,569.5399999999993,577.1999999999992,569.4899999999993,576.7699999999993,1426.4058450510063
2026-06-12T15:00:00+00:00,576.7699999999993,578.3299999999994,576.0999999999993,577.9699999999993,1091
2026-06-12T15:15:00+00:00,577.9699999999993,580.9599999999994,577.4899999999993,578.3299999999994,1181
2026-06-12T15:30:00+00:00,578.3299999999994,578.6899999999993,576.0299999999993,577.3799999999993,1167
2026-06-12T15:45:00+00:00,577.3799999999993,578.5499999999993,575.1799999999993,575.5099999999993,1009
2026-06-12T16:00:00+00:00,575.5099999999993,578.0899999999993,574.3899999999993,577.4899999999993,1108
2026-06-12T16:15:00+00:00,577.4899999999993,578.6399999999993,576.5799999999994,577.6299999999993,757
2026-06-12T16:30:00+00:00,577.6299999999993,577.8899999999993,576.4899999999993,576.6999999999994,689
2026-06-12T16:45:00+00:00,576.6999999999994,577.3099999999993,575.9299999999993,576.4999999999993,758
2026-06-12T17:00:00+00:00,576.4999999999993,579.1599999999993,574.7699999999993,575.1099999999993,866
2026-06-12T17:15:00+00:00,575.1099999999993,575.9299999999993,573.7599999999993,574.1199999999993,681
2026-06-12T17:30:00+00:00,574.1199999999993,574.1999999999994,572.3099999999993,572.4499999999994,736
2026-06-12T17:45:00+00:00,572.4499999999994,573.2399999999993,572.1399999999993,572.8699999999993,610
2026-06-12T18:00:00+00:00,572.8699999999993,573.5099999999993,571.9899999999993,572.4899999999993,717
2026-06-12T18:15:00+00:00,572.4899999999993,572.8799999999993,571.3099999999993,571.8599999999993,700
2026-06-12T18:30:00+00:00,571.8599999999993,573.7799999999993,571.6999999999994,573.6999999999994,736
2026-06-12T18:45:00+00:00,573.6999999999994,573.6999999999994,572.2199999999993,572.3999999999993,734
2026-06-12T19:00:00+00:00,572.3999999999993,573.6299999999993,572.2899999999993,572.6099999999993,708
2026-06-12T19:15:00+00:00,572.6099999999993,573.9199999999993,572.1399999999993,573.0699999999993,758
2026-06-12T19:30:00+00:00,573.0699999999993,573.1499999999993,570.4899999999993,570.7199999999993,917
2026-06-12T19:45:00+00:00,570.7199999999993,574.3399999999993,569.6399999999993,573.4099999999993,1547
2026-06-15T13:30:00+00:00,573.4099999999993,597.8799999999993,573.4099999999993,594.8699999999993,2640
2026-06-15T13:45:00+00:00,594.8699999999993,598.6499999999993,593.0099999999993,598.0999999999993,1657
2026-06-15T14:00:00+00:00,598.0999999999993,600.1499999999993,598.0599999999993,598.6999999999994,1266
2026-06-15T14:15:00+00:00,598.6999999999994,598.7199999999993,594.9899999999993,596.7499999999993,1129
2026-06-15T14:30:00+00:00,596.7499999999993,599.7399999999993,596.5099999999993,599.0199999999993,1004
2026-06-15T14:45:00+00:00,599.0199999999993,601.0099999999993,598.9899999999993,600.6199999999993,1101
2026-06-15T15:00:00+00:00,600.6199999999993,602.7899999999993,599.9099999999993,601.9599999999994,1200
2026-06-15T15:15:00+00:00,601.9599999999994,604.0699999999993,601.4699999999993,603.1799999999993,979
2026-06-15T15:30:00+00:00,603.1799999999993,605.7099999999994,602.3899999999993,605.5899999999993,1050
2026-06-15T15:45:00+00:00,605.5899999999993,607.0699999999993,605.5799999999994,606.1999999999994,1034
2026-06-15T16:00:00+00:00,606.1999999999994,606.7299999999993,605.7199999999993,606.3899999999993,845
2026-06-15T16:15:00+00:00,606.3899999999993,607.6699999999993,605.0099999999993,605.3599999999993,896
2026-06-15T16:30:00+00:00,605.3599999999993,605.4299999999993,602.5299999999993,602.8399999999993,823
2026-06-15T16:45:00+00:00,602.8399999999993,603.9599999999994,602.4899999999993,603.2499999999993,865
2026-06-15T17:00:00+00:00,603.2499999999993,603.6499999999993,602.0199999999993,602.4999999999993,738
2026-06-15T17:15:00+00:00,602.4999999999993,603.2099999999994,601.1899999999993,601.1899999999993,636
2026-06-15T17:30:00+00:00,601.1899999999993,603.1299999999993,600.6999999999994,602.1199999999993,795
2026-06-15T17:45:00+00:00,602.1199999999993,602.5399999999993,601.5399999999993,601.5999999999993,595
2026-06-15T18:00:00+00:00,601.5999999999993,601.8699999999993,600.8899999999993,601.6699999999993,631
2026-06-15T18:15:00+00:00,601.6699999999993,602.4499999999994,601.2399999999993,601.8099999999993,783
2026-06-15T18:30:00+00:00,601.8099999999993,601.9599999999994,600.5099999999993,600.8699999999993,694
2026-06-15T18:45:00+00:00,600.8699999999993,601.4799999999993,600.7399999999993,601.0199999999993,692
2026-06-15T19:00:00+00:00,601.0199999999993,601.0799999999994,599.4099999999993,599.5199999999993,870
2026-06-15T19:15:00+00:00,599.5199999999993,599.8599999999993,597.5999999999993,597.6499999999993,819
2026-06-15T19:30:00+00:00,597.6499999999993,599.0499999999993,597.0799999999994,598.5599999999993,1127
2026-06-15T19:45:00+00:00,598.5599999999993,600.3899999999993,597.6499999999993,599.6499999999993,1843
2026-06-16T13:30:00+00:00,599.6499999999993,608.2099999999994,598.7399999999993,606.3999999999993,1691
2026-06-16T13:45:00+00:00,606.3999999999993,612.1199999999993,606.1099999999993,608.5999999999993,1820
2026-06-16T14:00:00+00:00,608.5999999999993,611.8799999999993,605.5199999999993,605.5399999999993,1453
2026-06-16T14:15:00+00:00,605.5399999999993,606.2399999999993,599.8399999999993,599.8599999999993,1293
2026-06-16T14:30:00+00:00,599.8599999999993,600.2099999999994,598.4299999999993,599.0299999999993,1041
2026-06-16T14:45:00+00:00,599.0299999999993,603.7299999999993,598.7699999999993,602.3399999999993,932
2026-06-16T15:00:00+00:00,602.3399999999993,604.6499999999993,602.2599999999993,603.9499999999994,816
2026-06-16T15:15:00+00:00,603.9499999999994,605.1599999999993,603.0699999999993,603.1299999999993,669
2026-06-16T15:30:00+00:00,603.1299999999993,603.4099999999993,600.9999999999993,601.5999999999993,786
2026-06-16T15:45:00+00:00,601.5999999999993,602.3599999999993,600.8699999999993,601.4899999999993,669
2026-06-16T16:00:00+00:00,601.4899999999993,602.3199999999993,601.0199999999993,602.2099999999994,529
2026-06-16T16:15:00+00:00,602.2099999999994,603.0999999999993,601.9899999999993,602.7199999999993,532
2026-06-16T16:30:00+00:00,602.7199999999993,604.0799999999994,602.5099999999993,603.2199999999993,593
2026-06-16T16:45:00+00:00,603.2199999999993,604.0799999999994,602.1099999999993,603.5999999999993,541
2026-06-16T17:00:00+00:00,603.5999999999993,604.0799999999994,602.5999999999993,602.6299999999993,533
2026-06-16T17:15:00+00:00,602.6299999999993,603.0999999999993,602.2899999999993,602.6199999999993,527
2026-06-16T17:30:00+00:00,602.6199999999993,602.9999999999993,601.5699999999993,601.5799999999994,636
2026-06-16T17:45:00+00:00,601.5799999999994,602.5899999999993,601.5699999999993,602.3199999999993,481
2026-06-16T18:00:00+00:00,602.3199999999993,603.5399999999993,602.2499999999993,603.4799999999993,473
2026-06-16T18:15:00+00:00,603.4799999999993,605.0699999999993,603.2599999999993,604.5599999999993,470
2026-06-16T18:30:00+00:00,604.5599999999993,606.1099999999993,604.5299999999993,605.4899999999993,543
2026-06-16T18:45:00+00:00,605.4899999999993,606.6199999999993,605.2899999999993,605.9699999999993,617
2026-06-16T19:00:00+00:00,605.9699999999993,606.4099999999993,604.8199999999993,606.0099999999993,837
2026-06-16T19:15:00+00:00,606.0099999999993,606.2999999999993,604.5999999999993,605.1999999999994,918
2026-06-16T19:30:00+00:00,605.1999999999994,605.6799999999993,603.2099999999994,603.7799999999993,782
2026-06-16T19:45:00+00:00,603.7799999999993,607.6399999999993,603.3699999999993,606.4899999999993,2061
2026-06-17T13:30:00+00:00,606.4899999999993,606.4899999999993,592.1399999999993,592.5199999999993,2864
2026-06-17T13:45:00+00:00,592.5199999999993,593.8299999999994,591.1899999999993,591.3999999999993,2286
2026-06-17T14:00:00+00:00,591.3999999999993,593.0999999999993,590.3699999999993,592.6099999999993,3108
2026-06-17T14:15:00+00:00,592.6099999999993,593.6899999999993,591.2399999999993,591.4999999999993,2366
2026-06-17T14:30:00+00:00,591.4999999999993,592.0499999999993,588.5899999999993,589.1299999999993,2135
2026-06-17T14:45:00+00:00,589.1299999999993,589.7099999999994,587.4399999999993,588.4599999999994,2469.581228330857
2026-06-17T15:00:00+00:00,588.4599999999994,588.7699999999993,586.0499999999994,587.4599999999994,2085
2026-06-17T15:15:00+00:00,587.4599999999994,588.1399999999993,586.5999999999993,586.9899999999993,1581
2026-06-17T15:30:00+00:00,586.9899999999993,587.7699999999993,586.6499999999993,587.1399999999993,661
2026-06-17T15:45:00+00:00,587.1399999999993,587.6899999999994,586.5599999999994,587.0799999999994,743
2026-06-17T16:00:00+00:00,587.0799999999994,587.4799999999993,586.1099999999993,586.6499999999993,771
2026-06-17T16:15:00+00:00,586.6499999999993,587.8399999999993,586.3799999999993,586.6999999999994,751
2026-06-17T16:30:00+00:00,586.6999999999994,586.9999999999993,584.5499999999994,584.8299999999994,871
2026-06-17T16:45:00+00:00,584.8299999999994,585.1199999999993,583.8499999999993,584.5999999999993,851
2026-06-17T17:00:00+00:00,584.5999999999993,584.9099999999994,583.2099999999994,584.2599999999993,807
2026-06-17T17:15:00+00:00,584.2599999999993,585.9199999999994,583.9499999999994,585.8899999999993,796
2026-06-17T17:30:00+00:00,585.8899999999993,587.1499999999993,585.5099999999993,586.0899999999993,675
2026-06-17T17:45:00+00:00,586.0899999999993,587.2099999999994,585.6099999999993,586.5599999999994,697
2026-06-17T18:00:00+00:00,586.5599999999994,586.7099999999994,581.2799999999993,583.1699999999994,1821
2026-06-17T18:15:00+00:00,583.1699999999994,584.4199999999994,581.0299999999993,582.1099999999993,1194
2026-06-17T18:30:00+00:00,582.1099999999993,582.2699999999993,579.2499999999993,581.7599999999993,1543
2026-06-17T18:45:00+00:00,581.7599999999993,582.0499999999994,578.7299999999993,578.9899999999993,1285
2026-06-17T19:00:00+00:00,578.9899999999993,580.1199999999993,576.8199999999994,578.7299999999993,1568
2026-06-17T19:15:00+00:00,578.7299999999993,579.2699999999993,575.9999999999993,576.1899999999994,1409
2026-06-17T19:30:00+00:00,576.1899999999994,577.2099999999994,574.9799999999993,574.9999999999993,1671
2026-06-17T19:45:00+00:00,574.9999999999993,576.7399999999993,572.9399999999994,573.9799999999993,2626
2026-06-18T13:30:00+00:00,573.9799999999993,582.7299999999993,569.9799999999993,569.9799999999993,4172
2026-06-18T13:45:00+00:00,569.9799999999993,573.7499999999993,569.5499999999994,572.2199999999993,3874
2026-06-18T14:00:00+00:00,572.2199999999993,579.2199999999993,572.0499999999994,576.9799999999993,3412
2026-06-18T14:15:00+00:00,576.9799999999993,579.6699999999994,576.1499999999993,576.2899999999994,3075
2026-06-18T14:30:00+00:00,576.2899999999994,578.3599999999993,575.7499999999993,576.2099999999994,2421
2026-06-18T14:45:00+00:00,576.2099999999994,578.8399999999992,575.3499999999993,578.1499999999993,1926.2089277496548
2026-06-18T15:00:00+00:00,578.1499999999993,579.7599999999992,577.0999999999992,577.9799999999992,1734
2026-06-18T15:15:00+00:00,577.9799999999992,579.7899999999993,577.2499999999992,579.5799999999992,1679
2026-06-18T15:30:00+00:00,579.5799999999992,580.6499999999993,579.0599999999993,580.3299999999992,1813
2026-06-18T15:45:00+00:00,580.3299999999992,585.0999999999992,579.8899999999992,583.3599999999992,1858
2026-06-18T16:00:00+00:00,583.3599999999992,583.7599999999992,580.8199999999993,582.0199999999993,1854
2026-06-18T16:15:00+00:00,582.0199999999993,583.3399999999992,581.5699999999993,582.4399999999993,1328
2026-06-18T16:30:00+00:00,582.4399999999993,584.4299999999993,582.0599999999993,583.3699999999992,1263
2026-06-18T16:45:00+00:00,583.3699999999992,584.0899999999992,583.1199999999992,583.7199999999992,934
2026-06-18T17:00:00+00:00,583.7199999999992,585.0899999999992,583.3999999999993,583.8799999999992,1031
2026-06-18T17:15:00+00:00,583.8799999999992,584.8499999999992,583.8599999999992,584.3799999999992,1016
2026-06-18T17:30:00+00:00,584.3799999999992,585.3199999999993,582.6499999999993,583.4399999999993,1150
2026-06-18T17:45:00+00:00,583.4399999999993,583.8299999999992,582.6499999999993,582.8699999999992,931
2026-06-18T18:00:00+00:00,582.8699999999992,582.8699999999992,581.0899999999992,581.1199999999992,1200
2026-06-18T18:15:00+00:00,581.1199999999992,581.1199999999992,579.8699999999992,579.9599999999992,1073
2026-06-18T18:30:00+00:00,579.9599999999992,582.1599999999993,579.6499999999993,582.1499999999993,928
2026-06-18T18:45:00+00:00,582.1499999999993,583.0199999999993,582.0799999999992,582.6899999999993,1000
2026-06-18T19:00:00+00:00,582.6899999999993,582.8199999999993,580.1699999999993,580.3499999999992,1063
2026-06-18T19:15:00+00:00,580.3499999999992,581.6999999999992,579.5699999999993,581.2199999999992,1140
2026-06-18T19:30:00+00:00,581.2199999999992,581.3499999999992,579.8599999999992,581.1999999999992,1164
2026-06-18T19:45:00+00:00,581.1999999999992,586.5899999999992,581.0799999999992,583.7299999999992,2862
2026-06-22T13:30:00+00:00,583.7299999999992,583.7299999999992,573.8999999999993,580.1099999999992,3547
2026-06-22T13:45:00+00:00,580.1099999999992,582.2299999999992,578.7599999999992,581.3199999999993,3245
2026-06-22T14:00:00+00:00,581.3199999999993,581.8599999999992,578.0599999999993,578.8899999999992,2300
2026-06-22T14:15:00+00:00,578.8899999999992,578.8899999999992,573.5599999999993,574.0899999999992,2331
2026-06-22T14:30:00+00:00,574.0899999999992,575.0099999999992,572.5899999999992,573.7899999999993,2354
2026-06-22T14:45:00+00:00,573.7899999999993,574.0699999999993,568.0299999999993,569.1299999999992,2312
2026-06-22T15:00:00+00:00,569.1299999999992,570.3699999999992,567.4399999999993,567.4499999999992,1659
2026-06-22T15:15:00+00:00,567.4499999999992,568.2899999999993,566.5799999999992,567.0399999999993,1799
2026-06-22T15:30:00+00:00,567.0399999999993,570.3399999999992,566.3599999999992,570.2299999999992,1909
2026-06-22T15:45:00+00:00,570.2299999999992,571.0599999999993,568.0199999999993,569.1599999999993,1618
2026-06-22T16:00:00+00:00,569.1599999999993,569.5799999999992,568.0499999999993,568.7299999999992,1452
2026-06-22T16:15:00+00:00,568.7299999999992,569.2599999999992,567.2599999999992,567.3499999999992,1006
2026-06-22T16:30:00+00:00,567.3499999999992,568.1899999999993,566.8199999999993,568.0299999999993,1080
2026-06-22T16:45:00+00:00,568.0299999999993,569.0099999999992,567.7599999999992,568.6499999999993,961
2026-06-22T17:00:00+00:00,568.6499999999993,569.5099999999992,568.3899999999992,569.3999999999993,981
2026-06-22T17:15:00+00:00,569.3999999999993,570.2499999999992,568.8599999999992,569.0999999999992,1070
2026-06-22T17:30:00+00:00,569.0999999999992,569.0999999999992,567.9399999999993,568.7299999999992,1106
2026-06-22T17:45:00+00:00,568.7299999999992,571.0799999999992,568.6999999999992,570.3599999999992,906
2026-06-22T18:00:00+00:00,570.3599999999992,571.7599999999992,569.9899999999992,571.5799999999992,870
2026-06-22T18:15:00+00:00,571.5799999999992,572.5799999999992,571.4899999999992,572.0099999999992,813
2026-06-22T18:30:00+00:00,572.0099999999992,572.5799999999992,571.8099999999993,572.1199999999992,778
2026-06-22T18:45:00+00:00,572.1199999999992,572.3599999999992,571.5699999999993,571.5699999999993,919
2026-06-22T19:00:00+00:00,571.5699999999993,572.4799999999992,571.3099999999993,572.0999999999992,777
2026-06-22T19:15:00+00:00,572.0999999999992,572.3899999999992,570.6699999999993,571.0799999999992,987
2026-06-22T19:30:00+00:00,571.0799999999992,571.9099999999993,570.5599999999993,570.8699999999992,1037
2026-06-22T19:45:00+00:00,570.8699999999992,572.5199999999993,568.7699999999993,570.3199999999993,2112
2026-06-23T13:30:00+00:00,570.3199999999993,576.3399999999992,567.5299999999993,574.9699999999992,3856
2026-06-23T13:45:00+00:00,574.9699999999992,578.7299999999992,573.4399999999993,578.0899999999992,3746
2026-06-23T14:00:00+00:00,578.0899999999992,578.2499999999992,575.2199999999992,576.2199999999992,3758
2026-06-23T14:15:00+00:00,576.2199999999992,576.8099999999993,573.9199999999993,575.0399999999993,2390
2026-06-23T14:30:00+00:00,575.0399999999993,575.6099999999992,573.7399999999992,574.5799999999992,1999
2026-06-23T14:45:00+00:00,574.5799999999992,574.8599999999992,571.7699999999993,572.1699999999993,1885
2026-06-23T15:00:00+00:00,572.1699999999993,572.2199999999992,570.4099999999993,572.0699999999993,1743
2026-06-23T15:15:00+00:00,572.0699999999993,572.4299999999993,568.5799999999992,569.7499999999992,1846
2026-06-23T15:30:00+00:00,569.7499999999992,570.1399999999992,568.7899999999993,569.4199999999993,1739
2026-06-23T15:45:00+00:00,569.4199999999993,571.0299999999993,568.8499999999992,570.4999999999992,1597
2026-06-23T16:00:00+00:00,570.4999999999992,571.0899999999992,569.5599999999993,569.8999999999993,1370
2026-06-23T16:15:00+00:00,569.8999999999993,570.8099999999993,569.6999999999992,570.3999999999993,1502
2026-06-23T16:30:00+00:00,570.3999999999993,575.1499999999993,570.0599999999993,571.4799999999992,2009
2026-06-23T16:45:00+00:00,571.4799999999992,573.6199999999992,571.2999999999993,572.7399999999992,1944
2026-06-23T17:00:00+00:00,572.7399999999992,572.8999999999993,570.3999999999993,571.5099999999992,1378
2026-06-23T17:15:00+00:00,571.5099999999992,572.3499999999992,570.5599999999993,572.1899999999993,1451
2026-06-23T17:30:00+00:00,572.1899999999993,574.1299999999992,571.5599999999993,572.5799999999992,1564
2026-06-23T17:45:00+00:00,572.5799999999992,572.8299999999992,571.0099999999992,571.2999999999993,1437
2026-06-23T18:00:00+00:00,571.2999999999993,571.4199999999993,569.6599999999993,570.3599999999992,1350
2026-06-23T18:15:00+00:00,570.3599999999992,570.7399999999992,568.8999999999993,569.1799999999993,932
2026-06-23T18:30:00+00:00,569.1799999999993,569.9199999999993,568.1599999999993,568.5699999999993,1110
2026-06-23T18:45:00+00:00,568.5699999999993,569.4799999999992,568.3699999999992,569.2299999999992,1352
2026-06-23T19:00:00+00:00,569.2299999999992,570.9299999999993,569.0699999999993,570.0199999999993,1460
2026-06-23T19:15:00+00:00,570.0199999999993,570.6199999999992,569.0599999999993,569.0599999999993,1424
2026-06-23T19:30:00+00:00,569.0599999999993,570.3699999999992,568.5699999999993,569.8299999999992,1506
2026-06-23T19:45:00+00:00,569.8299999999992,570.2499999999992,568.4899999999992,568.4999999999992,2660
2026-06-24T13:30:00+00:00,568.4999999999992,575.3499999999992,563.9599999999992,570.0699999999993,2322
2026-06-24T13:45:00+00:00,570.0699999999993,570.8999999999993,567.5899999999992,568.6999999999992,1464
2026-06-24T14:00:00+00:00,568.6999999999992,568.7999999999993,566.8099999999993,567.7799999999993,1269
2026-06-24T14:15:00+00:00,567.7799999999993,570.3999999999993,567.0599999999993,569.0999999999992,1008
2026-06-24T14:30:00+00:00,569.0999999999992,570.6999999999992,566.2599999999992,569.4199999999993,939
2026-06-24T14:45:00+00:00,569.4199999999993,572.7299999999992,569.2499999999992,572.7199999999992,1001.7541118421052
2026-06-24T15:00:00+00:00,572.7199999999992,573.8399999999992,571.4099999999993,572.6199999999992,993
2026-06-24T15:15:00+00:00,572.6199999999992,574.6599999999993,571.7899999999993,573.0499999999993,1082
2026-06-24T15:30:00+00:00,573.0499999999993,573.3799999999992,569.8999999999992,569.9799999999992,921
2026-06-24T15:45:00+00:00,569.9799999999992,570.7999999999993,569.1699999999993,569.5399999999993,787
2026-06-24T16:00:00+00:00,569.5399999999993,570.6999999999992,569.1999999999992,570.0399999999993,647
2026-06-24T16:15:00+00:00,570.0399999999993,571.1699999999993,569.8299999999992,570.1699999999993,622
2026-06-24T16:30:00+00:00,570.1699999999993,570.2499999999992,566.7999999999993,567.2499999999992,932
2026-06-24T16:45:00+00:00,567.2499999999992,567.8299999999992,565.5799999999992,565.6999999999992,941
2026-06-24T17:00:00+00:00,565.6999999999992,566.6999999999992,565.1899999999993,565.3899999999992,791
2026-06-24T17:15:00+00:00,565.3899999999992,565.4899999999992,562.2499999999992,563.5099999999992,1302
2026-06-24T17:30:00+00:00,563.5099999999992,563.9999999999992,562.5099999999992,562.9699999999992,1175
2026-06-24T17:45:00+00:00,562.9699999999992,563.8099999999993,562.7799999999992,562.9199999999993,918
2026-06-24T18:00:00+00:00,562.9199999999993,564.9899999999992,562.7999999999993,564.6699999999993,1053
2026-06-24T18:15:00+00:00,564.6699999999993,567.1699999999993,564.1999999999992,566.4799999999992,1097
2026-06-24T18:30:00+00:00,566.4799999999992,567.5699999999993,565.7299999999992,566.1099999999992,1090
2026-06-24T18:45:00+00:00,566.1099999999992,566.3099999999993,564.4299999999993,564.6299999999992,1060
2026-06-24T19:00:00+00:00,564.6299999999992,565.8599999999992,563.2599999999992,565.3899999999992,1353
2026-06-24T19:15:00+00:00,565.3899999999992,566.0399999999993,564.2099999999992,564.3599999999992,1263
2026-06-24T19:30:00+00:00,564.3599999999992,564.6599999999993,563.7299999999992,563.8299999999992,1640
2026-06-24T19:45:00+00:00,563.8299999999992,565.9599999999992,563.7099999999992,564.4199999999993,2105
2026-06-25T13:30:00+00:00,564.4199999999993,564.4199999999993,546.8399999999992,550.7599999999992,3220
2026-06-25T13:45:00+00:00,550.7599999999992,555.3899999999992,549.5999999999992,554.3299999999992,2404
2026-06-25T14:00:00+00:00,554.3299999999992,558.1699999999993,553.3899999999992,557.6999999999992,1617
2026-06-25T14:15:00+00:00,557.6999999999992,560.3499999999992,556.0899999999992,560.1799999999993,1398
2026-06-25T14:30:00+00:00,560.1799999999993,562.2799999999992,559.6999999999992,560.6999999999992,1167
2026-06-25T14:45:00+00:00,560.6999999999992,562.9499999999992,558.8499999999992,559.2699999999992,1045
2026-06-25T15:00:00+00:00,559.2699999999992,559.9599999999992,555.7699999999992,557.0999999999992,1112
2026-06-25T15:15:00+00:00,557.0999999999992,559.7699999999992,556.2999999999993,559.2999999999993,1066
2026-06-25T15:30:00+00:00,559.2999999999993,561.1499999999992,557.3099999999993,558.2499999999992,1252
2026-06-25T15:45:00+00:00,558.2499999999992,558.4999999999992,556.1199999999992,556.4399999999993,751
2026-06-25T16:00:00+00:00,556.4399999999993,556.6099999999992,554.7199999999992,555.0999999999992,891
2026-06-25T16:15:00+00:00,555.0999999999992,555.4599999999992,553.5999999999992,553.9499999999992,871
2026-06-25T16:30:00+00:00,553.9499999999992,553.9499999999992,552.1999999999992,553.2999999999993,879
2026-06-25T16:45:00+00:00,553.2999999999993,554.0199999999992,552.4699999999992,553.2799999999992,847
2026-06-25T17:00:00+00:00,553.2799999999992,553.5299999999992,550.9599999999992,552.3699999999992,852
2026-06-25T17:15:00+00:00,552.3699999999992,552.9199999999993,550.4099999999993,551.0199999999992,808
2026-06-25T17:30:00+00:00,551.0199999999992,551.3399999999992,549.9999999999992,550.1799999999993,749
2026-06-25T17:45:00+00:00,550.1799999999993,552.1499999999992,549.7099999999992,551.9599999999992,886
2026-06-25T18:00:00+00:00,551.9599999999992,552.2699999999992,549.9099999999993,552.0399999999993,979
2026-06-25T18:15:00+00:00,552.0399999999993,555.1299999999992,551.7999999999993,554.9099999999993,910
2026-06-25T18:30:00+00:00,554.9099999999993,555.0899999999992,552.4699999999992,552.9099999999993,836
2026-06-25T18:45:00+00:00,552.9099999999993,553.9199999999993,551.9999999999992,553.1699999999993,717
2026-06-25T19:00:00+00:00,553.1699999999993,553.3599999999992,552.1999999999992,552.7199999999992,933
2026-06-25T19:15:00+00:00,552.7199999999992,553.4499999999992,552.2099999999992,552.4099999999993,1005
2026-06-25T19:30:00+00:00,552.4099999999993,553.2899999999993,550.9999999999992,551.0899999999992,1334
2026-06-25T19:45:00+00:00,551.0899999999992,551.9199999999993,549.0199999999992,549.6599999999993,2457
2026-06-26T13:30:00+00:00,549.6599999999993,552.2699999999992,547.0999999999992,550.6999999999992,2667
2026-06-26T13:45:00+00:00,550.6999999999992,550.7599999999992,548.6999999999992,549.1699999999993,1417
2026-06-26T14:00:00+00:00,549.1699999999993,556.3099999999993,548.8099999999993,555.7799999999992,1291
2026-06-26T14:15:00+00:00,555.7799999999992,558.4499999999992,555.6999999999992,557.2499999999992,1261
2026-06-26T14:30:00+00:00,557.2499999999992,558.9799999999992,557.0299999999992,557.9299999999993,1165
2026-06-26T14:45:00+00:00,557.9299999999993,560.1099999999992,557.7099999999992,558.9999999999992,1068.4589488148404
2026-06-26T15:00:00+00:00,558.9999999999992,560.9699999999992,558.7299999999992,560.4099999999992,944
2026-06-26T15:15:00+00:00,560.4099999999992,562.4899999999992,559.7499999999992,562.2899999999992,1191
2026-06-26T15:30:00+00:00,562.2899999999992,563.3399999999992,561.7299999999992,563.1099999999992,1054
2026-06-26T15:45:00+00:00,563.1099999999992,563.3599999999992,561.5299999999992,562.3199999999993,1032
2026-06-26T16:00:00+00:00,562.3199999999993,563.5099999999992,561.0299999999992,562.2399999999992,1033
2026-06-26T16:15:00+00:00,562.2399999999992,563.3799999999992,561.0299999999992,561.1399999999992,923
2026-06-26T16:30:00+00:00,561.1399999999992,562.7499999999992,559.7399999999992,559.8999999999992,821
2026-06-26T16:45:00+00:00,559.8999999999992,561.1999999999992,559.7299999999992,560.0599999999991,759
2026-06-26T17:00:00+00:00,560.0599999999991,561.2199999999992,559.7299999999992,560.1399999999992,655
2026-06-26T17:15:00+00:00,560.1399999999992,561.6099999999992,559.7299999999992,561.2499999999992,634
2026-06-26T17:30:00+00:00,561.2499999999992,561.8799999999992,559.9999999999992,561.0499999999992,748
2026-06-26T17:45:00+00:00,561.0499999999992,561.9399999999993,560.7299999999992,561.4599999999992,758
2026-06-26T18:00:00+00:00,561.4599999999992,562.5699999999993,561.4599999999992,562.1799999999992,680
2026-06-26T18:15:00+00:00,562.1799999999992,562.4599999999992,560.0999999999992,560.1199999999992,702
2026-06-26T18:30:00+00:00,560.1199999999992,560.4499999999992,557.5299999999992,558.6199999999992,911
2026-06-26T18:45:00+00:00,558.6199999999992,558.6199999999992,556.4999999999992,556.8699999999992,887
2026-06-26T19:00:00+00:00,556.8699999999992,557.5099999999992,556.5199999999992,556.7899999999992,889
2026-06-26T19:15:00+00:00,556.7899999999992,557.5899999999992,556.5799999999992,556.7399999999992,831
2026-06-26T19:30:00+00:00,556.7399999999992,557.5599999999991,555.7199999999992,555.8099999999991,1070
2026-06-26T19:45:00+00:00,555.8099999999991,558.6099999999992,555.5399999999992,555.8799999999992,2578
2026-06-29T13:30:00+00:00,555.8799999999992,574.7099999999992,555.8799999999992,571.1999999999992,3324
2026-06-29T13:45:00+00:00,571.1999999999992,577.4299999999992,571.0899999999992,573.0499999999992,2453
2026-06-29T14:00:00+00:00,573.0499999999992,574.5799999999992,571.1699999999992,571.9799999999992,1876
2026-06-29T14:15:00+00:00,571.9799999999992,576.0399999999992,571.8299999999992,574.5399999999992,1549
2026-06-29T14:30:00+00:00,574.5399999999992,575.9799999999992,572.2699999999992,574.4099999999992,1408
2026-06-29T14:45:00+00:00,574.4099999999992,574.5099999999992,571.6799999999992,572.0299999999992,1476
2026-06-29T15:00:00+00:00,572.0299999999992,572.5299999999992,569.0699999999993,570.2699999999992,894
2026-06-29T15:15:00+00:00,570.2699999999992,573.7399999999992,569.7299999999992,573.2999999999992,973
2026-06-29T15:30:00+00:00,573.2999999999992,573.5599999999991,570.8699999999992,572.1799999999992,855
2026-06-29T15:45:00+00:00,572.1799999999992,572.6399999999992,570.8699999999992,571.2399999999992,766
2026-06-29T16:00:00+00:00,571.2399999999992,572.2499999999992,569.9599999999992,570.3699999999992,759
2026-06-29T16:15:00+00:00,570.3699999999992,571.3399999999992,569.8799999999992,571.0099999999992,603
2026-06-29T16:30:00+00:00,571.0099999999992,571.3299999999992,569.7399999999992,570.8199999999993,760
2026-06-29T16:45:00+00:00,570.8199999999993,572.4699999999992,570.6099999999992,571.6499999999992,857
2026-06-29T17:00:00+00:00,571.6499999999992,572.4599999999992,571.1999999999992,572.0699999999993,710
2026-06-29T17:15:00+00:00,572.0699999999993,572.1599999999992,570.7299999999992,571.1599999999992,842
2026-06-29T17:30:00+00:00,571.1599999999992,572.7599999999992,570.7299999999992,572.3099999999991,736
2026-06-29T17:45:00+00:00,572.3099999999991,572.7599999999992,571.5699999999993,571.8199999999993,559
2026-06-29T18:00:00+00:00,571.8199999999993,572.5699999999993,571.7299999999992,572.0599999999991,531
2026-06-29T18:15:00+00:00,572.0599999999991,572.2399999999992,571.3199999999993,571.7499999999992,550
2026-06-29T18:30:00+00:00,571.7499999999992,573.3399999999992,571.7299999999992,572.7399999999992,803
2026-06-29T18:45:00+00:00,572.7399999999992,572.7699999999992,571.1899999999993,572.0899999999992,636
2026-06-29T19:00:00+00:00,572.0899999999992,572.7699999999992,571.7899999999992,572.4399999999993,702
2026-06-29T19:15:00+00:00,572.4399999999993,572.6599999999992,570.6799999999992,570.6799999999992,923
2026-06-29T19:30:00+00:00,570.6799999999992,573.3199999999993,570.5199999999992,573.1499999999992,892
2026-06-29T19:45:00+00:00,573.1499999999992,574.0499999999992,568.7399999999992,569.2299999999992,2344
2026-06-30T13:30:00+00:00,569.2299999999992,569.2299999999992,561.5299999999992,563.7899999999992,2305
2026-06-30T13:45:00+00:00,563.7899999999992,564.4999999999992,562.0299999999992,563.0199999999992,1163
2026-06-30T14:00:00+00:00,563.0199999999992,563.7299999999992,560.7299999999992,561.4899999999992,1125
2026-06-30T14:15:00+00:00,561.4899999999992,563.3499999999992,561.4899999999992,562.9199999999992,806
2026-06-30T14:30:00+00:00,562.9199999999992,563.8699999999992,560.3799999999992,561.2699999999992,956
2026-06-30T14:45:00+00:00,561.2699999999992,561.4099999999992,558.1899999999993,558.7299999999992,919
2026-06-30T15:00:00+00:00,558.7299999999992,561.4699999999992,558.7299999999992,561.4699999999992,970
2026-06-30T15:15:00+00:00,561.4699999999992,563.2299999999992,561.0199999999992,562.6399999999992,773
2026-06-30T15:30:00+00:00,562.6399999999992,563.7099999999992,561.8499999999992,562.7399999999992,887
2026-06-30T15:45:00+00:00,562.7399999999992,564.0799999999992,562.5399999999992,563.8599999999992,649
2026-06-30T16:00:00+00:00,563.8599999999992,564.1799999999992,562.5599999999991,562.9399999999993,661
2026-06-30T16:15:00+00:00,562.9399999999993,562.9999999999992,561.9299999999992,562.7299999999992,571
2026-06-30T16:30:00+00:00,562.7299999999992,564.7499999999992,562.6099999999992,564.6299999999992,622
2026-06-30T16:45:00+00:00,564.6299999999992,565.7299999999992,564.1899999999993,565.6699999999992,734
2026-06-30T17:00:00+00:00,565.6699999999992,566.1399999999992,564.8199999999993,565.0299999999992,584
2026-06-30T17:15:00+00:00,565.0299999999992,566.9599999999992,565.0199999999992,565.7299999999992,691
2026-06-30T17:30:00+00:00,565.7299999999992,567.1999999999992,565.5299999999992,566.5899999999992,639
2026-06-30T17:45:00+00:00,566.5899999999992,567.0099999999992,566.1199999999992,566.4299999999992,632
2026-06-30T18:00:00+00:00,566.4299999999992,567.5299999999992,566.1299999999992,567.2399999999992,611
2026-06-30T18:15:00+00:00,567.2399999999992,568.3599999999992,567.0299999999992,567.2699999999992,641
2026-06-30T18:30:00+00:00,567.2699999999992,567.3799999999992,565.8999999999992,566.0899999999992,703
2026-06-30T18:45:00+00:00,566.0899999999992,567.9499999999992,565.6699999999992,567.3799999999992,670
2026-06-30T19:00:00+00:00,567.3799999999992,567.7499999999992,567.1299999999992,567.4099999999992,506
2026-06-30T19:15:00+00:00,567.4099999999992,568.3899999999992,567.2499999999992,568.1699999999992,699
2026-06-30T19:30:00+00:00,568.1699999999992,568.9299999999992,567.9799999999992,568.7799999999992,860
2026-06-30T19:45:00+00:00,568.7799999999992,572.1799999999992,567.1299999999992,569.5699999999993,2453
2026-07-01T13:30:00+00:00,569.5699999999993,616.9999999999992,569.5699999999993,608.3599999999992,4877
2026-07-01T13:45:00+00:00,608.3599999999992,613.1399999999992,603.3799999999992,613.1399999999992,2818
2026-07-01T14:00:00+00:00,613.1399999999992,623.4699999999992,612.5199999999992,617.1299999999992,3381
2026-07-01T14:15:00+00:00,617.1299999999992,620.9199999999992,616.8299999999992,619.1599999999992,2629
2026-07-01T14:30:00+00:00,619.1599999999992,630.5799999999992,618.3799999999992,629.5899999999992,3299
2026-07-01T14:45:00+00:00,629.5899999999992,631.7299999999992,625.8999999999992,629.3799999999992,3124.984326018809
2026-07-01T15:00:00+00:00,629.3799999999992,634.9899999999991,628.9399999999991,632.3999999999992,2799
2026-07-01T15:15:00+00:00,632.3999999999992,634.3899999999992,627.7899999999992,634.2199999999991,2462
2026-07-01T15:30:00+00:00,634.2199999999991,634.4599999999991,625.0399999999992,625.2899999999992,2421
2026-07-01T15:45:00+00:00,625.2899999999992,626.7599999999992,622.3899999999992,624.3099999999991,2042
2026-07-01T16:00:00+00:00,624.3099999999991,627.4499999999991,624.1199999999991,624.7399999999991,1880
2026-07-01T16:15:00+00:00,624.7399999999991,626.3299999999991,623.2899999999992,624.6699999999992,1546
2026-07-01T16:30:00+00:00,624.6699999999992,627.0599999999991,624.5399999999992,625.5999999999991,1235
2026-07-01T16:45:00+00:00,625.5999999999991,626.3899999999992,622.2899999999992,623.5699999999991,1454
2026-07-01T17:00:00+00:00,623.5699999999991,626.0099999999992,623.5299999999992,624.7799999999992,1322
2026-07-01T17:15:00+00:00,624.7799999999992,626.1899999999991,624.1499999999992,624.2599999999992,1067
2026-07-01T17:30:00+00:00,624.2599999999992,626.0099999999992,623.7399999999991,625.7399999999991,1256
2026-07-01T17:45:00+00:00,625.7399999999991,629.5899999999991,625.4599999999991,628.0899999999991,1409
2026-07-01T18:00:00+00:00,628.0899999999991,628.5199999999992,624.8499999999991,624.9599999999991,994
2026-07-01T18:15:00+00:00,624.9599999999991,628.4299999999992,624.4899999999991,627.8899999999992,1315
2026-07-01T18:30:00+00:00,627.8899999999992,628.0799999999991,624.9599999999991,624.9599999999991,1052
2026-07-01T18:45:00+00:00,624.9599999999991,627.7099999999991,624.7899999999992,624.9299999999992,1183
2026-07-01T19:00:00+00:00,624.9299999999992,625.7099999999991,621.8899999999992,623.8499999999991,1292
2026-07-01T19:15:00+00:00,623.8499999999991,624.3999999999992,621.1399999999992,621.3999999999992,1303
2026-07-01T19:30:00+00:00,621.3999999999992,623.6799999999992,621.2599999999992,623.2099999999991,1263
2026-07-01T19:45:00+00:00,623.2099999999991,623.6999999999991,617.8199999999991,619.8699999999991,3165
2026-07-02T13:30:00+00:00,619.8699999999991,619.8699999999991,601.9899999999991,602.2899999999992,3724
2026-07-02T13:45:00+00:00,602.2899999999992,602.4999999999992,598.0099999999992,599.0899999999991,2507
2026-07-02T14:00:00+00:00,599.0899999999991,600.8399999999991,597.1999999999991,597.8099999999991,2043
2026-07-02T14:15:00+00:00,597.8099999999991,598.7999999999992,595.5499999999992,597.5699999999991,2112
2026-07-02T14:30:00+00:00,597.5699999999991,599.4999999999992,594.9899999999991,595.6099999999991,2285
2026-07-02T14:45:00+00:00,595.6099999999991,598.3799999999992,595.2499999999992,596.8399999999991,2032.9263338722717
2026-07-02T15:00:00+00:00,596.8399999999991,597.3299999999991,592.6799999999992,595.2799999999991,2183
2026-07-02T15:15:00+00:00,595.2799999999991,595.5099999999991,593.3299999999991,594.3699999999991,1511
2026-07-02T15:30:00+00:00,594.3699999999991,596.6799999999992,594.0999999999991,594.5599999999991,1305
2026-07-02T15:45:00+00:00,594.5599999999991,594.8199999999991,593.4799999999991,593.9499999999991,1055
2026-07-02T16:00:00+00:00,593.9499999999991,594.2299999999991,591.1299999999991,592.0599999999991,1314
2026-07-02T16:15:00+00:00,592.0599999999991,593.9899999999991,591.1899999999991,593.7399999999991,906
2026-07-02T16:30:00+00:00,593.7399999999991,594.1699999999992,592.0299999999991,592.8799999999991,1099
2026-07-02T16:45:00+00:00,592.8799999999991,593.2999999999992,591.3299999999991,591.4899999999991,833
2026-07-02T17:00:00+00:00,591.4899999999991,592.8799999999991,591.0499999999992,592.3399999999991,955
2026-07-02T17:15:00+00:00,592.3399999999991,592.6799999999992,591.1599999999991,591.7599999999991,852
2026-07-02T17:30:00+00:00,591.7599999999991,592.2299999999991,590.5299999999991,591.0299999999991,739
2026-07-02T17:45:00+00:00,591.0299999999991,591.8299999999991,590.6299999999991,591.1299999999991,686
2026-07-02T18:00:00+00:00,591.1299999999991,593.5499999999992,590.8599999999991,593.2299999999991,900
2026-07-02T18:15:00+00:00,593.2299999999991,593.5899999999991,591.8299999999991,593.0299999999991,746
2026-07-02T18:30:00+00:00,593.0299999999991,593.3599999999991,592.1299999999991,592.1299999999991,719
2026-07-02T18:45:00+00:00,592.1299999999991,593.0799999999991,587.2399999999991,591.6299999999991,1264
2026-07-02T19:00:00+00:00,591.6299999999991,594.3699999999991,589.8299999999991,593.1099999999991,1466
2026-07-02T19:15:00+00:00,593.1099999999991,593.3899999999991,592.1599999999991,593.0399999999992,995
2026-07-02T19:30:00+00:00,593.0399999999992,593.4999999999991,590.6199999999991,590.6199999999991,1060
2026-07-02T19:45:00+00:00,590.6199999999991,591.9399999999991,588.4699999999991,589.5799999999991,2265
2026-07-06T13:30:00+00:00,589.5799999999991,603.7699999999991,589.5799999999991,593.1199999999991,3218
2026-07-06T13:45:00+00:00,593.1199999999991,595.2099999999991,588.8399999999991,588.9099999999991,2032
2026-07-06T14:00:00+00:00,588.9099999999991,594.7299999999991,588.6299999999991,593.7699999999991,1683
2026-07-06T14:15:00+00:00,593.7699999999991,595.3599999999991,592.4399999999991,593.8399999999991,1325
2026-07-06T14:30:00+00:00,593.8399999999991,595.3299999999991,593.2399999999991,593.8799999999991,1245
2026-07-06T14:45:00+00:00,593.8799999999991,596.8199999999991,593.7599999999991,595.1699999999992,1318
2026-07-06T15:00:00+00:00,595.1699999999992,597.3799999999991,594.8399999999991,596.6099999999991,1030
2026-07-06T15:15:00+00:00,596.6099999999991,598.6599999999991,596.0999999999991,598.5599999999991,1122
2026-07-06T15:30:00+00:00,598.5599999999991,599.2699999999991,597.5299999999991,599.0999999999991,1154
2026-07-06T15:45:00+00:00,599.0999999999991,599.6199999999991,598.5399999999992,599.5799999999991,935
2026-07-06T16:00:00+00:00,599.5799999999991,599.8599999999991,598.6399999999991,599.5499999999992,990
2026-07-06T16:15:00+00:00,599.5499999999992,604.8999999999991,598.9799999999991,599.0899999999991,1594
2026-07-06T16:30:00+00:00,599.0899999999991,599.8099999999991,598.5199999999991,598.8399999999991,792
2026-07-06T16:45:00+00:00,598.8399999999991,599.4799999999991,598.3799999999991,598.8799999999991,851
2026-07-06T17:00:00+00:00,598.8799999999991,601.1999999999991,598.8399999999991,601.1799999999992,1040
2026-07-06T17:15:00+00:00,601.1799999999992,601.8499999999991,600.9399999999991,601.4799999999991,929
2026-07-06T17:30:00+00:00,601.4799999999991,601.5499999999992,600.1099999999991,600.9499999999991,953
2026-07-06T17:45:00+00:00,600.9499999999991,601.2499999999991,599.3499999999991,600.5499999999992,903
2026-07-06T18:00:00+00:00,600.5499999999992,603.4699999999991,600.1299999999991,602.9199999999992,1005
2026-07-06T18:15:00+00:00,602.9199999999992,608.5699999999991,602.9199999999992,606.7599999999991,1539
2026-07-06T18:30:00+00:00,606.7599999999991,609.1999999999991,606.7599999999991,606.8799999999991,1363
2026-07-06T18:45:00+00:00,606.8799999999991,607.5599999999991,605.8499999999991,606.5299999999991,1077
2026-07-06T19:00:00+00:00,606.5299999999991,608.0899999999991,606.5299999999991,607.1499999999991,996
2026-07-06T19:15:00+00:00,607.1499999999991,607.2899999999992,605.8699999999991,607.1499999999991,1145
2026-07-06T19:30:00+00:00,607.1499999999991,609.8699999999991,607.1099999999991,609.4799999999991,1366
2026-07-06T19:45:00+00:00,609.4799999999991,610.3499999999991,606.2399999999991,607.0799999999991,2304
2026-07-07T13:30:00+00:00,607.0799999999991,620.0399999999992,607.0799999999991,620.0399999999992,3763
2026-07-07T13:45:00+00:00,620.0399999999992,620.8799999999991,616.4499999999991,619.1699999999992,2929
2026-07-07T14:00:00+00:00,619.1699999999992,620.2399999999991,617.8299999999991,618.9299999999992,2354
2026-07-07T14:15:00+00:00,618.9299999999992,622.6499999999991,615.6199999999991,617.6699999999992,2675
2026-07-07T14:30:00+00:00,617.6699999999992,618.0799999999991,613.9699999999991,615.9999999999991,2409
2026-07-07T14:45:00+00:00,615.9999999999991,617.0599999999991,611.3599999999991,612.0399999999992,1884
2026-07-07T15:00:00+00:00,612.0399999999992,613.2899999999992,610.8299999999991,610.9299999999992,1693
2026-07-07T15:15:00+00:00,610.9299999999992,613.7799999999991,610.8499999999991,613.2499999999991,1410
2026-07-07T15:30:00+00:00,613.2499999999991,613.4699999999991,611.5699999999991,612.5099999999991,1284
2026-07-07T15:45:00+00:00,612.5099999999991,613.1899999999991,611.2299999999991,611.8499999999991,1198
2026-07-07T16:00:00+00:00,611.8499999999991,612.8399999999991,610.4299999999992,611.7699999999991,1073
2026-07-07T16:15:00+00:00,611.7699999999991,613.3599999999991,611.6999999999991,612.8499999999991,776
2026-07-07T16:30:00+00:00,612.8499999999991,616.1099999999991,612.8299999999991,614.2999999999992,1046
2026-07-07T16:45:00+00:00,614.2999999999992,615.9299999999992,613.9299999999992,614.0999999999991,742
2026-07-07T17:00:00+00:00,614.0999999999991,614.3399999999991,611.3599999999991,612.4499999999991,894
2026-07-07T17:15:00+00:00,612.4499999999991,614.6599999999991,611.5399999999992,614.3099999999991,743
2026-07-07T17:30:00+00:00,614.3099999999991,614.9799999999991,613.9499999999991,614.4899999999991,769
2026-07-07T17:45:00+00:00,614.4899999999991,616.6499999999991,614.3899999999991,616.3299999999991,728
2026-07-07T18:00:00+00:00,616.3299999999991,626.6899999999991,616.3299999999991,625.1799999999992,2803
2026-07-07T18:15:00+00:00,625.1799999999992,632.0799999999991,623.8799999999991,628.9899999999991,2554
2026-07-07T18:30:00+00:00,628.9899999999991,629.7899999999992,625.0899999999991,625.9599999999991,1521
2026-07-07T18:45:00+00:00,625.9599999999991,627.2299999999991,623.8299999999991,626.4299999999992,1411
2026-07-07T19:00:00+00:00,626.4299999999992,627.9599999999991,625.7499999999991,625.9499999999991,1435
2026-07-07T19:15:00+00:00,625.9499999999991,626.0999999999991,622.4699999999991,622.8399999999991,1829
2026-07-07T19:30:00+00:00,622.8399999999991,624.2899999999992,620.8799999999991,621.1599999999991,1319
2026-07-07T19:45:00+00:00,621.1599999999991,625.2299999999991,620.9399999999991,622.2899999999992,2399
2026-07-08T13:30:00+00:00,622.2899999999992,622.2899999999992,608.5499999999992,609.2299999999991,3036
2026-07-08T13:45:00+00:00,609.2299999999991,611.0499999999992,607.4299999999992,609.1699999999992,2365
2026-07-08T14:00:00+00:00,609.1699999999992,613.3799999999991,608.5899999999991,610.7899999999992,1748
2026-07-08T14:15:00+00:00,610.7899999999992,612.8699999999991,610.2799999999991,611.0399999999992,1241
2026-07-08T14:30:00+00:00,611.0399999999992,611.6699999999992,607.0499999999992,608.1699999999992,1627
2026-07-08T14:45:00+00:00,608.1699999999992,609.5699999999991,607.8399999999991,608.2599999999991,1170.5295381310418
2026-07-08T15:00:00+00:00,608.2599999999991,610.4599999999991,607.799999999999,609.789999999999,1144
2026-07-08T15:15:00+00:00,609.789999999999,610.4999999999991,608.3599999999991,609.0099999999991,1153
2026-07-08T15:30:00+00:00,609.0099999999991,611.3399999999991,607.9999999999991,610.3499999999991,1055
2026-07-08T15:45:00+00:00,610.3499999999991,611.319999999999,610.039999999999,610.6199999999991,815
2026-07-08T16:00:00+00:00,610.6199999999991,612.289999999999,610.069999999999,611.2099999999991,847
2026-07-08T16:15:00+00:00,611.2099999999991,612.0099999999991,610.6399999999991,611.2599999999991,809
2026-07-08T16:30:00+00:00,611.2599999999991,611.9099999999991,609.5199999999991,611.069999999999,1013
2026-07-08T16:45:00+00:00,611.069999999999,612.2499999999991,610.679999999999,611.0999999999991,701
2026-07-08T17:00:00+00:00,611.0999999999991,611.699999999999,610.2399999999991,611.2499999999991,661
2026-07-08T17:15:00+00:00,611.2499999999991,612.4599999999991,611.2499999999991,612.3599999999991,567
2026-07-08T17:30:00+00:00,612.3599999999991,613.549999999999,612.069999999999,612.3499999999991,731
2026-07-08T17:45:00+00:00,612.3499999999991,612.3699999999991,611.329999999999,611.9099999999991,610
2026-07-08T18:00:00+00:00,611.9099999999991,612.7799999999991,611.6399999999991,612.7699999999991,797
2026-07-08T18:15:00+00:00,612.7699999999991,613.2599999999991,611.7499999999991,612.0099999999991,544
2026-07-08T18:30:00+00:00,612.0099999999991,613.9099999999991,611.5199999999991,613.0999999999991,754
2026-07-08T18:45:00+00:00,613.0999999999991,614.2099999999991,613.0099999999991,613.919999999999,759
2026-07-08T19:00:00+00:00,613.919999999999,614.579999999999,608.1499999999991,608.329999999999,1054
2026-07-08T19:15:00+00:00,608.329999999999,608.419999999999,604.9999999999991,606.5199999999991,1468
2026-07-08T19:30:00+00:00,606.5199999999991,609.1299999999991,605.5999999999991,608.5299999999991,1061
2026-07-08T19:45:00+00:00,608.5299999999991,611.689999999999,607.4999999999991,610.2399999999991,1769
2026-07-09T13:30:00+00:00,610.2399999999991,610.2399999999991,583.9999999999991,593.0199999999991,3249
2026-07-09T13:45:00+00:00,593.0199999999991,597.8999999999991,591.7399999999991,597.039999999999,2157
2026-07-09T14:00:00+00:00,597.039999999999,607.4899999999991,597.0099999999991,598.929999999999,4222
2026-07-09T14:15:00+00:00,598.929999999999,602.039999999999,597.9999999999991,600.8599999999991,1864
2026-07-09T14:30:00+00:00,600.8599999999991,602.6199999999991,598.6399999999991,599.2599999999991,2222
2026-07-09T14:45:00+00:00,599.2599999999991,606.8399999999991,599.1099999999991,606.4099999999991,1714
2026-07-09T15:00:00+00:00,606.4099999999991,610.789999999999,606.1399999999991,609.189999999999,1960
2026-07-09T15:15:00+00:00,609.189999999999,611.3499999999991,609.049999999999,611.3499999999991,1334
2026-07-09T15:30:00+00:00,611.3499999999991,613.809999999999,610.669999999999,613.2499999999991,1414
2026-07-09T15:45:00+00:00,613.2499999999991,615.579999999999,612.039999999999,615.1099999999991,1289
2026-07-09T16:00:00+00:00,615.1099999999991,619.439999999999,614.679999999999,617.059999999999,1606
2026-07-09T16:15:00+00:00,617.059999999999,623.2499999999991,616.809999999999,620.9599999999991,2220
2026-07-09T16:30:00+00:00,620.9599999999991,622.2199999999991,619.449999999999,620.0099999999991,1492
2026-07-09T16:45:00+00:00,620.0099999999991,621.9699999999991,619.8699999999991,619.8799999999991,1082
2026-07-09T17:00:00+00:00,619.8799999999991,620.069999999999,618.2499999999991,618.4999999999991,1215
2026-07-09T17:15:00+00:00,618.4999999999991,620.7299999999991,618.4999999999991,619.3499999999991,986
2026-07-09T17:30:00+00:00,619.3499999999991,620.1099999999991,617.9999999999991,618.299999999999,1051
2026-07-09T17:45:00+00:00,618.299999999999,619.309999999999,617.0299999999991,618.1099999999991,957
2026-07-09T18:00:00+00:00,618.1099999999991,623.3999999999991,618.0199999999991,622.669999999999,1548
2026-07-09T18:15:00+00:00,622.669999999999,623.5899999999991,620.6399999999991,622.6599999999991,1086
2026-07-09T18:30:00+00:00,622.6599999999991,623.789999999999,622.189999999999,623.3999999999991,803
2026-07-09T18:45:00+00:00,623.3999999999991,623.4099999999991,621.3399999999991,622.6099999999991,775
2026-07-09T19:00:00+00:00,622.6099999999991,626.2199999999991,622.3399999999991,625.1599999999991,1143
2026-07-09T19:15:00+00:00,625.1599999999991,631.5199999999991,624.8399999999991,631.0999999999991,1898
2026-07-09T19:30:00+00:00,631.0999999999991,636.3799999999991,631.0999999999991,634.419999999999,2563
2026-07-09T19:45:00+00:00,634.419999999999,640.199999999999,633.569999999999,638.539999999999,3385
2026-07-10T13:30:00+00:00,638.539999999999,683.9799999999991,638.539999999999,671.7499999999991,6467
2026-07-10T13:45:00+00:00,671.7499999999991,682.329999999999,670.7799999999991,679.7299999999991,3724
2026-07-10T14:00:00+00:00,679.7299999999991,684.799999999999,673.0099999999991,673.0099999999991,3418
2026-07-10T14:15:00+00:00,673.0099999999991,675.7099999999991,669.0999999999991,674.1499999999991,2715
2026-07-10T14:30:00+00:00,674.1499999999991,677.3699999999991,669.2499999999991,675.2099999999991,3136
2026-07-10T14:45:00+00:00,675.2099999999991,680.3899999999991,674.0099999999991,676.6099999999991,2581.94384359401
2026-07-10T15:00:00+00:00,676.6099999999991,678.6299999999991,674.1899999999991,677.8499999999991,2332
2026-07-10T15:15:00+00:00,677.8499999999991,681.9999999999991,677.8399999999991,681.4099999999991,1975
2026-07-10T15:30:00+00:00,681.4099999999991,682.2699999999991,676.6399999999991,676.669999999999,1846
2026-07-10T15:45:00+00:00,676.669999999999,680.2599999999991,676.419999999999,676.7399999999991,1500
2026-07-10T16:00:00+00:00,676.7399999999991,678.679999999999,674.179999999999,675.9699999999991,1974
2026-07-10T16:15:00+00:00,675.9699999999991,676.8299999999991,673.1999999999991,675.429999999999,1419
2026-07-10T16:30:00+00:00,675.429999999999,676.799999999999,673.9799999999991,674.4999999999991,1006
2026-07-10T16:45:00+00:00,674.4999999999991,676.049999999999,674.0899999999991,675.1499999999991,867
2026-07-10T17:00:00+00:00,675.1499999999991,675.1999999999991,670.049999999999,670.9899999999991,1277
2026-07-10T17:15:00+00:00,670.9899999999991,672.049999999999,669.4599999999991,669.8299999999991,1029
2026-07-10T17:30:00+00:00,669.8299999999991,671.9499999999991,668.9999999999991,669.4599999999991,1293
2026-07-10T17:45:00+00:00,669.4599999999991,672.7399999999991,669.4599999999991,672.2499999999991,1036
2026-07-10T18:00:00+00:00,672.2499999999991,677.5799999999991,671.9899999999991,676.809999999999,1615
2026-07-10T18:15:00+00:00,676.809999999999,677.3399999999991,674.679999999999,675.7499999999991,1139
2026-07-10T18:30:00+00:00,675.7499999999991,677.1399999999991,674.4899999999991,676.2199999999991,1047
2026-07-10T18:45:00+00:00,676.2199999999991,677.6299999999991,675.2499999999991,675.5999999999991,971
2026-07-10T19:00:00+00:00,675.5999999999991,677.5799999999991,675.5299999999991,676.8999999999991,1168
2026-07-10T19:15:00+00:00,676.8999999999991,676.9499999999991,672.7799999999991,672.8699999999991,1259
2026-07-10T19:30:00+00:00,672.8699999999991,673.5999999999991,670.559999999999,672.3199999999991,1760
2026-07-10T19:45:00+00:00,672.3199999999991,678.0799999999991,671.059999999999,675.9699999999991,2401
2026-07-13T13:30:00+00:00,675.9699999999991,683.289999999999,666.0899999999991,681.0199999999991,4344
2026-07-13T13:45:00+00:00,681.0199999999991,681.4399999999991,666.179999999999,670.6499999999991,3527
2026-07-13T14:00:00+00:00,670.6499999999991,671.5199999999991,667.0799999999991,667.1199999999991,1920
2026-07-13T14:15:00+00:00,667.1199999999991,667.6199999999991,661.1299999999991,663.8799999999991,2406
2026-07-13T14:30:00+00:00,663.8799999999991,665.8599999999991,663.2299999999991,664.6599999999991,1727
2026-07-13T14:45:00+00:00,664.6599999999991,670.8299999999991,664.4799999999991,668.2399999999991,1829
2026-07-13T15:00:00+00:00,668.2399999999991,671.419999999999,665.4799999999991,665.7099999999991,1770
2026-07-13T15:15:00+00:00,665.7099999999991,667.3499999999991,665.0199999999991,666.2499999999991,1224
2026-07-13T15:30:00+00:00,666.2499999999991,670.6099999999991,665.9899999999991,667.9099999999991,1310
2026-07-13T15:45:00+00:00,667.9099999999991,668.179999999999,666.1299999999991,667.1599999999991,1021
2026-07-13T16:00:00+00:00,667.1599999999991,667.8799999999991,666.2799999999991,667.1399999999991,1228
2026-07-13T16:15:00+00:00,667.1399999999991,667.8999999999991,666.0999999999991,667.3299999999991,971
2026-07-13T16:30:00+00:00,667.3299999999991,670.0699999999991,666.2599999999991,670.0199999999991,1395
2026-07-13T16:45:00+00:00,670.0199999999991,671.2799999999991,665.4899999999991,665.4899999999991,1215
2026-07-13T17:00:00+00:00,665.4899999999991,667.549999999999,664.6399999999991,666.6299999999991,1114
2026-07-13T17:15:00+00:00,666.6299999999991,669.7399999999991,666.549999999999,667.539999999999,1110
2026-07-13T17:30:00+00:00,667.539999999999,668.6199999999991,666.2299999999991,667.7699999999991,1143
2026-07-13T17:45:00+00:00,667.7699999999991,668.8599999999991,666.5799999999991,667.2499999999991,901
2026-07-13T18:00:00+00:00,667.2499999999991,668.6599999999991,666.5799999999991,668.169999999999,996
2026-07-13T18:15:00+00:00,668.169999999999,669.929999999999,666.9799999999991,669.7799999999991,1063
2026-07-13T18:30:00+00:00,669.7799999999991,670.3899999999991,666.9799999999991,668.919999999999,1098
2026-07-13T18:45:00+00:00,668.919999999999,668.9599999999991,667.049999999999,668.9399999999991,831
2026-07-13T19:00:00+00:00,668.9399999999991,669.539999999999,667.4099999999991,667.5799999999991,843
2026-07-13T19:15:00+00:00,667.5799999999991,667.799999999999,665.1399999999991,665.7199999999991,894
2026-07-13T19:30:00+00:00,665.7199999999991,665.929999999999,664.0799999999991,665.0199999999991,1217
2026-07-13T19:45:00+00:00,665.0199999999991,665.559999999999,661.3999999999991,663.9799999999991,2064
2026-07-14T13:30:00+00:00,663.9799999999991,667.419999999999,655.9899999999991,665.5099999999991,4177
2026-07-14T13:45:00+00:00,665.5099999999991,669.419999999999,665.299999999999,667.6099999999991,3093
2026-07-14T14:00:00+00:00,667.6099999999991,669.2199999999991,662.3299999999991,663.9699999999991,2950
2026-07-14T14:15:00+00:00,663.9699999999991,667.6099999999991,663.059999999999,664.5199999999991,2294
2026-07-14T14:30:00+00:00,664.5199999999991,671.049999999999,664.1399999999991,668.289999999999,3299
2026-07-14T14:45:00+00:00,668.289999999999,669.9899999999991,667.0099999999991,669.169999999999,2054
2026-07-14T15:00:00+00:00,669.169999999999,670.3499999999991,666.9999999999991,669.4799999999991,1976
2026-07-14T15:15:00+00:00,669.4799999999991,669.669999999999,667.0099999999991,667.2099999999991,1144
2026-07-14T15:30:00+00:00,667.2099999999991,667.5299999999991,662.9899999999991,663.799999999999,1401
2026-07-14T15:45:00+00:00,663.799999999999,664.8999999999991,662.5199999999991,663.2799999999991,1166
2026-07-14T16:00:00+00:00,663.2799999999991,663.9799999999991,661.9899999999991,663.7399999999991,1065
2026-07-14T16:15:00+00:00,663.7399999999991,665.919999999999,663.3699999999991,665.0799999999991,1057
2026-07-14T16:30:00+00:00,665.0799999999991,671.8399999999991,665.0799999999991,669.919999999999,1233
2026-07-14T16:45:00+00:00,669.919999999999,673.3499999999991,669.2099999999991,671.0299999999991,1054
2026-07-14T17:00:00+00:00,671.0299999999991,671.5299999999991,668.4599999999991,668.7499999999991,990
2026-07-14T17:15:00+00:00,668.7499999999991,670.8499999999991,667.4799999999991,669.7699999999991,942
2026-07-14T17:30:00+00:00,669.7699999999991,671.539999999999,669.7699999999991,670.799999999999,702
2026-07-14T17:45:00+00:00,670.799999999999,670.8599999999991,667.7199999999991,668.1199999999991,712
2026-07-14T18:00:00+00:00,668.1199999999991,668.9699999999991,666.9799999999991,668.4599999999991,821
2026-07-14T18:15:00+00:00,668.4599999999991,670.299999999999,666.4799999999991,668.0699999999991,832
2026-07-14T18:30:00+00:00,668.0699999999991,668.6199999999991,665.1599999999991,666.7199999999991,749
2026-07-14T18:45:00+00:00,666.7199999999991,666.7199999999991,665.1599999999991,665.5099999999991,502
2026-07-14T19:00:00+00:00,665.5099999999991,666.7199999999991,665.1599999999991,666.5799999999991,747
2026-07-14T19:15:00+00:00,666.5799999999991,669.549999999999,664.429999999999,667.2699999999991,962
2026-07-14T19:30:00+00:00,667.2699999999991,667.2699999999991,665.0899999999991,665.429999999999,1073
2026-07-14T19:45:00+00:00,665.429999999999,668.4399999999991,664.419999999999,667.9799999999991,2056
2026-07-15T13:30:00+00:00,667.9799999999991,671.5899999999991,663.7599999999991,665.3199999999991,3897
2026-07-15T13:45:00+00:00,665.3199999999991,667.919999999999,663.6399999999991,666.7199999999991,3063
2026-07-15T14:00:00+00:00,666.7199999999991,678.2099999999991,666.4499999999991,674.6499999999991,3142
2026-07-15T14:15:00+00:00,674.6499999999991,678.789999999999,673.9999999999991,677.7199999999991,2813
2026-07-15T14:30:00+00:00,677.7199999999991,682.9599999999991,677.6399999999991,679.8199999999991,3157
2026-07-15T14:45:00+00:00,679.8199999999991,680.0099999999991,675.1999999999991,678.2099999999991,2247.212200386232
2026-07-15T15:00:00+00:00,678.2099999999991,691.919999999999,677.0199999999991,687.4799999999991,3164
2026-07-15T15:15:00+00:00,687.4799999999991,689.179999999999,684.0299999999991,684.919999999999,2596
2026-07-15T15:30:00+00:00,684.919999999999,685.9799999999991,683.309999999999,683.5899999999991,1644
2026-07-15T15:45:00+00:00,683.5899999999991,690.5699999999991,683.4899999999991,690.3699999999991,1861
2026-07-15T16:00:00+00:00,690.3699999999991,692.1399999999991,686.6999999999991,690.7099999999991,1942
2026-07-15T16:15:00+00:00,690.7099999999991,692.8399999999991,689.4899999999991,689.9899999999991,1554
2026-07-15T16:30:00+00:00,689.9899999999991,690.5699999999991,685.0299999999991,685.3399999999991,1571
2026-07-15T16:45:00+00:00,685.3399999999991,686.3899999999991,681.3199999999991,682.7799999999991,2056
2026-07-15T17:00:00+00:00,682.7799999999991,683.2199999999991,681.3299999999991,681.7299999999991,1220
2026-07-15T17:15:00+00:00,681.7299999999991,682.4799999999991,680.3499999999991,681.549999999999,1172
2026-07-15T17:30:00+00:00,681.549999999999,682.5999999999991,680.3499999999991,681.4899999999991,1020
2026-07-15T17:45:00+00:00,681.4899999999991,683.8399999999991,681.4099999999991,683.669999999999,866
2026-07-15T18:00:00+00:00,683.669999999999,684.1099999999991,681.2799999999991,684.1099999999991,822
2026-07-15T18:15:00+00:00,684.1099999999991,685.0999999999991,683.4799999999991,684.2699999999991,744
2026-07-15T18:30:00+00:00,684.2699999999991,684.3999999999991,681.4799999999991,681.7799999999991,637
2026-07-15T18:45:00+00:00,681.7799999999991,683.4599999999991,680.3599999999991,682.929999999999,840
2026-07-15T19:00:00+00:00,682.929999999999,685.2299999999991,682.7199999999991,684.2799999999991,1072
2026-07-15T19:15:00+00:00,684.2799999999991,684.9099999999991,682.8299999999991,683.1099999999991,917
2026-07-15T19:30:00+00:00,683.1099999999991,686.3899999999991,682.5799999999991,686.2699999999991,1139
2026-07-15T19:45:00+00:00,686.2699999999991,688.9399999999991,685.0199999999991,688.3899999999991,2094
2026-07-16T13:30:00+00:00,688.3899999999991,688.3899999999991,673.7499999999991,673.8899999999991,4425
2026-07-16T13:45:00+00:00,673.8899999999991,679.2799999999991,673.3299999999991,677.8399999999991,3127
2026-07-16T14:00:00+00:00,677.8399999999991,679.6199999999991,676.9799999999991,678.2299999999991,2109
2026-07-16T14:15:00+00:00,678.2299999999991,684.289999999999,677.9799999999991,683.5199999999991,1642
2026-07-16T14:30:00+00:00,683.5199999999991,687.6499999999991,683.1899999999991,685.6099999999991,1695
2026-07-16T14:45:00+00:00,685.6099999999991,688.679999999999,684.299999999999,687.2499999999991,1677
2026-07-16T15:00:00+00:00,687.2499999999991,687.5199999999991,683.6099999999991,684.2599999999991,1371
2026-07-16T15:15:00+00:00,684.2599999999991,684.2799999999991,681.289999999999,681.8399999999991,1776
2026-07-16T15:30:00+00:00,681.8399999999991,683.8899999999991,681.679999999999,682.8999999999991,1688
2026-07-16T15:45:00+00:00,682.8999999999991,684.5199999999991,681.1899999999991,681.1999999999991,1280
2026-07-16T16:00:00+00:00,681.1999999999991,681.4099999999991,677.3299999999991,677.6099999999991,1254
2026-07-16T16:15:00+00:00,677.6099999999991,677.9999999999991,675.0299999999991,676.9999999999991,1774
2026-07-16T16:30:00+00:00,676.9999999999991,677.419999999999,674.9799999999991,675.3899999999991,900
2026-07-16T16:45:00+00:00,675.3899999999991,678.6999999999991,675.3899999999991,677.0299999999991,1050
2026-07-16T17:00:00+00:00,677.0299999999991,677.049999999999,675.2799999999991,675.5299999999991,804
2026-07-16T17:15:00+00:00,675.5299999999991,677.289999999999,675.4899999999991,676.5099999999991,907
2026-07-16T17:30:00+00:00,676.5099999999991,677.0299999999991,674.4799999999991,675.4099999999991,849
2026-07-16T17:45:00+00:00,675.4099999999991,677.039999999999,675.059999999999,675.549999999999,717
2026-07-16T18:00:00+00:00,675.549999999999,680.6999999999991,673.6399999999991,676.809999999999,2093
2026-07-16T18:15:00+00:00,676.809999999999,677.309999999999,673.9799999999991,675.0999999999991,1822
2026-07-16T18:30:00+00:00,675.0999999999991,676.0799999999991,674.309999999999,674.5099999999991,1124
2026-07-16T18:45:00+00:00,674.5099999999991,675.809999999999,674.0799999999991,674.7199999999991,1049
2026-07-16T19:00:00+00:00,674.7199999999991,675.3399999999991,671.5199999999991,671.5199999999991,1099
2026-07-16T19:15:00+00:00,671.5199999999991,671.809999999999,668.9899999999991,669.6899999999991,1202
2026-07-16T19:30:00+00:00,669.6899999999991,671.0199999999991,668.9799999999991,668.9899999999991,1263
2026-07-16T19:45:00+00:00,668.9899999999991,671.5099999999991,667.049999999999,671.2699999999991,2482
2026-07-17T13:30:00+00:00,671.2699999999991,671.2699999999991,645.669999999999,646.7199999999991,4347
2026-07-17T13:45:00+00:00,646.7199999999991,649.8999999999991,643.4799999999991,648.5799999999991,3302
2026-07-17T14:00:00+00:00,648.5799999999991,648.8399999999991,640.7499999999991,642.9099999999991,2435
2026-07-17T14:15:00+00:00,642.9099999999991,644.3699999999991,638.9799999999991,640.9999999999991,2510
2026-07-17T14:30:00+00:00,640.9999999999991,643.1499999999991,639.539999999999,641.309999999999,1597
2026-07-17T14:45:00+00:00,641.309999999999,641.539999999999,632.899999999999,633.339999999999,1599.4143174640308
2026-07-17T15:00:00+00:00,633.339999999999,635.989999999999,632.859999999999,635.0399999999989,1387
2026-07-17T15:15:00+00:00,635.0399999999989,637.379999999999,634.449999999999,636.459999999999,1276
2026-07-17T15:30:00+00:00,636.459999999999,638.489999999999,635.069999999999,637.239999999999,1339
2026-07-17T15:45:00+00:00,637.239999999999,639.5599999999989,636.0399999999989,639.399999999999,1159
2026-07-17T16:00:00+00:00,639.399999999999,640.569999999999,637.109999999999,640.369999999999,1154
2026-07-17T16:15:00+00:00,640.369999999999,655.1899999999989,640.0599999999989,650.079999999999,5159
2026-07-17T16:30:00+00:00,650.079999999999,653.899999999999,644.859999999999,651.339999999999,2834
2026-07-17T16:45:00+00:00,651.339999999999,657.0399999999989,651.339999999999,655.949999999999,1736
2026-07-17T17:00:00+00:00,655.949999999999,658.7999999999989,655.219999999999,655.319999999999,1627
2026-07-17T17:15:00+00:00,655.319999999999,658.879999999999,653.5599999999989,658.619999999999,1289
2026-07-17T17:30:00+00:00,658.619999999999,658.769999999999,653.459999999999,653.459999999999,1183
2026-07-17T17:45:00+00:00,653.459999999999,656.199999999999,652.389999999999,656.159999999999,889
2026-07-17T18:00:00+00:00,656.159999999999,656.7999999999989,652.329999999999,653.859999999999,947
2026-07-17T18:15:00+00:00,653.859999999999,654.5499999999989,652.859999999999,653.639999999999,753
2026-07-17T18:30:00+00:00,653.639999999999,654.719999999999,652.739999999999,652.989999999999,696
2026-07-17T18:45:00+00:00,652.989999999999,655.089999999999,652.149999999999,652.719999999999,742
2026-07-17T19:00:00+00:00,652.719999999999,652.719999999999,648.359999999999,648.359999999999,1052
2026-07-17T19:15:00+00:00,648.359999999999,650.909999999999,647.969999999999,650.6899999999989,1063
2026-07-17T19:30:00+00:00,650.6899999999989,651.349999999999,648.109999999999,649.329999999999,1236
2026-07-17T19:45:00+00:00,649.329999999999,654.709999999999,648.859999999999,652.6899999999989,2321
2026-07-20T13:30:00+00:00,652.6899999999989,653.5499999999989,645.379999999999,651.269999999999,3499
2026-07-20T13:45:00+00:00,651.269999999999,652.089999999999,642.959999999999,643.869999999999,1690
2026-07-20T14:00:00+00:00,643.869999999999,649.599999999999,642.959999999999,649.459999999999,1105
2026-07-20T14:15:00+00:00,649.459999999999,652.089999999999,647.859999999999,648.609999999999,1045
2026-07-20T14:30:00+00:00,648.609999999999,651.5499999999989,648.589999999999,649.459999999999,700
2026-07-20T14:45:00+00:00,649.459999999999,652.6899999999989,648.649999999999,651.7899999999989,860
2026-07-20T15:00:00+00:00,651.7899999999989,654.389999999999,650.9399999999989,654.389999999999,905
2026-07-20T15:15:00+00:00,654.389999999999,655.6899999999989,653.109999999999,654.509999999999,961
2026-07-20T15:30:00+00:00,654.509999999999,656.369999999999,654.359999999999,654.819999999999,837
2026-07-20T15:45:00+00:00,654.819999999999,655.4299999999989,653.499999999999,653.989999999999,846
2026-07-20T16:00:00+00:00,653.989999999999,655.199999999999,653.609999999999,654.4199999999989,611
2026-07-20T16:15:00+00:00,654.4199999999989,658.869999999999,653.869999999999,658.869999999999,759
2026-07-20T16:30:00+00:00,658.869999999999,659.839999999999,657.459999999999,658.359999999999,1277
2026-07-20T16:45:00+00:00,658.359999999999,659.2899999999989,656.879999999999,658.5399999999989,725
2026-07-20T17:00:00+00:00,658.5399999999989,658.5599999999989,656.7999999999989,656.8099999999989,573
2026-07-20T17:15:00+00:00,656.8099999999989,656.839999999999,654.9299999999989,656.4399999999989,733
2026-07-20T17:30:00+00:00,656.4399999999989,656.619999999999,654.469999999999,655.599999999999,611
2026-07-20T17:45:00+00:00,655.599999999999,655.779999999999,654.209999999999,654.6699999999989,675
2026-07-20T18:00:00+00:00,654.6699999999989,656.079999999999,654.619999999999,655.579999999999,515
2026-07-20T18:15:00+00:00,655.579999999999,656.479999999999,654.219999999999,655.089999999999,664
2026-07-20T18:30:00+00:00,655.089999999999,655.6899999999989,652.5499999999989,652.899999999999,733
2026-07-20T18:45:00+00:00,652.899999999999,655.159999999999,652.639999999999,655.099999999999,677
2026-07-20T19:00:00+00:00,655.099999999999,656.489999999999,654.859999999999,655.769999999999,753
2026-07-20T19:15:00+00:00,655.769999999999,655.899999999999,654.229999999999,655.489999999999,733
2026-07-20T19:30:00+00:00,655.489999999999,657.849999999999,655.399999999999,657.239999999999,716
2026-07-20T19:45:00+00:00,657.239999999999,657.259999999999,651.869999999999,652.5399999999989,1980
2026-07-21T13:30:00+00:00,652.5399999999989,661.879999999999,649.909999999999,655.259999999999,2621
2026-07-21T13:45:00+00:00,655.259999999999,657.399999999999,653.819999999999,654.869999999999,1918
2026-07-21T14:00:00+00:00,654.869999999999,656.589999999999,652.0599999999989,653.139999999999,1173
2026-07-21T14:15:00+00:00,653.139999999999,654.6899999999989,651.659999999999,653.259999999999,1172
2026-07-21T14:30:00+00:00,653.259999999999,654.449999999999,652.769999999999,652.879999999999,1255
2026-07-21T14:45:00+00:00,652.879999999999,656.239999999999,652.859999999999,654.229999999999,929
2026-07-21T15:00:00+00:00,654.229999999999,654.969999999999,652.359999999999,654.099999999999,1168
2026-07-21T15:15:00+00:00,654.099999999999,654.839999999999,653.519999999999,654.639999999999,797
2026-07-21T15:30:00+00:00,654.639999999999,655.499999999999,654.1799999999989,655.269999999999,719
2026-07-21T15:45:00+00:00,655.269999999999,655.5399999999989,654.109999999999,654.109999999999,496
2026-07-21T16:00:00+00:00,654.109999999999,654.769999999999,653.129999999999,653.729999999999,557
2026-07-21T16:15:00+00:00,653.729999999999,654.379999999999,652.779999999999,654.0499999999989,647
2026-07-21T16:30:00+00:00,654.0499999999989,655.229999999999,653.379999999999,654.659999999999,541
2026-07-21T16:45:00+00:00,654.659999999999,657.339999999999,654.469999999999,654.7999999999989,797
2026-07-21T17:00:00+00:00,654.7999999999989,655.2999999999989,652.019999999999,653.259999999999,873
2026-07-21T17:15:00+00:00,653.259999999999,653.579999999999,652.159999999999,653.4299999999989,557
2026-07-21T17:30:00+00:00,653.4299999999989,655.489999999999,651.449999999999,654.839999999999,694
2026-07-21T17:45:00+00:00,654.839999999999,654.979999999999,652.859999999999,654.0599999999989,612
2026-07-21T18:00:00+00:00,654.0599999999989,654.369999999999,653.019999999999,653.089999999999,731
2026-07-21T18:15:00+00:00,653.089999999999,654.389999999999,653.0599999999989,654.2899999999989,437
2026-07-21T18:30:00+00:00,654.2899999999989,654.509999999999,652.859999999999,654.279999999999,492
2026-07-21T18:45:00+00:00,654.279999999999,654.479999999999,653.159999999999,653.5499999999989,383
2026-07-21T19:00:00+00:00,653.5499999999989,655.509999999999,653.119999999999,654.839999999999,477
2026-07-21T19:15:00+00:00,654.839999999999,656.6899999999989,654.509999999999,655.839999999999,430
2026-07-21T19:30:00+00:00,655.839999999999,656.569999999999,651.4299999999989,655.019999999999,968
2026-07-21T19:45:00+00:00,655.019999999999,655.119999999999,650.109999999999,650.399999999999,1080
2026-07-22T13:30:00+00:00,650.399999999999,653.649999999999,639.1799999999989,641.5599999999989,2422
2026-07-22T13:45:00+00:00,641.5599999999989,643.129999999999,637.139999999999,639.409999999999,1626
2026-07-22T14:00:00+00:00,639.409999999999,643.199999999999,638.859999999999,638.859999999999,1417
2026-07-22T14:15:00+00:00,638.859999999999,639.349999999999,634.889999999999,636.5599999999989,1426
2026-07-22T14:30:00+00:00,636.5599999999989,638.239999999999,635.739999999999,636.229999999999,970
2026-07-22T14:45:00+00:00,636.229999999999,637.2899999999989,635.739999999999,636.419999999999,693.0627177700349
2026-07-22T15:00:00+00:00,636.419999999999,636.5299999999991,634.709999999999,634.989999999999,662
2026-07-22T15:15:00+00:00,634.989999999999,636.5099999999991,634.709999999999,636.309999999999,709
2026-07-22T15:30:00+00:00,636.309999999999,637.319999999999,635.329999999999,636.919999999999,728
2026-07-22T15:45:00+00:00,636.919999999999,637.7599999999991,635.4099999999991,635.6599999999991,783
2026-07-22T16:00:00+00:00,635.6599999999991,637.1599999999991,635.0299999999991,636.919999999999,542
2026-07-22T16:15:00+00:00,636.919999999999,636.919999999999,635.609999999999,636.069999999999,474
2026-07-22T16:30:00+00:00,636.069999999999,636.1199999999991,635.0099999999991,635.9999999999991,443
2026-07-22T16:45:00+00:00,635.9999999999991,636.8899999999991,635.7499999999991,636.8799999999991,326
2026-07-22T17:00:00+00:00,636.8799999999991,637.5299999999991,635.949999999999,636.9099999999991,481
2026-07-22T17:15:00+00:00,636.9099999999991,637.1399999999991,635.0099999999991,635.0299999999991,487
2026-07-22T17:30:00+00:00,635.0299999999991,635.089999999999,633.929999999999,634.0299999999991,458
2026-07-22T17:45:00+00:00,634.0299999999991,634.459999999999,631.919999999999,632.2699999999991,502
2026-07-22T18:00:00+00:00,632.2699999999991,633.6599999999991,632.0099999999991,632.919999999999,528
2026-07-22T18:15:00+00:00,632.919999999999,633.729999999999,632.4099999999991,633.449999999999,393
2026-07-22T18:30:00+00:00,633.449999999999,633.449999999999,632.4099999999991,632.609999999999,415
2026-07-22T18:45:00+00:00,632.609999999999,633.4099999999991,632.469999999999,633.189999999999,441
2026-07-22T19:00:00+00:00,633.189999999999,634.7699999999991,632.809999999999,633.6499999999991,521
2026-07-22T19:15:00+00:00,633.6499999999991,634.3699999999991,632.919999999999,633.9999999999991,573
2026-07-22T19:30:00+00:00,633.9999999999991,634.039999999999,632.0099999999991,633.289999999999,883
2026-07-22T19:45:00+00:00,633.289999999999,635.7499999999991,630.9099999999991,634.1199999999991,1747
2026-07-23T13:30:00+00:00,634.1199999999991,634.1199999999991,612.239999999999,618.9099999999991,3118
2026-07-23T13:45:00+00:00,618.9099999999991,620.709999999999,615.459999999999,617.429999999999,1983
2026-07-23T14:00:00+00:00,617.429999999999,617.689999999999,613.0099999999991,613.4999999999991,1375
2026-07-23T14:15:00+00:00,613.4999999999991,614.599999999999,611.2599999999991,614.359999999999,1255
2026-07-23T14:30:00+00:00,614.359999999999,614.609999999999,611.0099999999991,612.219999999999,1671
2026-07-23T14:45:00+00:00,612.219999999999,612.239999999999,608.939999999999,608.939999999999,892
2026-07-23T15:00:00+00:00,608.939999999999,609.309999999999,605.089999999999,607.4099999999991,1202
2026-07-23T15:15:00+00:00,607.4099999999991,608.669999999999,605.6499999999991,605.919999999999,1009
2026-07-23T15:30:00+00:00,605.919999999999,605.929999999999,604.069999999999,604.3799999999991,915
2026-07-23T15:45:00+00:00,604.3799999999991,609.0199999999991,604.069999999999,608.419999999999,906
2026-07-23T16:00:00+00:00,608.419999999999,609.459999999999,607.929999999999,609.289999999999,845
2026-07-23T16:15:00+00:00,609.289999999999,611.5099999999991,609.1499999999991,610.969999999999,685
2026-07-23T16:30:00+00:00,610.969999999999,612.599999999999,608.089999999999,609.929999999999,1188
2026-07-23T16:45:00+00:00,609.929999999999,612.969999999999,609.049999999999,612.089999999999,747
2026-07-23T17:00:00+00:00,612.089999999999,613.959999999999,611.2699999999991,613.2699999999991,736
2026-07-23T17:15:00+00:00,613.2699999999991,613.959999999999,612.239999999999,612.7599999999991,646
2026-07-23T17:30:00+00:00,612.7599999999991,613.8899999999991,610.9099999999991,613.599999999999,792
2026-07-23T17:45:00+00:00,613.599999999999,614.539999999999,612.9099999999991,613.189999999999,663
2026-07-23T18:00:00+00:00,613.189999999999,613.7499999999991,612.1599999999991,613.1199999999991,507
2026-07-23T18:15:00+00:00,613.1199999999991,613.4999999999991,612.1599999999991,612.8899999999991,493
2026-07-23T18:30:00+00:00,612.8899999999991,613.089999999999,611.9099999999991,612.969999999999,459
2026-07-23T18:45:00+00:00,612.969999999999,614.479999999999,612.959999999999,613.039999999999,552
2026-07-23T19:00:00+00:00,613.039999999999,613.669999999999,611.539999999999,612.5099999999991,545
2026-07-23T19:15:00+00:00,612.5099999999991,614.979999999999,612.419999999999,614.189999999999,744
2026-07-23T19:30:00+00:00,614.189999999999,614.319999999999,610.929999999999,611.169999999999,848
2026-07-23T19:45:00+00:00,611.169999999999,614.489999999999,609.919999999999,612.599999999999,1820
2026-07-24T13:30:00+00:00,612.599999999999,613.839999999999,608.919999999999,609.7499999999991,2652
2026-07-24T13:45:00+00:00,609.7499999999991,611.3799999999991,608.359999999999,608.5099999999991,2067
2026-07-24T14:00:00+00:00,608.5099999999991,611.219999999999,607.989999999999,609.209999999999,1937
2026-07-24T14:15:00+00:00,609.209999999999,613.179999999999,607.449999999999,611.479999999999,1548
2026-07-24T14:30:00+00:00,611.479999999999,613.3699999999991,610.9099999999991,611.189999999999,1315
2026-07-24T14:45:00+00:00,611.189999999999,613.609999999999,610.449999999999,613.589999999999,1005
2026-07-24T15:00:00+00:00,613.589999999999,614.799999999999,612.0299999999991,614.0099999999991,1476
2026-07-24T15:15:00+00:00,614.0099999999991,616.179999999999,612.719999999999,615.5199999999991,1487
2026-07-24T15:30:00+00:00,615.5199999999991,616.699999999999,614.679999999999,614.689999999999,934
2026-07-24T15:45:00+00:00,614.689999999999,615.0099999999991,611.6199999999991,612.309999999999,946
2026-07-24T16:00:00+00:00,612.309999999999,612.6399999999991,609.9099999999991,610.219999999999,693
2026-07-24T16:15:00+00:00,610.219999999999,610.959999999999,609.9099999999991,609.9099999999991,535
2026-07-24T16:30:00+00:00,609.9099999999991,610.699999999999,608.079999999999,608.739999999999,736
2026-07-24T16:45:00+00:00,608.739999999999,609.109999999999,606.949999999999,607.429999999999,691
2026-07-24T17:00:00+00:00,607.429999999999,610.699999999999,607.4099999999991,609.469999999999,952
2026-07-24T17:15:00+00:00,609.469999999999,609.969999999999,608.9099999999991,609.849999999999,337
2026-07-24T17:30:00+00:00,609.849999999999,610.5199999999991,605.9099999999991,608.2499999999991,661
2026-07-24T17:45:00+00:00,608.2499999999991,608.829999999999,607.9099999999991,608.6299999999991,431
2026-07-24T18:00:00+00:00,608.6299999999991,609.2799999999991,607.9099999999991,608.679999999999,462
2026-07-24T18:15:00+00:00,608.679999999999,609.719999999999,608.1299999999991,608.1299999999991,586
2026-07-24T18:30:00+00:00,608.1299999999991,608.469999999999,606.1599999999991,606.5099999999991,846
2026-07-24T18:45:00+00:00,606.5099999999991,607.349999999999,605.9099999999991,606.679999999999,725
2026-07-24T19:00:00+00:00,606.679999999999,608.1299999999991,606.6599999999991,607.489999999999,696
2026-07-24T19:15:00+00:00,607.489999999999,608.1299999999991,606.669999999999,606.949999999999,690
2026-07-24T19:30:00+00:00,606.949999999999,607.919999999999,605.6599999999991,605.839999999999,866
2026-07-24T19:45:00+00:00,605.839999999999,606.089999999999,600.959999999999,602.2699999999991,1523
2026-07-27T13:30:00+00:00,602.2699999999991,617.219999999999,602.2699999999991,610.2599999999991,2792
2026-07-27T13:45:00+00:00,610.2599999999991,615.189999999999,609.9099999999991,612.059999999999,2139
2026-07-27T14:00:00+00:00,612.059999999999,616.239999999999,610.919999999999,615.959999999999,1405
2026-07-27T14:15:00+00:00,615.959999999999,616.239999999999,611.929999999999,611.959999999999,1902
2026-07-27T14:30:00+00:00,611.959999999999,612.3999999999991,607.1299999999991,607.3999999999991,2138
2026-07-27T14:45:00+00:00,607.3999999999991,609.789999999999,605.9099999999991,609.7599999999991,1505
2026-07-27T15:00:00+00:00,609.7599999999991,613.4999999999991,608.919999999999,612.359999999999,1647
2026-07-27T15:15:00+00:00,612.359999999999,613.819999999999,611.169999999999,612.319999999999,1369
2026-07-27T15:30:00+00:00,612.319999999999,612.459999999999,608.949999999999,609.439999999999,911
2026-07-27T15:45:00+00:00,609.439999999999,609.679999999999,607.709999999999,607.799999999999,924
2026-07-27T16:00:00+00:00,607.799999999999,608.479999999999,604.439999999999,604.7599999999991,1168
2026-07-27T16:15:00+00:00,604.7599999999991,606.9099999999991,604.1199999999991,605.929999999999,961
2026-07-27T16:30:00+00:00,605.929999999999,607.1299999999991,604.6599999999991,605.0299999999991,701
2026-07-27T16:45:00+00:00,605.0299999999991,605.4999999999991,603.9099999999991,604.349999999999,837
2026-07-27T17:00:00+00:00,604.349999999999,604.6299999999991,603.0299999999991,604.489999999999,505
2026-07-27T17:15:00+00:00,604.489999999999,604.609999999999,603.309999999999,603.6299999999991,509
2026-07-27T17:30:00+00:00,603.6299999999991,604.1499999999991,601.439999999999,601.949999999999,599
2026-07-27T17:45:00+00:00,601.949999999999,602.7599999999991,601.309999999999,601.679999999999,449
2026-07-27T18:00:00+00:00,601.679999999999,601.679999999999,599.969999999999,601.0899999999989,466.160813279442
2026-07-27T18:15:00+00:00,601.0899999999989,601.399999999999,600.4199999999989,600.869999999999,740
2026-07-27T18:30:00+00:00,600.869999999999,602.159999999999,600.159999999999,602.119999999999,580
2026-07-27T18:45:00+00:00,602.119999999999,604.249999999999,601.909999999999,603.279999999999,559
2026-07-27T19:00:00+00:00,603.279999999999,603.279999999999,601.909999999999,601.9899999999989,487
2026-07-27T19:15:00+00:00,601.9899999999989,602.4599999999989,601.7899999999989,601.9899999999989,472
2026-07-27T19:30:00+00:00,601.9899999999989,602.7899999999989,600.409999999999,600.6099999999989,559
2026-07-27T19:45:00+00:00,600.6099999999989,601.0499999999989,599.4199999999989,600.369999999999,1106
2026-07-28T13:30:00+00:00,600.369999999999,606.6099999999989,600.369999999999,601.1099999999989,4121
2026-07-28T13:45:00+00:00,601.1099999999989,601.879999999999,597.4199999999989,599.269999999999,3250
2026-07-28T14:00:00+00:00,599.269999999999,601.149999999999,597.769999999999,598.0499999999989,2418
2026-07-28T14:15:00+00:00,598.0499999999989,601.2299999999989,597.7899999999989,600.7299999999989,2196
2026-07-28T14:30:00+00:00,600.7299999999989,600.8599999999989,596.249999999999,599.369999999999,1505
2026-07-28T14:45:00+00:00,599.369999999999,599.889999999999,595.749999999999,595.8499999999989,1443
2026-07-28T15:00:00+00:00,595.8499999999989,597.909999999999,593.409999999999,597.4199999999989,1536
2026-07-28T15:15:00+00:00,597.4199999999989,601.0699999999989,597.4199999999989,599.8599999999989,1463
2026-07-28T15:30:00+00:00,599.8599999999989,601.019999999999,599.5899999999989,600.0499999999989,1154
2026-07-28T15:45:00+00:00,600.0499999999989,601.8399999999989,599.6999999999989,601.5999999999989,868
2026-07-28T16:00:00+00:00,601.5999999999989,603.4299999999989,601.1699999999989,603.1699999999989,1045
2026-07-28T16:15:00+00:00,603.1699999999989,604.3199999999989,602.649999999999,602.659999999999,779
2026-07-28T16:30:00+00:00,602.659999999999,603.2399999999989,601.409999999999,601.4199999999989,799
2026-07-28T16:45:00+00:00,601.4199999999989,601.899999999999,600.269999999999,600.629999999999,960
2026-07-28T17:00:00+00:00,600.629999999999,600.629999999999,598.4399999999989,599.1099999999989,897
2026-07-28T17:15:00+00:00,599.1099999999989,600.3299999999989,599.1099999999989,599.909999999999,1184
2026-07-28T17:30:00+00:00,599.909999999999,601.159999999999,599.3099999999989,599.9299999999989,900
2026-07-28T17:45:00+00:00,599.9299999999989,600.909999999999,598.7399999999989,600.519999999999,868
2026-07-28T18:00:00+00:00,600.519999999999,601.159999999999,599.409999999999,600.0599999999989,890
2026-07-28T18:15:00+00:00,600.0599999999989,601.1999999999989,599.659999999999,600.6899999999989,792
2026-07-28T18:30:00+00:00,600.6899999999989,600.7399999999989,598.2099999999989,599.9199999999989,766
2026-07-28T18:45:00+00:00,599.9199999999989,600.879999999999,599.749999999999,600.7099999999989,881
2026-07-28T19:00:00+00:00,600.7099999999989,601.5699999999989,599.5799999999989,599.7899999999989,615
2026-07-28T19:15:00+00:00,599.7899999999989,600.519999999999,599.4299999999989,599.7199999999989,739
2026-07-28T19:30:00+00:00,599.7199999999989,600.0699999999989,598.999999999999,599.769999999999,825
2026-07-28T19:45:00+00:00,599.769999999999,600.769999999999,598.9199999999989,600.2399999999989,1509
2026-07-29T13:30:00+00:00,600.2399999999989,600.7199999999989,595.4299999999989,596.749999999999,2412
2026-07-29T13:45:00+00:00,596.749999999999,598.4199999999989,593.4399999999989,595.659999999999,1654
2026-07-29T14:00:00+00:00,595.659999999999,597.6799999999989,593.5999999999989,594.6799999999989,1497
2026-07-29T14:15:00+00:00,594.6799999999989,596.999999999999,592.7399999999989,593.8199999999989,1305
2026-07-29T14:30:00+00:00,593.8199999999989,597.129999999999,593.8199999999989,595.8499999999989,1072
2026-07-29T14:45:00+00:00,595.8499999999989,596.9699999999989,594.399999999999,594.9199999999989,933
2026-07-29T15:00:00+00:00,594.9199999999989,598.509999999999,594.4899999999989,598.3299999999989,1421
2026-07-29T15:15:00+00:00,598.3299999999989,599.269999999999,596.7999999999989,597.509999999999,789
2026-07-29T15:30:00+00:00,597.509999999999,598.5699999999989,594.9199999999989,595.629999999999,898
2026-07-29T15:45:00+00:00,595.629999999999,595.7199999999989,591.619999999999,592.9899999999989,886
2026-07-29T16:00:00+00:00,592.9899999999989,593.5999999999989,591.619999999999,591.9699999999989,875
2026-07-29T16:15:00+00:00,591.9699999999989,597.3399999999989,591.659999999999,597.019999999999,850
2026-07-29T16:30:00+00:00,597.019999999999,598.889999999999,595.9499999999989,598.5499999999989,690
2026-07-29T16:45:00+00:00,598.5499999999989,599.5999999999989,598.0999999999989,599.129999999999,680
2026-07-29T17:00:00+00:00,599.129999999999,600.369999999999,598.759999999999,599.9199999999989,801
2026-07-29T17:15:00+00:00,599.9199999999989,601.4399999999989,599.3099999999989,599.3299999999989,744
2026-07-29T17:30:00+00:00,599.3299999999989,599.899999999999,598.409999999999,599.5699999999989,709
2026-07-29T17:45:00+00:00,599.5699999999989,600.3099999999989,598.909999999999,599.4299999999989,590
2026-07-29T18:00:00+00:00,599.4299999999989,604.3499999999989,599.4199999999989,601.769999999999,1133
2026-07-29T18:15:00+00:00,601.769999999999,602.119999999999,599.269999999999,599.7199999999989,705
2026-07-29T18:30:00+00:00,599.7199999999989,602.4299999999989,599.4199999999989,602.2199999999989,1398
2026-07-29T18:45:00+00:00,602.2199999999989,606.1099999999989,601.1699999999989,604.029999999999,1212
2026-07-29T19:00:00+00:00,604.029999999999,604.3399999999989,600.0699999999989,601.4499999999989,1261
2026-07-29T19:15:00+00:00,601.4499999999989,602.0599999999989,594.519999999999,595.379999999999,1397
2026-07-29T19:30:00+00:00,595.379999999999,596.4299999999989,590.629999999999,590.8499999999989,1677
2026-07-29T19:45:00+00:00,590.8499999999989,594.8599999999989,588.639999999999,593.2999999999989,2715
2026-07-30T13:30:00+00:00,593.2999999999989,593.2999999999989,531.2099999999989,537.8299999999989,4094
2026-07-30T13:45:00+00:00,537.8299999999989,543.7099999999989,536.629999999999,538.4899999999989,3536
2026-07-30T14:00:00+00:00,538.4899999999989,541.0399999999989,533.909999999999,540.129999999999,3209
2026-07-30T14:15:00+00:00,540.129999999999,540.3199999999989,535.0499999999989,537.5999999999989,2828
2026-07-30T14:30:00+00:00,537.5999999999989,539.869999999999,536.0699999999989,538.9899999999989,2660
2026-07-30T14:45:00+00:00,538.9899999999989,542.2299999999989,537.409999999999,540.2299999999989,2320
2026-07-30T15:00:00+00:00,540.2299999999989,545.139999999999,539.409999999999,543.509999999999,1714
2026-07-30T15:15:00+00:00,543.509999999999,544.159999999999,538.4299999999989,539.139999999999,2289
2026-07-30T15:30:00+00:00,539.139999999999,539.9299999999989,538.509999999999,539.4199999999989,1462
2026-07-30T15:45:00+00:00,539.4199999999989,541.1099999999989,538.4899999999989,538.519999999999,1538
2026-07-30T16:00:00+00:00,538.519999999999,543.2299999999989,538.009999999999,540.7899999999989,2154
2026-07-30T16:15:00+00:00,540.7899999999989,540.9599999999989,537.6799999999989,537.7899999999989,1964
2026-07-30T16:30:00+00:00,537.7899999999989,538.0799999999989,536.159999999999,536.6999999999989,1609
2026-07-30T16:45:00+00:00,536.6999999999989,537.7199999999989,536.1999999999989,537.159999999999,1216
2026-07-30T17:00:00+00:00,537.159999999999,539.269999999999,536.779999999999,538.159999999999,1259
2026-07-30T17:15:00+00:00,538.159999999999,539.5999999999989,536.9299999999989,539.0699999999989,1001
2026-07-30T17:30:00+00:00,539.0699999999989,541.2999999999989,537.9299999999989,538.3599999999989,1125
2026-07-30T17:45:00+00:00,538.3599999999989,539.659999999999,538.3599999999989,539.0599999999989,1019
2026-07-30T18:00:00+00:00,539.0599999999989,539.6099999999989,538.029999999999,539.259999999999,1154
2026-07-30T18:15:00+00:00,539.259999999999,540.4399999999989,538.899999999999,539.3199999999989,1075
2026-07-30T18:30:00+00:00,539.3199999999989,541.0799999999989,539.149999999999,540.3499999999989,926
2026-07-30T18:45:00+00:00,540.3499999999989,541.2099999999989,538.409999999999,540.909999999999,1043
2026-07-30T19:00:00+00:00,540.909999999999,542.159999999999,538.4299999999989,542.019999999999,1030
2026-07-30T19:15:00+00:00,542.019999999999,542.2299999999989,539.9799999999989,540.7399999999989,771
2026-07-30T19:30:00+00:00,540.7399999999989,541.5699999999989,539.519999999999,541.3099999999989,996
2026-07-30T19:45:00+00:00,541.3099999999989,546.249999999999,541.149999999999,545.0899999999989,1893
2026-07-31T13:30:00+00:00,545.0899999999989,564.0999999999989,545.0899999999989,554.4899999999989,3328
2026-07-31T13:45:00+00:00,554.4899999999989,555.4299999999989,551.8099999999989,552.5699999999989,2170
2026-07-31T14:00:00+00:00,552.5699999999989,553.8399999999989,549.159999999999,552.0499999999989,2241
2026-07-31T14:15:00+00:00,552.0499999999989,557.0799999999989,552.0499999999989,553.509999999999,2106
2026-07-31T14:30:00+00:00,553.509999999999,556.0899999999989,550.409999999999,555.0699999999989,1707
2026-07-31T14:45:00+00:00,555.0699999999989,558.639999999999,554.409999999999,557.409999999999,1178
2026-07-31T15:00:00+00:00,557.409999999999,559.3399999999989,553.3099999999989,553.409999999999,1534
2026-07-31T15:15:00+00:00,553.409999999999,553.879999999999,547.1899999999989,547.1999999999989,1624
2026-07-31T15:30:00+00:00,547.1999999999989,552.7299999999989,546.629999999999,552.029999999999,1370
2026-07-31T15:45:00+00:00,552.029999999999,553.2199999999989,551.0999999999989,552.2199999999989,1095
2026-07-31T16:00:00+00:00,552.2199999999989,554.0399999999989,551.7899999999989,554.0399999999989,1215
2026-07-31T16:15:00+00:00,554.0399999999989,555.9199999999989,553.5699999999989,555.529999999999,956
2026-07-31T16:30:00+00:00,555.529999999999,558.3399999999989,555.159999999999,556.019999999999,1339
2026-07-31T16:45:00+00:00,556.019999999999,556.4399999999989,554.909999999999,554.9199999999989,985
2026-07-31T17:00:00+00:00,554.9199999999989,556.149999999999,552.9799999999989,553.2199999999989,959
2026-07-31T17:15:00+00:00,553.2199999999989,556.019999999999,552.759999999999,555.629999999999,1075
2026-07-31T17:30:00+00:00,555.629999999999,556.2999999999989,554.2099999999989,555.2299999999989,981
2026-07-31T17:45:00+00:00,555.2299999999989,556.2299999999989,554.909999999999,555.0799999999989,1012
2026-07-31T18:00:00+00:00,555.0799999999989,556.2899999999989,553.7199999999989,555.4299999999989,1119
2026-07-31T18:15:00+00:00,555.4299999999989,557.9799999999989,555.0599999999989,556.4299999999989,1300
2026-07-31T18:30:00+00:00,556.4299999999989,556.9499999999989,555.5899999999989,556.1799999999989,942
2026-07-31T18:45:00+00:00,556.1799999999989,557.909999999999,556.1799999999989,556.9799999999989,927
2026-07-31T19:00:00+00:00,556.9799999999989,559.6899999999989,556.7299999999989,559.529999999999,936
2026-07-31T19:15:00+00:00,559.529999999999,560.0599999999989,558.4199999999989,558.9299999999989,1013
2026-07-31T19:30:00+00:00,558.9299999999989,561.019999999999,557.6099999999989,558.519999999999,1311
2026-07-31T19:45:00+00:00,558.519999999999,564.5899999999989,557.4299999999989,563.2999999999989,2151
2026-08-03T13:30:00+00:00,563.2999999999989,588.149999999999,563.2999999999989,586.4499999999989,3473
2026-08-03T13:45:00+00:00,586.4499999999989,599.9899999999989,585.879999999999,596.5499999999989,3243
2026-08-03T14:00:00+00:00,596.5499999999989,600.769999999999,594.519999999999,598.6899999999989,2518
2026-08-03T14:15:00+00:00,598.6899999999989,599.1999999999989,592.869999999999,593.139999999999,2376
2026-08-03T14:30:00+00:00,593.139999999999,594.749999999999,588.999999999999,594.019999999999,1841
2026-08-03T14:45:00+00:00,594.019999999999,595.2399999999989,592.6099999999989,594.5699999999989,1287
2026-08-03T15:00:00+00:00,594.5699999999989,598.9799999999989,594.5699999999989,598.619999999999,1215
2026-08-03T15:15:00+00:00,598.619999999999,600.889999999999,597.4699999999989,600.5399999999989,1123
2026-08-03T15:30:00+00:00,600.5399999999989,601.1699999999989,598.999999999999,599.6999999999989,1260
2026-08-03T15:45:00+00:00,599.6999999999989,601.029999999999,598.4799999999989,598.8199999999989,936
2026-08-03T16:00:00+00:00,598.8199999999989,599.9499999999989,597.6099999999989,599.409999999999,923
2026-08-03T16:15:00+00:00,599.409999999999,603.139999999999,598.879999999999,601.8599999999989,1028
2026-08-03T16:30:00+00:00,601.8599999999989,603.769999999999,601.4399999999989,601.9299999999989,1104
2026-08-03T16:45:00+00:00,601.9299999999989,602.1099999999989,599.4499999999989,599.5499999999989,856
2026-08-03T17:00:00+00:00,599.5499999999989,599.9799999999989,597.0699999999989,599.7299999999989,959
2026-08-03T17:15:00+00:00,599.7299999999989,600.7299999999989,598.4199999999989,600.009999999999,786
2026-08-03T17:30:00+00:00,600.009999999999,600.009999999999,597.0599999999989,597.279999999999,786
2026-08-03T17:45:00+00:00,597.279999999999,597.519999999999,596.0999999999989,596.6699999999989,699
2026-08-03T18:00:00+00:00,596.6699999999989,597.0899999999989,595.4499999999989,595.8299999999989,722
2026-08-03T18:15:00+00:00,595.8299999999989,598.0799999999989,595.4199999999989,596.8499999999989,844
2026-08-03T18:30:00+00:00,596.8499999999989,599.8199999999989,596.1099999999989,599.6799999999989,996
2026-08-03T18:45:00+00:00,599.6799999999989,600.3399999999989,599.119999999999,599.8099999999989,793
2026-08-03T19:00:00+00:00,599.8099999999989,600.4799999999989,598.9899999999989,599.009999999999,807
2026-08-03T19:15:00+00:00,599.009999999999,600.1799999999989,598.509999999999,599.759999999999,876
2026-08-03T19:30:00+00:00,599.759999999999,600.4399999999989,598.909999999999,599.519999999999,820
2026-08-03T19:45:00+00:00,599.519999999999,599.6099999999989,595.5799999999989,597.0899999999989,1766
2026-08-04T13:30:00+00:00,597.0899999999989,597.0899999999989,585.7299999999989,590.1699999999989,2716
2026-08-04T13:45:00+00:00,590.1699999999989,591.9699999999989,588.629999999999,591.3499999999989,1594
2026-08-04T14:00:00+00:00,591.3499999999989,591.909999999999,588.909999999999,589.7399999999989,1281
2026-08-04T14:15:00+00:00,589.7399999999989,591.119999999999,587.7899999999989,589.6099999999989,1329
2026-08-04T14:30:00+00:00,589.6099999999989,591.019999999999,588.0599999999989,589.279999999999,1425
2026-08-04T14:45:00+00:00,589.279999999999,589.4599999999989,587.5999999999989,587.7099999999989,833
2026-08-04T15:00:00+00:00,587.7099999999989,588.779999999999,587.4299999999989,587.5899999999989,796
2026-08-04T15:15:00+00:00,587.5899999999989,590.3099999999989,587.5799999999989,589.4499999999989,825
2026-08-04T15:30:00+00:00,589.4499999999989,590.3499999999989,588.409999999999,588.5799999999989,873
2026-08-04T15:45:00+00:00,588.5799999999989,590.5999999999989,588.5599999999989,589.9599999999989,732
2026-08-04T16:00:00+00:00,589.9599999999989,590.529999999999,589.009999999999,589.019999999999,667
2026-08-04T16:15:00+00:00,589.019999999999,589.3099999999989,587.7299999999989,587.769999999999,601
2026-08-04T16:30:00+00:00,587.769999999999,588.389999999999,584.639999999999,585.1799999999989,741
2026-08-04T16:45:00+00:00,585.1799999999989,587.6699999999989,585.1799999999989,587.009999999999,960
2026-08-04T17:00:00+00:00,587.009999999999,593.8299999999989,587.009999999999,592.1999999999989,1148
2026-08-04T17:15:00+00:00,592.1999999999989,595.0599999999989,591.5499999999989,594.779999999999,842
2026-08-04T17:30:00+00:00,594.779999999999,595.7999999999989,594.1099999999989,595.7999999999989,859
2026-08-04T17:45:00+00:00,595.7999999999989,595.9899999999989,593.749999999999,593.8399999999989,831
2026-08-04T18:00:00+00:00,593.8399999999989,594.9399999999989,593.409999999999,594.8099999999989,745
2026-08-04T18:15:00+00:00,594.8099999999989,596.009999999999,594.8099999999989,595.499999999999,638
2026-08-04T18:30:00+00:00,595.499999999999,596.1899999999989,594.7399999999989,594.8399999999989,506
2026-08-04T18:45:00+00:00,594.8399999999989,595.3299999999989,594.529999999999,594.629999999999,659
2026-08-04T19:00:00+00:00,594.629999999999,596.1099999999989,594.4899999999989,595.9899999999989,748
2026-08-04T19:15:00+00:00,595.9899999999989,597.149999999999,595.7099999999989,596.759999999999,873
2026-08-04T19:30:00+00:00,596.759999999999,599.1099999999989,596.649999999999,598.8099999999989,1003
2026-08-04T19:45:00+00:00,598.8099999999989,598.9199999999989,593.409999999999,594.2399999999989,1872
2026-08-05T13:30:00+00:00,594.2399999999989,607.139999999999,594.2399999999989,601.8299999999989,2853
2026-08-05T13:45:00+00:00,601.8299999999989,605.749999999999,600.4599999999989,600.899999999999,2082
2026-08-05T14:00:00+00:00,600.899999999999,602.6999999999989,598.7099999999989,600.6699999999989,1536
2026-08-05T14:15:00+00:00,600.6699999999989,601.6099999999989,597.509999999999,598.2099999999989,1388
2026-08-05T14:30:00+00:00,598.2099999999989,599.3099999999989,597.6699999999989,598.0899999999989,1305
2026-08-05T14:45:00+00:00,598.0899999999989,599.129999999999,596.409999999999,597.1599999999988,1160.5655587542528
2026-08-05T15:00:00+00:00,597.1599999999988,598.7599999999987,595.7299999999988,596.0299999999988,1083
2026-08-05T15:15:00+00:00,596.0299999999988,596.3899999999988,592.3699999999988,592.3799999999987,1332
2026-08-05T15:30:00+00:00,592.3799999999987,593.6299999999987,591.1199999999988,591.1199999999988,952
2026-08-05T15:45:00+00:00,591.1199999999988,591.4499999999988,588.4399999999988,588.4599999999988,1100
2026-08-05T16:00:00+00:00,588.4599999999988,589.1499999999988,586.5399999999988,587.9199999999988,1354
2026-08-05T16:15:00+00:00,587.9199999999988,591.4799999999988,587.8299999999988,589.3299999999988,1355
2026-08-05T16:30:00+00:00,589.3299999999988,589.7499999999987,587.4299999999988,589.6599999999988,1013
2026-08-05T16:45:00+00:00,589.6599999999988,591.7999999999988,589.1299999999987,591.4999999999987,1052
2026-08-05T17:00:00+00:00,591.4999999999987,591.4999999999987,590.4299999999988,590.7999999999988,577
2026-08-05T17:15:00+00:00,590.7999999999988,591.4399999999988,589.6799999999988,590.0099999999987,735
2026-08-05T17:30:00+00:00,590.0099999999987,590.4699999999988,588.9299999999988,589.6399999999988,596
2026-08-05T17:45:00+00:00,589.6399999999988,590.3199999999988,588.9399999999988,589.6899999999988,571
2026-08-05T18:00:00+00:00,589.6899999999988,590.5599999999988,589.6899999999988,590.1899999999988,578
2026-08-05T18:15:00+00:00,590.1899999999988,590.2099999999988,589.1399999999988,589.2999999999988,546
2026-08-05T18:30:00+00:00,589.2999999999988,590.2499999999987,588.7299999999988,589.7099999999988,573
2026-08-05T18:45:00+00:00,589.7099999999988,590.2699999999988,588.6799999999988,588.6799999999988,577
2026-08-05T19:00:00+00:00,588.6799999999988,590.0999999999988,586.6499999999988,589.7799999999988,920
2026-08-05T19:15:00+00:00,589.7799999999988,595.1499999999988,589.6899999999988,594.8499999999988,1923
2026-08-05T19:30:00+00:00,594.8499999999988,595.0399999999988,592.6399999999988,593.3999999999988,1247
2026-08-05T19:45:00+00:00,593.3999999999988,596.5699999999988,592.9699999999988,595.7299999999988,1688
2026-08-06T13:30:00+00:00,595.7299999999988,601.2899999999987,592.5299999999987,596.0099999999987,2798
2026-08-06T13:45:00+00:00,596.0099999999987,601.8099999999987,595.8899999999987,599.9099999999987,1594
2026-08-06T14:00:00+00:00,599.9099999999987,600.2499999999987,595.0699999999987,595.6299999999987,1627
2026-08-06T14:15:00+00:00,595.6299999999987,597.5899999999988,594.8799999999987,596.4799999999988,1239
2026-08-06T14:30:00+00:00,596.4799999999988,600.7899999999987,596.1299999999987,597.5099999999987,997
2026-08-06T14:45:00+00:00,597.5099999999987,600.6499999999987,595.8899999999987,599.5399999999987,851
2026-08-06T15:00:00+00:00,599.5399999999987,599.5599999999987,596.4699999999988,596.4699999999988,668
2026-08-06T15:15:00+00:00,596.4699999999988,596.8199999999987,595.4799999999988,596.3899999999987,679
2026-08-06T15:30:00+00:00,596.3899999999987,596.6799999999987,595.6699999999987,596.3699999999988,628
2026-08-06T15:45:00+00:00,596.3699999999988,596.4599999999988,594.0199999999987,594.7099999999988,715
2026-08-06T16:00:00+00:00,594.7099999999988,595.8699999999988,594.0399999999987,595.6699999999987,700
2026-08-06T16:15:00+00:00,595.6699999999987,596.7399999999988,595.6699999999987,596.1799999999987,671
2026-08-06T16:30:00+00:00,596.1799999999987,597.4699999999988,595.1199999999988,595.5999999999988,758
2026-08-06T16:45:00+00:00,595.5999999999988,596.5399999999987,594.9699999999988,596.4299999999987,762
2026-08-06T17:00:00+00:00,596.4299999999987,597.8499999999988,595.5199999999987,595.5699999999987,705
2026-08-06T17:15:00+00:00,595.5699999999987,596.1399999999987,594.6799999999987,594.6799999999987,595
2026-08-06T17:30:00+00:00,594.6799999999987,595.4699999999988,594.0699999999987,595.3699999999988,475
2026-08-06T17:45:00+00:00,595.3699999999988,596.4199999999987,595.0699999999987,596.2199999999988,546
2026-08-06T18:00:00+00:00,596.2199999999988,596.3899999999987,594.9099999999987,595.2699999999987,558
2026-08-06T18:15:00+00:00,595.2699999999987,597.1499999999987,594.8699999999988,596.9499999999987,647
2026-08-06T18:30:00+00:00,596.9499999999987,598.1299999999987,595.8699999999988,596.0399999999987,605
2026-08-06T18:45:00+00:00,596.0399999999987,596.9799999999988,596.0399999999987,596.4499999999987,533
2026-08-06T19:00:00+00:00,596.4499999999987,597.7999999999987,596.3999999999987,597.2599999999987,557
2026-08-06T19:15:00+00:00,597.2599999999987,597.3699999999988,595.9599999999988,595.9599999999988,718
2026-08-06T19:30:00+00:00,595.9599999999988,596.8599999999988,594.1299999999987,594.3599999999988,718
2026-08-06T19:45:00+00:00,594.3599999999988,596.9499999999987,594.1699999999987,596.7199999999988,1168
2026-08-07T13:30:00+00:00,596.7199999999988,603.5699999999987,591.4799999999988,596.1799999999987,2482
2026-08-07T13:45:00+00:00,596.1799999999987,598.7099999999988,595.6699999999987,595.8799999999987,1498
2026-08-07T14:00:00+00:00,595.8799999999987,598.6499999999987,595.2199999999988,596.3599999999988,1551
2026-08-07T14:15:00+00:00,596.3599999999988,600.8399999999988,596.0099999999987,599.5099999999987,1520
2026-08-07T14:30:00+00:00,599.5099999999987,604.4499999999987,598.8699999999988,603.7399999999988,1260
2026-08-07T14:45:00+00:00,603.7399999999988,605.5399999999987,602.6899999999987,605.1599999999987,1068
2026-08-07T15:00:00+00:00,605.1599999999987,605.3899999999987,603.1699999999987,603.7799999999987,731
2026-08-07T15:15:00+00:00,603.7799999999987,604.8099999999987,602.4799999999988,602.9799999999988,688
2026-08-07T15:30:00+00:00,602.9799999999988,603.5099999999987,601.4399999999987,603.0699999999987,803
2026-08-07T15:45:00+00:00,603.0699999999987,603.1799999999987,601.2799999999987,601.4799999999988,606
2026-08-07T16:00:00+00:00,601.4799999999988,601.6899999999987,600.6499999999987,601.3999999999987,611
2026-08-07T16:15:00+00:00,601.3999999999987,601.7299999999988,599.3799999999987,599.8699999999988,655
2026-08-07T16:30:00+00:00,599.8699999999988,600.9199999999987,599.4199999999987,600.9099999999987,615
2026-08-07T16:45:00+00:00,600.9099999999987,601.2899999999987,599.0699999999987,599.1899999999987,564
2026-08-07T17:00:00+00:00,599.1899999999987,599.5499999999987,598.0799999999988,598.3599999999988,606
2026-08-07T17:15:00+00:00,598.3599999999988,598.7299999999988,597.6699999999987,598.4299999999987,631
2026-08-07T17:30:00+00:00,598.4299999999987,599.2399999999988,597.9099999999987,598.8899999999987,624
2026-08-07T17:45:00+00:00,598.8899999999987,599.4499999999987,598.7499999999987,599.0999999999988,440
2026-08-07T18:00:00+00:00,599.0999999999988,599.4899999999988,598.5199999999987,598.6099999999988,393
2026-08-07T18:15:00+00:00,598.6099999999988,599.1499999999987,598.4899999999988,599.0099999999987,456
2026-08-07T18:30:00+00:00,599.0099999999987,599.1299999999987,597.6399999999986,597.7299999999987,379
2026-08-07T18:45:00+00:00,597.7299999999987,598.1499999999986,596.8899999999986,598.1499999999986,594
2026-08-07T19:00:00+00:00,598.1499999999986,599.9499999999987,597.8399999999987,599.9499999999987,677
2026-08-07T19:15:00+00:00,599.9499999999987,600.3299999999987,598.9699999999987,599.3199999999987,565
2026-08-07T19:30:00+00:00,599.3199999999987,599.6999999999987,598.3799999999986,599.6299999999986,770
2026-08-07T19:45:00+00:00,599.6299999999986,602.2399999999986,597.8399999999987,599.2299999999987,1448
2026-08-10T13:30:00+00:00,599.2299999999987,611.1399999999986,599.2299999999987,603.2399999999986,3025
2026-08-10T13:45:00+00:00,603.2399999999986,604.5299999999986,600.4099999999986,603.4099999999986,1421
2026-08-10T14:00:00+00:00,603.4099999999986,606.1499999999986,601.8399999999987,605.3499999999987,1533
2026-08-10T14:15:00+00:00,605.3499999999987,610.3799999999986,603.3399999999987,610.3399999999987,1880
2026-08-10T14:30:00+00:00,610.3399999999987,614.6399999999986,608.8399999999987,614.4799999999987,2202
2026-08-10T14:45:00+00:00,614.4799999999987,614.9499999999987,609.0399999999986,609.4699999999987,1865
2026-08-10T15:00:00+00:00,609.4699999999987,609.7199999999987,606.8499999999987,606.8499999999987,1048
2026-08-10T15:15:00+00:00,606.8499999999987,606.8899999999986,605.1399999999986,605.9799999999987,746
2026-08-10T15:30:00+00:00,605.9799999999987,606.7899999999986,605.1399999999986,606.2199999999987,646
2026-08-10T15:45:00+00:00,606.2199999999987,607.0999999999987,606.1099999999986,606.4399999999987,703
2026-08-10T16:00:00+00:00,606.4399999999987,606.9699999999987,605.1599999999986,606.2599999999986,917
2026-08-10T16:15:00+00:00,606.2599999999986,606.4299999999987,603.3399999999987,603.9699999999987,952
2026-08-10T16:30:00+00:00,603.9699999999987,604.0999999999987,599.3799999999986,599.6899999999987,1171
2026-08-10T16:45:00+00:00,599.6899999999987,600.8599999999986,599.1199999999986,600.6499999999986,952
2026-08-10T17:00:00+00:00,600.6499999999986,600.8599999999986,599.3399999999987,600.4099999999986,708
2026-08-10T17:15:00+00:00,600.4099999999986,601.4599999999987,600.0499999999987,601.4199999999986,490
2026-08-10T17:30:00+00:00,601.4199999999986,601.6399999999986,600.3199999999987,600.6499999999986,711
2026-08-10T17:45:00+00:00,600.6499999999986,600.8099999999987,599.5899999999987,600.3599999999986,779
2026-08-10T18:00:00+00:00,600.3599999999986,600.6499999999986,599.6699999999986,600.1999999999987,659
2026-08-10T18:15:00+00:00,600.1999999999987,600.4199999999986,599.4899999999986,599.6199999999986,583
2026-08-10T18:30:00+00:00,599.6199999999986,601.1199999999986,599.3499999999987,600.8699999999986,658
2026-08-10T18:45:00+00:00,600.8699999999986,601.9299999999987,600.6899999999987,601.5299999999986,558
2026-08-10T19:00:00+00:00,601.5299999999986,601.9499999999987,599.8399999999987,600.0699999999987,544
2026-08-10T19:15:00+00:00,600.0699999999987,600.1899999999987,598.8499999999987,599.1499999999986,634
2026-08-10T19:30:00+00:00,599.1499999999986,600.8199999999987,598.9999999999986,600.6599999999986,754
2026-08-10T19:45:00+00:00,600.6599999999986,602.2599999999986,599.8399999999987,601.6399999999986,1605
2026-08-11T13:30:00+00:00,601.6399999999986,605.8499999999987,600.2399999999986,601.8499999999987,1994
2026-08-11T13:45:00+00:00,601.8499999999987,610.0599999999987,600.5899999999987,609.3599999999986,1873
2026-08-11T14:00:00+00:00,609.3599999999986,616.6599999999986,609.3599999999986,616.0099999999986,2117
2026-08-11T14:15:00+00:00,616.0099999999986,619.0499999999987,615.0599999999987,615.6099999999986,1983
2026-08-11T14:30:00+00:00,615.6099999999986,616.8199999999987,615.0399999999986,615.2799999999986,1078
2026-08-11T14:45:00+00:00,615.2799999999986,618.1499999999986,615.2699999999986,616.4399999999987,1143
2026-08-11T15:00:00+00:00,616.4399999999987,617.4499999999987,612.9599999999987,613.2799999999986,991
2026-08-11T15:15:00+00:00,613.2799999999986,617.6799999999987,613.0899999999987,616.2999999999987,1263
2026-08-11T15:30:00+00:00,616.2999999999987,616.3699999999986,611.8599999999986,612.5499999999987,919
2026-08-11T15:45:00+00:00,612.5499999999987,612.7999999999987,611.5499999999987,611.9799999999987,500
2026-08-11T16:00:00+00:00,611.9799999999987,613.5699999999987,611.5599999999987,612.3599999999986,629
2026-08-11T16:15:00+00:00,612.3599999999986,612.4699999999987,610.5699999999987,611.4099999999986,492
2026-08-11T16:30:00+00:00,611.4099999999986,611.4099999999986,610.0999999999987,610.3999999999986,430
2026-08-11T16:45:00+00:00,610.3999999999986,611.1799999999987,609.9699999999987,610.4799999999987,506
2026-08-11T17:00:00+00:00,610.4799999999987,610.7399999999986,609.6699999999986,609.7199999999987,441
2026-08-11T17:15:00+00:00,609.7199999999987,611.2799999999986,609.6699999999986,611.0999999999987,476
2026-08-11T17:30:00+00:00,611.0999999999987,612.4899999999986,611.0699999999987,612.0999999999987,467
2026-08-11T17:45:00+00:00,612.0999999999987,612.1099999999986,610.9199999999986,611.0599999999987,337
2026-08-11T18:00:00+00:00,611.0599999999987,611.6099999999986,609.6399999999986,611.3999999999986,406
2026-08-11T18:15:00+00:00,611.3999999999986,611.4499999999987,609.3399999999987,609.4399999999987,498
2026-08-11T18:30:00+00:00,609.4399999999987,609.9399999999987,609.3399999999987,609.6899999999987,454
2026-08-11T18:45:00+00:00,609.6899999999987,610.3399999999987,609.3799999999986,609.3799999999986,498
2026-08-11T19:00:00+00:00,609.3799999999986,609.6599999999986,608.2799999999986,608.8499999999987,668
2026-08-11T19:15:00+00:00,608.8499999999987,608.8599999999986,607.1399999999986,608.1599999999986,687
2026-08-11T19:30:00+00:00,608.1599999999986,609.2699999999986,607.1399999999986,607.5099999999986,720
2026-08-11T19:45:00+00:00,607.5099999999986,607.5199999999986,604.8599999999986,605.8799999999986,1404
2026-08-12T13:30:00+00:00,605.8799999999986,610.6399999999986,600.9899999999986,601.7999999999987,2551
2026-08-12T13:45:00+00:00,601.7999999999987,602.2399999999986,595.9999999999986,596.8399999999987,1639
2026-08-12T14:00:00+00:00,596.8399999999987,597.3599999999986,593.6599999999986,594.4499999999987,1502
2026-08-12T14:15:00+00:00,594.4499999999987,595.0799999999987,592.9499999999987,594.3599999999986,1199
2026-08-12T14:30:00+00:00,594.3599999999986,594.6099999999986,591.4099999999986,592.8499999999987,1428
2026-08-12T14:45:00+00:00,592.8499999999987,592.8599999999986,590.8999999999986,592.5899999999986,921.0242993234847
2026-08-12T15:00:00+00:00,592.5899999999986,593.4599999999986,591.8499999999985,592.5499999999985,668
2026-08-12T15:15:00+00:00,592.5499999999985,592.8799999999985,590.3599999999985,590.8999999999985,993
2026-08-12T15:30:00+00:00,590.8999999999985,591.0099999999985,588.4599999999986,589.4199999999985,949
2026-08-12T15:45:00+00:00,589.4199999999985,589.8499999999985,587.9799999999985,588.0299999999985,1039
2026-08-12T16:00:00+00:00,588.0299999999985,589.2099999999986,587.5599999999986,588.7299999999985,927
2026-08-12T16:15:00+00:00,588.7299999999985,589.3499999999985,588.3499999999985,589.0499999999985,820
2026-08-12T16:30:00+00:00,589.0499999999985,589.7399999999985,587.9299999999985,589.4999999999985,774
2026-08-12T16:45:00+00:00,589.4999999999985,589.6699999999985,588.4899999999985,588.7599999999985,948
2026-08-12T17:00:00+00:00,588.7599999999985,589.2599999999985,588.5499999999985,588.8699999999985,749
2026-08-12T17:15:00+00:00,588.8699999999985,588.9799999999985,588.0999999999985,588.4099999999985,671
2026-08-12T17:30:00+00:00,588.4099999999985,588.7199999999985,585.0499999999985,585.5599999999986,1024
2026-08-12T17:45:00+00:00,585.5599999999986,586.0399999999985,585.0999999999985,585.5599999999986,898
2026-08-12T18:00:00+00:00,585.5599999999986,588.1099999999985,585.3499999999985,587.5899999999986,854
2026-08-12T18:15:00+00:00,587.5899999999986,588.1099999999985,586.7299999999985,588.0699999999986,750
2026-08-12T18:30:00+00:00,588.0699999999986,590.3699999999985,588.0499999999985,589.9999999999985,909
2026-08-12T18:45:00+00:00,589.9999999999985,590.4399999999986,586.2499999999985,586.5899999999986,941
2026-08-12T19:00:00+00:00,586.5899999999986,587.0299999999985,585.8499999999985,586.6799999999985,858
2026-08-12T19:15:00+00:00,586.6799999999985,587.9299999999985,586.4999999999985,587.3099999999986,695
2026-08-12T19:30:00+00:00,587.3099999999986,588.4499999999986,586.8499999999985,588.2999999999985,730
2026-08-12T19:45:00+00:00,588.2999999999985,588.9399999999986,584.8999999999985,585.7799999999985,1685
2026-08-13T13:30:00+00:00,585.7799999999985,596.4299999999985,585.7799999999985,594.1999999999986,1868
2026-08-13T13:45:00+00:00,594.1999999999986,596.4999999999985,591.3799999999985,594.8799999999985,1709
2026-08-13T14:00:00+00:00,594.8799999999985,596.5499999999985,594.8499999999985,595.9799999999985,915
2026-08-13T14:15:00+00:00,595.9799999999985,597.2699999999985,594.0999999999985,594.5599999999986,819
2026-08-13T14:30:00+00:00,594.5599999999986,597.6099999999985,594.4999999999985,596.0799999999986,795
2026-08-13T14:45:00+00:00,596.0799999999986,597.5799999999986,595.0999999999985,597.5499999999985,682
2026-08-13T15:00:00+00:00,597.5499999999985,597.7999999999985,594.9699999999985,595.4299999999985,714
2026-08-13T15:15:00+00:00,595.4299999999985,595.6799999999985,592.4199999999985,592.8999999999985,762
2026-08-13T15:30:00+00:00,592.8999999999985,593.6199999999985,592.3299999999986,592.5699999999986,742
2026-08-13T15:45:00+00:00,592.5699999999986,593.3799999999985,591.5999999999985,593.1899999999986,560
2026-08-13T16:00:00+00:00,593.1899999999986,593.9999999999985,591.9599999999986,593.4399999999986,675
2026-08-13T16:15:00+00:00,593.4399999999986,593.8299999999986,592.7299999999985,593.8199999999986,571
2026-08-13T16:30:00+00:00,593.8199999999986,595.0599999999986,593.5499999999985,595.0499999999985,541
2026-08-13T16:45:00+00:00,595.0499999999985,595.4999999999985,594.1099999999985,594.6099999999985,458
2026-08-13T17:00:00+00:00,594.6099999999985,595.9999999999985,594.5199999999985,595.5599999999986,501
2026-08-13T17:15:00+00:00,595.5599999999986,595.8599999999985,594.6099999999985,595.1099999999985,479
2026-08-13T17:30:00+00:00,595.1099999999985,595.4999999999985,594.3599999999985,595.4399999999986,374
2026-08-13T17:45:00+00:00,595.4399999999986,596.2699999999985,594.9099999999985,595.1899999999986,347
2026-08-13T18:00:00+00:00,595.1899999999986,597.0699999999986,594.8499999999985,596.8699999999985,483
2026-08-13T18:15:00+00:00,596.8699999999985,596.8699999999985,595.9799999999985,596.4699999999985,396
2026-08-13T18:30:00+00:00,596.4699999999985,597.8099999999986,595.9799999999985,597.4199999999985,448
2026-08-13T18:45:00+00:00,597.4199999999985,600.0099999999985,597.1099999999985,599.4999999999985,529
2026-08-13T19:00:00+00:00,599.4999999999985,602.0999999999985,598.8499999999985,600.9099999999985,747
2026-08-13T19:15:00+00:00,600.9099999999985,602.2699999999985,600.2999999999985,601.9899999999985,672
2026-08-13T19:30:00+00:00,601.9899999999985,602.4299999999985,600.1499999999985,601.3399999999986,632
2026-08-13T19:45:00+00:00,601.3399999999986,602.6199999999985,600.5299999999985,601.7399999999985,1310
2026-08-14T13:30:00+00:00,601.7399999999985,608.1899999999986,601.3499999999985,602.1199999999985,2052
2026-08-14T13:45:00+00:00,602.1199999999985,605.3099999999986,602.0999999999985,604.1899999999986,1339
2026-08-14T14:00:00+00:00,604.1899999999986,605.9799999999985,604.1899999999986,604.4499999999986,1056
2026-08-14T14:15:00+00:00,604.4499999999986,606.6899999999986,602.2199999999985,602.5699999999986,1187
2026-08-14T14:30:00+00:00,602.5699999999986,603.5299999999985,600.8499999999985,600.9999999999985,960
2026-08-14T14:45:00+00:00,600.9999999999985,602.0699999999986,599.8299999999984,599.9499999999985,774.28984660336
2026-08-14T15:00:00+00:00,599.9499999999985,601.0999999999984,599.1399999999984,600.1599999999984,992
2026-08-14T15:15:00+00:00,600.1599999999984,601.1099999999984,598.5199999999984,599.5399999999984,765
2026-08-14T15:30:00+00:00,599.5399999999984,601.6099999999984,599.5199999999984,601.4999999999984,724
2026-08-14T15:45:00+00:00,601.4999999999984,601.8599999999984,600.8499999999984,601.3199999999985,547
2026-08-14T16:00:00+00:00,601.3199999999985,601.4199999999984,599.6099999999984,600.5099999999984,597
2026-08-14T16:15:00+00:00,600.5099999999984,600.6199999999984,598.5199999999984,599.0399999999984,632
2026-08-14T16:30:00+00:00,599.0399999999984,599.2499999999984,598.3599999999984,598.5199999999984,578
2026-08-14T16:45:00+00:00,598.5199999999984,598.7599999999984,597.6699999999984,598.4499999999985,589
2026-08-14T17:00:00+00:00,598.4499999999985,599.2399999999984,597.9199999999984,598.6899999999985,470
2026-08-14T17:15:00+00:00,598.6899999999985,598.7399999999984,597.8599999999984,598.1099999999984,295
2026-08-14T17:30:00+00:00,598.1099999999984,598.1999999999985,597.5099999999984,597.6999999999985,377
2026-08-14T17:45:00+00:00,597.6999999999985,598.4599999999984,597.4999999999984,598.2699999999984,443
2026-08-14T18:00:00+00:00,598.2699999999984,598.5999999999984,597.9099999999984,598.3999999999984,421
2026-08-14T18:15:00+00:00,598.3999999999984,598.7599999999984,597.9099999999984,598.1499999999984,390
2026-08-14T18:30:00+00:00,598.1499999999984,598.5199999999984,597.7999999999984,598.3499999999984,304
2026-08-14T18:45:00+00:00,598.3499999999984,598.7999999999984,598.1499999999984,598.5299999999984,451
2026-08-14T19:00:00+00:00,598.5299999999984,598.6499999999984,597.7499999999984,597.8999999999984,415
2026-08-14T19:15:00+00:00,597.8999999999984,598.3399999999984,597.4399999999985,598.0199999999984,438
2026-08-14T19:30:00+00:00,598.0199999999984,598.4899999999984,596.9299999999984,597.4199999999984,540
2026-08-14T19:45:00+00:00,597.4199999999984,597.9599999999984,595.8599999999984,596.4799999999984,1278
2026-08-17T13:30:00+00:00,596.4799999999984,596.5699999999985,584.9499999999985,586.9699999999984,2119
2026-08-17T13:45:00+00:00,586.9699999999984,588.3399999999984,586.2499999999984,586.6599999999984,1391
2026-08-17T14:00:00+00:00,586.6599999999984,587.3299999999984,585.1599999999984,586.9699999999984,1246
2026-08-17T14:15:00+00:00,586.9699999999984,587.5699999999985,584.5499999999984,584.8599999999984,1164
2026-08-17T14:30:00+00:00,584.8599999999984,584.8699999999984,581.6299999999984,581.6899999999985,1304
2026-08-17T14:45:00+00:00,581.6899999999985,581.8299999999984,580.0899999999984,580.9599999999984,1337
2026-08-17T15:00:00+00:00,580.9599999999984,581.1199999999984,579.6999999999985,580.5199999999984,909
2026-08-17T15:15:00+00:00,580.5199999999984,581.8699999999984,580.3999999999984,581.7499999999984,782
2026-08-17T15:30:00+00:00,581.7499999999984,581.8799999999984,579.9499999999985,581.0699999999985,840
2026-08-17T15:45:00+00:00,581.0699999999985,581.2599999999984,579.6599999999984,580.5899999999984,736
2026-08-17T16:00:00+00:00,580.5899999999984,580.5899999999984,577.8499999999984,578.4299999999984,1074
2026-08-17T16:15:00+00:00,578.4299999999984,578.6599999999984,575.8899999999984,576.3699999999984,1309
2026-08-17T16:30:00+00:00,576.3699999999984,576.5299999999984,573.5099999999984,573.9499999999985,1267
2026-08-17T16:45:00+00:00,573.9499999999985,575.7699999999984,573.4499999999985,575.7099999999984,1162
2026-08-17T17:00:00+00:00,575.7099999999984,575.7099999999984,573.1899999999985,574.1499999999984,1104
2026-08-17T17:15:00+00:00,574.1499999999984,574.3999999999984,573.0099999999984,573.2699999999984,944
2026-08-17T17:30:00+00:00,573.2699999999984,573.6699999999984,571.8999999999984,572.6599999999984,1154
2026-08-17T17:45:00+00:00,572.6599999999984,572.6599999999984,571.5799999999984,572.3599999999984,1183
2026-08-17T18:00:00+00:00,572.3599999999984,573.5999999999984,572.3499999999984,573.0699999999985,875
2026-08-17T18:15:00+00:00,573.0699999999985,574.5899999999984,572.8499999999984,573.9999999999984,1043
2026-08-17T18:30:00+00:00,573.9999999999984,574.6199999999984,573.6499999999984,574.2699999999984,645
2026-08-17T18:45:00+00:00,574.2699999999984,574.6099999999984,573.7499999999984,573.9699999999984,603
2026-08-17T19:00:00+00:00,573.9699999999984,576.2199999999984,573.6499999999984,575.9799999999984,779
2026-08-17T19:15:00+00:00,575.9799999999984,576.7999999999984,575.8599999999984,576.1499999999984,949
2026-08-17T19:30:00+00:00,576.1499999999984,576.3999999999984,574.5199999999984,574.9099999999984,1135
2026-08-17T19:45:00+00:00,574.9099999999984,576.1599999999984,574.5999999999984,575.9599999999984,2313
2026-08-18T13:30:00+00:00,575.9599999999984,575.9599999999984,553.9399999999985,555.3999999999984,2908
2026-08-18T13:45:00+00:00,555.3999999999984,556.5899999999984,553.4599999999984,554.5899999999984,1935
2026-08-18T14:00:00+00:00,554.5899999999984,555.3099999999985,553.6499999999984,554.4199999999984,1749
2026-08-18T14:15:00+00:00,554.4199999999984,556.4499999999985,553.5399999999984,554.6699999999984,1692
2026-08-18T14:30:00+00:00,554.6699999999984,556.1499999999984,552.2999999999984,553.7599999999984,1466
2026-08-18T14:45:00+00:00,553.7599999999984,556.8499999999984,553.7499999999984,556.3499999999984,1201
2026-08-18T15:00:00+00:00,556.3499999999984,560.2299999999984,556.3499999999984,559.2099999999984,1436
2026-08-18T15:15:00+00:00,559.2099999999984,560.0499999999984,558.4399999999985,558.9899999999984,1079
2026-08-18T15:30:00+00:00,558.9899999999984,561.7099999999984,558.1099999999984,560.1799999999984,1066
2026-08-18T15:45:00+00:00,560.1799999999984,562.4199999999984,559.6399999999984,561.2999999999984,1196
2026-08-18T16:00:00+00:00,561.2999999999984,562.0899999999984,560.6099999999984,560.6299999999984,1024
2026-08-18T16:15:00+00:00,560.6299999999984,560.8299999999984,558.5299999999984,558.5299999999984,1029
2026-08-18T16:30:00+00:00,558.5299999999984,558.7599999999984,557.0699999999985,557.5699999999985,973
2026-08-18T16:45:00+00:00,557.5699999999985,558.5599999999985,556.9999999999984,557.2199999999984,1107
2026-08-18T17:00:00+00:00,557.2199999999984,558.1199999999984,557.0499999999984,557.5599999999985,1015
2026-08-18T17:15:00+00:00,557.5599999999985,557.7699999999984,555.1499999999984,555.7199999999984,1143
2026-08-18T17:30:00+00:00,555.7199999999984,555.9599999999984,553.1999999999985,553.3699999999984,1060
2026-08-18T17:45:00+00:00,553.3699999999984,555.1099999999984,553.3699999999984,554.0599999999985,972
2026-08-18T18:00:00+00:00,554.0599999999985,556.1599999999984,553.6299999999984,555.7399999999984,928
2026-08-18T18:15:00+00:00,555.7399999999984,556.1199999999984,553.9599999999984,554.0399999999984,916
2026-08-18T18:30:00+00:00,554.0399999999984,554.2099999999984,552.9499999999985,553.0699999999985,866
2026-08-18T18:45:00+00:00,553.0699999999985,553.1299999999984,551.8999999999984,552.0399999999984,986
2026-08-18T19:00:00+00:00,552.0399999999984,552.3699999999984,550.7499999999984,551.7399999999984,1106
2026-08-18T19:15:00+00:00,551.7399999999984,552.2699999999984,551.0999999999984,551.9299999999984,968
2026-08-18T19:30:00+00:00,551.9299999999984,553.0699999999985,551.1499999999984,552.2299999999984,1119
2026-08-18T19:45:00+00:00,552.2299999999984,552.4499999999985,550.0499999999984,550.6399999999984,2165
2026-08-19T13:30:00+00:00,550.6399999999984,550.6399999999984,544.1299999999984,548.5499999999984,2812
2026-08-19T13:45:00+00:00,548.5499999999984,553.0799999999984,548.0999999999984,551.5499999999984,2153
2026-08-19T14:00:00+00:00,551.5499999999984,553.4699999999984,551.0599999999985,552.4199999999984,1573
2026-08-19T14:15:00+00:00,552.4199999999984,554.8199999999985,552.4199999999984,553.9999999999984,1548
2026-08-19T14:30:00+00:00,553.9999999999984,554.8599999999984,553.5499999999984,553.8599999999984,1092
2026-08-19T14:45:00+00:00,553.8599999999984,556.6999999999985,553.5499999999984,555.8299999999984,1123.5105206573492
2026-08-19T15:00:00+00:00,555.8299999999984,556.6999999999985,553.8199999999985,553.8399999999984,1036
2026-08-19T15:15:00+00:00,553.8399999999984,557.4899999999984,553.8199999999985,556.9799999999984,966
2026-08-19T15:30:00+00:00,556.9799999999984,559.1799999999985,556.9499999999985,558.6299999999984,896
2026-08-19T15:45:00+00:00,558.6299999999984,560.2899999999985,558.5499999999985,558.8999999999985,789
2026-08-19T16:00:00+00:00,558.8999999999985,560.9199999999985,558.8999999999985,560.1099999999984,780
2026-08-19T16:15:00+00:00,560.1099999999984,560.6999999999985,558.5499999999985,559.1899999999985,755
2026-08-19T16:30:00+00:00,559.1899999999985,559.2199999999984,557.9799999999984,558.3799999999984,678
2026-08-19T16:45:00+00:00,558.3799999999984,559.9799999999984,558.2499999999984,559.8099999999985,591
2026-08-19T17:00:00+00:00,559.8099999999985,560.4699999999984,559.2999999999985,559.7399999999984,636
2026-08-19T17:15:00+00:00,559.7399999999984,560.1799999999985,558.5399999999985,560.1099999999984,733
2026-08-19T17:30:00+00:00,560.1099999999984,560.3099999999985,558.5399999999985,559.4299999999985,540
2026-08-19T17:45:00+00:00,559.4299999999985,559.6699999999985,558.6799999999985,558.9599999999984,474
2026-08-19T18:00:00+00:00,558.9599999999984,559.7899999999985,557.8199999999985,558.6099999999984,702
2026-08-19T18:15:00+00:00,558.6099999999984,558.6399999999984,556.4399999999985,556.9599999999984,828
2026-08-19T18:30:00+00:00,556.9599999999984,557.6899999999985,556.4899999999984,557.0499999999985,718
2026-08-19T18:45:00+00:00,557.0499999999985,558.4699999999984,556.9399999999985,558.1599999999985,672
2026-08-19T19:00:00+00:00,558.1599999999985,558.7499999999984,557.2699999999984,557.4399999999985,669
2026-08-19T19:15:00+00:00,557.4399999999985,557.6199999999984,555.0899999999984,555.3699999999984,764
2026-08-19T19:30:00+00:00,555.3699999999984,555.4799999999984,553.2399999999984,553.9999999999984,931
2026-08-19T19:45:00+00:00,553.9999999999984,554.2399999999984,551.9799999999984,553.3699999999984,1867
2026-08-20T13:30:00+00:00,553.3699999999984,555.7099999999984,550.5399999999985,554.2899999999985,2429
2026-08-20T13:45:00+00:00,554.2899999999985,556.5699999999985,553.2999999999985,554.3499999999984,1423
2026-08-20T14:00:00+00:00,554.3499999999984,554.3499999999984,551.0899999999984,551.2499999999984,1494
2026-08-20T14:15:00+00:00,551.2499999999984,551.8999999999985,550.0399999999985,551.2499999999984,1309
2026-08-20T14:30:00+00:00,551.2499999999984,553.9799999999984,550.9499999999985,553.0799999999984,1084
2026-08-20T14:45:00+00:00,553.0799999999984,553.7499999999984,551.6899999999985,551.7899999999985,920
2026-08-20T15:00:00+00:00,551.7899999999985,552.1899999999985,549.1599999999985,550.3399999999984,1185
2026-08-20T15:15:00+00:00,550.3399999999984,550.9699999999984,548.8199999999985,550.7499999999984,1564
2026-08-20T15:30:00+00:00,550.7499999999984,550.7499999999984,549.1599999999985,550.2599999999984,958
2026-08-20T15:45:00+00:00,550.2599999999984,550.8799999999984,549.4899999999984,549.5399999999985,999
2026-08-20T16:00:00+00:00,549.5399999999985,550.1799999999985,548.5999999999984,549.2099999999984,876
2026-08-20T16:15:00+00:00,549.2099999999984,550.3199999999985,548.5199999999984,550.0299999999985,609
2026-08-20T16:30:00+00:00,550.0299999999985,552.6599999999985,549.9399999999985,552.2999999999985,665
2026-08-20T16:45:00+00:00,552.2999999999985,552.5299999999985,550.0299999999985,550.1999999999985,653
2026-08-20T17:00:00+00:00,550.1999999999985,550.5799999999984,549.0699999999985,549.1399999999984,684
2026-08-20T17:15:00+00:00,549.1399999999984,549.4399999999985,548.2399999999984,549.0499999999985,695
2026-08-20T17:30:00+00:00,549.0499999999985,550.1599999999985,548.4399999999985,548.6099999999984,823
2026-08-20T17:45:00+00:00,548.6099999999984,549.4599999999984,547.1699999999985,547.3899999999984,823
2026-08-20T18:00:00+00:00,547.3899999999984,547.6999999999985,546.2799999999985,547.3399999999984,945
2026-08-20T18:15:00+00:00,547.3399999999984,547.8599999999984,546.9399999999985,547.8199999999985,767
2026-08-20T18:30:00+00:00,547.8199999999985,547.9999999999984,547.3399999999984,547.9199999999985,709
2026-08-20T18:45:00+00:00,547.9199999999985,547.9199999999985,547.1599999999985,547.1599999999985,957
2026-08-20T19:00:00+00:00,547.1599999999985,548.8799999999984,547.1399999999984,548.8399999999984,776
2026-08-20T19:15:00+00:00,548.8399999999984,549.7199999999984,548.4499999999985,549.4399999999985,852
2026-08-20T19:30:00+00:00,549.4399999999985,550.5199999999984,549.4299999999985,549.9399999999985,982
2026-08-20T19:45:00+00:00,549.9399999999985,554.5599999999985,549.6799999999985,552.8299999999984,1706
2026-08-21T13:30:00+00:00,552.8299999999984,557.8199999999985,549.9499999999985,555.7799999999985,1961
2026-08-21T13:45:00+00:00,555.7799999999985,559.3999999999985,555.3399999999984,556.6599999999985,1394
2026-08-21T14:00:00+00:00,556.6599999999985,558.5799999999984,555.9399999999985,557.3899999999984,1216
2026-08-21T14:15:00+00:00,557.3899999999984,557.6999999999985,555.9399999999985,556.2599999999984,819
2026-08-21T14:30:00+00:00,556.2599999999984,557.6199999999984,556.1399999999984,557.1799999999985,868
2026-08-21T14:45:00+00:00,557.1799999999985,559.7099999999984,556.4499999999985,559.3299999999984,973
2026-08-21T15:00:00+00:00,559.3299999999984,560.7299999999984,556.9399999999985,557.0699999999985,962
2026-08-21T15:15:00+00:00,557.0699999999985,557.6699999999985,555.7499999999984,556.4499999999985,916
2026-08-21T15:30:00+00:00,556.4499999999985,556.8599999999984,555.5999999999984,555.5999999999984,720
2026-08-21T15:45:00+00:00,555.5999999999984,557.5899999999984,554.7999999999985,556.7099999999984,648
2026-08-21T16:00:00+00:00,556.7099999999984,557.1199999999984,555.8199999999985,557.1199999999984,562
2026-08-21T16:15:00+00:00,557.1199999999984,557.9199999999985,556.5499999999985,557.4599999999984,708
2026-08-21T16:30:00+00:00,557.4599999999984,559.9699999999984,557.0899999999984,559.8799999999984,672
2026-08-21T16:45:00+00:00,559.8799999999984,559.8899999999984,558.0599999999985,558.9499999999985,770
2026-08-21T17:00:00+00:00,558.9499999999985,560.1499999999985,558.9399999999985,559.9999999999984,715
2026-08-21T17:15:00+00:00,559.9999999999984,560.3699999999984,558.9699999999984,558.9699999999984,624
2026-08-21T17:30:00+00:00,558.9699999999984,559.0999999999984,556.5699999999985,557.0999999999984,866
2026-08-21T17:45:00+00:00,557.0999999999984,557.3499999999984,556.2499999999984,556.5499999999985,634
2026-08-21T18:00:00+00:00,556.5499999999985,556.7899999999985,555.8599999999984,556.6399999999984,703
2026-08-21T18:15:00+00:00,556.6399999999984,556.6399999999984,555.9399999999985,555.9599999999984,633
2026-08-21T18:30:00+00:00,555.9599999999984,556.8499999999984,555.8299999999984,556.6999999999985,636
2026-08-21T18:45:00+00:00,556.6999999999985,558.4499999999985,556.5799999999984,558.0599999999985,618
2026-08-21T19:00:00+00:00,558.0599999999985,558.2299999999984,556.2499999999984,556.2499999999984,683
2026-08-21T19:15:00+00:00,556.2499999999984,558.0099999999984,556.1599999999985,557.4899999999984,682
2026-08-21T19:30:00+00:00,557.4899999999984,557.8199999999985,556.4399999999985,557.4899999999984,739
2026-08-21T19:45:00+00:00,557.4899999999984,557.9499999999985,555.9499999999985,556.8099999999985,1324
2026-08-24T13:30:00+00:00,556.8099999999985,560.2199999999984,554.3799999999984,554.3799999999984,2461
2026-08-24T13:45:00+00:00,554.3799999999984,558.8899999999984,553.2599999999984,558.4799999999984,1542
2026-08-24T14:00:00+00:00,558.4799999999984,560.9699999999984,556.9399999999985,560.1099999999984,1327
2026-08-24T14:15:00+00:00,560.1099999999984,560.2599999999984,557.9399999999985,558.6699999999985,1011
2026-08-24T14:30:00+00:00,558.6699999999985,559.1999999999985,556.4499999999985,559.1899999999985,1030
2026-08-24T14:45:00+00:00,559.1899999999985,560.8499999999984,558.8899999999984,559.9599999999984,908
2026-08-24T15:00:00+00:00,559.9599999999984,561.4299999999985,558.9599999999984,560.0099999999984,823
2026-08-24T15:15:00+00:00,560.0099999999984,563.4199999999985,559.7099999999984,562.9999999999984,885
2026-08-24T15:30:00+00:00,562.9999999999984,564.2399999999984,561.8099999999985,563.0299999999985,982
2026-08-24T15:45:00+00:00,563.0299999999985,563.0299999999985,561.6399999999984,562.2299999999984,694
2026-08-24T16:00:00+00:00,562.2299999999984,563.4799999999984,562.1899999999985,562.4199999999985,718
2026-08-24T16:15:00+00:00,562.4199999999985,562.6799999999985,561.7899999999985,562.1699999999985,570
2026-08-24T16:30:00+00:00,562.1699999999985,562.5399999999985,561.6399999999984,562.2899999999985,658
2026-08-24T16:45:00+00:00,562.2899999999985,564.9599999999984,562.2799999999985,564.6499999999985,971
2026-08-24T17:00:00+00:00,564.6499999999985,565.7799999999985,563.7499999999984,565.6299999999984,992
2026-08-24T17:15:00+00:00,565.6299999999984,565.8799999999984,563.9399999999985,564.5899999999984,1048
2026-08-24T17:30:00+00:00,564.5899999999984,565.6199999999984,564.0099999999984,564.5299999999985,699
2026-08-24T17:45:00+00:00,564.5299999999985,564.7599999999984,562.9399999999985,562.9899999999984,637
2026-08-24T18:00:00+00:00,562.9899999999984,566.1699999999985,562.9399999999985,565.9599999999984,638
2026-08-24T18:15:00+00:00,565.9599999999984,567.7399999999984,565.2199999999984,567.0599999999985,981
2026-08-24T18:30:00+00:00,567.0599999999985,567.7599999999984,566.7699999999984,567.4999999999984,850
2026-08-24T18:45:00+00:00,567.4999999999984,567.6799999999985,566.9499999999985,567.0299999999985,733
2026-08-24T19:00:00+00:00,567.0299999999985,567.2999999999985,566.0299999999985,567.2299999999984,746
2026-08-24T19:15:00+00:00,567.2299999999984,567.3599999999984,565.5299999999985,566.5499999999985,776
2026-08-24T19:30:00+00:00,566.5499999999985,567.0099999999984,565.9399999999985,566.5499999999985,769
2026-08-24T19:45:00+00:00,566.5499999999985,568.3099999999985,565.6499999999985,566.3599999999984,1597
2026-08-25T13:30:00+00:00,566.3599999999984,575.2999999999985,566.3599999999984,574.0199999999984,2417
2026-08-25T13:45:00+00:00,574.0199999999984,574.8099999999985,571.2799999999985,571.9599999999984,1419
2026-08-25T14:00:00+00:00,571.9599999999984,572.2399999999984,569.2499999999984,570.5599999999985,1124
2026-08-25T14:15:00+00:00,570.5599999999985,571.3499999999984,569.0899999999984,569.8899999999984,901
2026-08-25T14:30:00+00:00,569.8899999999984,572.3299999999984,568.6399999999984,571.6899999999985,1116
2026-08-25T14:45:00+00:00,571.6899999999985,572.6899999999985,570.8199999999985,570.9599999999984,830
2026-08-25T15:00:00+00:00,570.9599999999984,571.0699999999985,568.3399999999984,569.4199999999985,844
2026-08-25T15:15:00+00:00,569.4199999999985,570.5199999999984,569.1799999999985,570.1099999999984,713
2026-08-25T15:30:00+00:00,570.1099999999984,573.0899999999984,570.0399999999985,572.6999999999985,1012
2026-08-25T15:45:00+00:00,572.6999999999985,573.0899999999984,571.7999999999985,572.2899999999985,704
2026-08-25T16:00:00+00:00,572.2899999999985,572.5699999999985,571.4799999999984,571.9599999999984,636
2026-08-25T16:15:00+00:00,571.9599999999984,573.0299999999985,571.5699999999985,572.6099999999984,580
2026-08-25T16:30:00+00:00,572.6099999999984,573.7999999999985,571.0399999999985,572.2499999999984,685
2026-08-25T16:45:00+00:00,572.2499999999984,574.3399999999984,572.2399999999984,574.1199999999984,626
2026-08-25T17:00:00+00:00,574.1199999999984,574.3699999999984,572.5999999999984,573.0099999999984,571
2026-08-25T17:15:00+00:00,573.0099999999984,573.3499999999984,571.9599999999984,572.2299999999984,464
2026-08-25T17:30:00+00:00,572.2299999999984,572.6899999999985,571.4399999999985,571.5599999999985,594
2026-08-25T17:45:00+00:00,571.5599999999985,572.2799999999985,570.6899999999985,572.0499999999985,452
2026-08-25T18:00:00+00:00,572.0499999999985,572.7999999999985,571.7099999999984,571.7899999999985,368
2026-08-25T18:15:00+00:00,571.7899999999985,572.0699999999985,571.1899999999985,571.8199999999985,475
2026-08-25T18:30:00+00:00,571.8199999999985,572.3599999999984,571.5499999999985,572.1999999999985,351
2026-08-25T18:45:00+00:00,572.1999999999985,573.3499999999984,572.1599999999985,573.3299999999984,405
2026-08-25T19:00:00+00:00,573.3299999999984,573.7899999999985,572.6299999999984,572.8299999999984,475
2026-08-25T19:15:00+00:00,572.8299999999984,573.3599999999984,572.4699999999984,573.1399999999984,497
2026-08-25T19:30:00+00:00,573.1399999999984,577.5999999999984,573.1399999999984,576.7399999999984,979
2026-08-25T19:45:00+00:00,576.7399999999984,577.5299999999985,575.1899999999985,576.7999999999985,1510
2026-08-26T13:30:00+00:00,576.7999999999985,599.6299999999984,568.6999999999985,570.6699999999985,6669
2026-08-26T13:45:00+00:00,570.6699999999985,579.5799999999984,570.1499999999985,578.9599999999984,3529
2026-08-26T14:00:00+00:00,578.9599999999984,582.6899999999985,573.9399999999985,574.1699999999985,2950
2026-08-26T14:15:00+00:00,574.1699999999985,580.8999999999985,571.2499999999984,580.7099999999984,2208
2026-08-26T14:30:00+00:00,580.7099999999984,583.7299999999984,577.7399999999984,583.5599999999985,2218
2026-08-26T14:45:00+00:00,583.5599999999985,594.3299999999984,583.4299999999985,591.7399999999984,2694
2026-08-26T15:00:00+00:00,591.7399999999984,595.6299999999984,590.3399999999984,592.0099999999984,2664
2026-08-26T15:15:00+00:00,592.0099999999984,592.5999999999984,588.4399999999985,589.4699999999984,1667
2026-08-26T15:30:00+00:00,589.4699999999984,589.7099999999984,585.7399999999984,585.9399999999985,1690
2026-08-26T15:45:00+00:00,585.9399999999985,589.0499999999985,582.0599999999985,582.8899999999984,1548
2026-08-26T16:00:00+00:00,582.8899999999984,585.7499999999985,581.1399999999984,584.3599999999985,1097
2026-08-26T16:15:00+00:00,584.3599999999985,584.5999999999985,582.0999999999985,583.3799999999985,882
2026-08-26T16:30:00+00:00,583.3799999999985,584.5199999999985,582.0799999999986,582.5399999999985,867
2026-08-26T16:45:00+00:00,582.5399999999985,583.2999999999985,581.5399999999985,582.3399999999986,819
2026-08-26T17:00:00+00:00,582.3399999999986,583.4199999999985,581.3699999999985,582.8099999999985,792
2026-08-26T17:15:00+00:00,582.8099999999985,585.7599999999985,582.7599999999985,584.8399999999986,914
2026-08-26T17:30:00+00:00,584.8399999999986,585.4499999999986,583.7399999999985,585.0399999999985,768
2026-08-26T17:45:00+00:00,585.0399999999985,585.5899999999986,584.1599999999985,584.7599999999985,661
2026-08-26T18:00:00+00:00,584.7599999999985,585.7399999999985,583.0999999999985,583.4599999999986,695
2026-08-26T18:15:00+00:00,583.4599999999986,585.4699999999985,583.2899999999985,584.2999999999985,789
2026-08-26T18:30:00+00:00,584.2999999999985,586.3199999999985,584.2799999999985,586.1099999999985,695
2026-08-26T18:45:00+00:00,586.1099999999985,587.5799999999986,584.7799999999985,584.9099999999985,1151
2026-08-26T19:00:00+00:00,584.9099999999985,586.9199999999985,583.8899999999985,583.9599999999984,888
2026-08-26T19:15:00+00:00,583.9599999999984,584.1599999999985,582.9299999999985,583.0599999999985,872
2026-08-26T19:30:00+00:00,583.0599999999985,583.8799999999985,581.9299999999985,582.6899999999985,1086
2026-08-26T19:45:00+00:00,582.6899999999985,584.7099999999984,581.4199999999985,582.1999999999985,1795
2026-08-27T13:30:00+00:00,582.1999999999985,583.1899999999985,573.5599999999985,583.1399999999985,3106
2026-08-27T13:45:00+00:00,583.1399999999985,588.9499999999985,582.7999999999985,588.3299999999984,2957
2026-08-27T14:00:00+00:00,588.3299999999984,594.1599999999985,586.6399999999985,589.1799999999985,2709
2026-08-27T14:15:00+00:00,589.1799999999985,590.5799999999984,584.2899999999985,584.3699999999985,2040
2026-08-27T14:30:00+00:00,584.3699999999985,584.6099999999985,577.2699999999985,578.2699999999985,1857
2026-08-27T14:45:00+00:00,578.2699999999985,580.5099999999985,576.5599999999985,579.6099999999985,1409
2026-08-27T15:00:00+00:00,579.6099999999985,579.6499999999985,577.0899999999984,578.1099999999984,1188
2026-08-27T15:15:00+00:00,578.1099999999984,579.2099999999984,576.7399999999984,577.4799999999984,986
2026-08-27T15:30:00+00:00,577.4799999999984,578.4999999999984,576.5099999999984,577.4099999999985,803
2026-08-27T15:45:00+00:00,577.4099999999985,579.6599999999985,577.3099999999985,579.1899999999985,694
2026-08-27T16:00:00+00:00,579.1899999999985,579.8299999999984,578.7199999999984,579.6499999999985,520
2026-08-27T16:15:00+00:00,579.6499999999985,580.2299999999984,578.7699999999985,578.8799999999984,538
2026-08-27T16:30:00+00:00,578.8799999999984,578.8999999999985,575.7399999999984,576.8899999999985,811
2026-08-27T16:45:00+00:00,576.8899999999985,577.6999999999985,576.5699999999985,576.9099999999985,622
2026-08-27T17:00:00+00:00,576.9099999999985,577.8799999999984,576.3499999999984,577.4399999999985,706
2026-08-27T17:15:00+00:00,577.4399999999985,577.7699999999985,576.6999999999985,577.1199999999984,526
2026-08-27T17:30:00+00:00,577.1199999999984,577.7799999999985,576.6099999999984,577.3599999999984,553
2026-08-27T17:45:00+00:00,577.3599999999984,577.7899999999985,575.5499999999985,576.0999999999984,763
2026-08-27T18:00:00+00:00,576.0999999999984,576.4499999999985,574.8099999999985,574.9899999999984,675
2026-08-27T18:15:00+00:00,574.9899999999984,575.8499999999984,574.0599999999985,575.0899999999984,665
2026-08-27T18:30:00+00:00,575.0899999999984,575.8799999999984,574.6399999999985,575.7199999999984,600
2026-08-27T18:45:00+00:00,575.7199999999984,575.7199999999984,574.8499999999984,575.3699999999984,633
2026-08-27T19:00:00+00:00,575.3699999999984,576.7899999999985,575.1199999999984,576.5199999999985,618
2026-08-27T19:15:00+00:00,576.5199999999985,576.6699999999985,574.6699999999985,575.3799999999984,812
2026-08-27T19:30:00+00:00,575.3799999999984,575.8799999999984,574.7599999999985,575.2699999999985,925
2026-08-27T19:45:00+00:00,575.2699999999985,577.8199999999985,574.7599999999985,577.1799999999985,1689
2026-08-28T13:30:00+00:00,577.1799999999985,590.0899999999984,576.5599999999985,589.6799999999985,2485
2026-08-28T13:45:00+00:00,589.6799999999985,589.6799999999985,584.2799999999985,586.4199999999985,1877
2026-08-28T14:00:00+00:00,586.4199999999985,589.3099999999985,584.9499999999985,585.3299999999984,1888
2026-08-28T14:15:00+00:00,585.3299999999984,586.8599999999984,582.1299999999984,583.0599999999985,1580
2026-08-28T14:30:00+00:00,583.0599999999985,586.6999999999985,580.2599999999985,586.6599999999985,1651
2026-08-28T14:45:00+00:00,586.6599999999985,595.0999999999984,586.2999999999985,590.6599999999985,1960
2026-08-28T15:00:00+00:00,590.6599999999985,593.5899999999984,589.5999999999984,589.6099999999984,1389
2026-08-28T15:15:00+00:00,589.6099999999984,592.0599999999985,589.2599999999985,590.5899999999984,1409
2026-08-28T15:30:00+00:00,590.5899999999984,591.0099999999985,586.2499999999984,586.4099999999985,1404
2026-08-28T15:45:00+00:00,586.4099999999985,586.6699999999985,581.0699999999985,581.2999999999985,1315
2026-08-28T16:00:00+00:00,581.2999999999985,582.7899999999985,580.4499999999985,581.9899999999984,1202
2026-08-28T16:15:00+00:00,581.9899999999984,582.4899999999984,579.2999999999985,581.0399999999985,1034
2026-08-28T16:30:00+00:00,581.0399999999985,582.1799999999985,580.5499999999985,581.0699999999985,725
2026-08-28T16:45:00+00:00,581.0699999999985,582.4199999999985,580.7999999999985,581.1299999999984,689
2026-08-28T17:00:00+00:00,581.1299999999984,581.6099999999984,580.0799999999984,581.3899999999985,662
2026-08-28T17:15:00+00:00,581.3899999999985,582.8099999999985,580.6799999999985,581.6899999999985,769
2026-08-28T17:30:00+00:00,581.6899999999985,582.7599999999985,581.2499999999984,581.8699999999984,621
2026-08-28T17:45:00+00:00,581.8699999999984,582.0199999999985,581.0499999999985,581.7099999999984,545
2026-08-28T18:00:00+00:00,581.7099999999984,583.1499999999985,581.7099999999984,581.9199999999985,727
2026-08-28T18:15:00+00:00,581.9199999999985,582.0899999999984,580.0699999999985,580.5299999999985,698
2026-08-28T18:30:00+00:00,580.5299999999985,583.1899999999985,580.2799999999985,583.1199999999984,736
2026-08-28T18:45:00+00:00,583.1199999999984,583.4099999999985,579.8499999999984,579.8499999999984,721
2026-08-28T19:00:00+00:00,579.8499999999984,583.6599999999985,579.8499999999984,582.7999999999985,832
2026-08-28T19:15:00+00:00,582.7999999999985,583.4299999999985,581.8099999999985,583.2499999999984,639
2026-08-28T19:30:00+00:00,583.2499999999984,583.3699999999984,581.8799999999984,582.1299999999984,614
2026-08-28T19:45:00+00:00,582.1299999999984,584.8199999999985,581.3299999999984,584.3199999999985,1769
2026-08-31T13:30:00+00:00,584.3199999999985,584.3199999999985,577.0499999999985,577.6599999999985,2099
2026-08-31T13:45:00+00:00,577.6599999999985,580.6499999999985,577.3899999999985,578.3199999999985,1313
2026-08-31T14:00:00+00:00,578.3199999999985,578.3199999999985,575.0499999999985,576.8999999999985,1292
2026-08-31T14:15:00+00:00,576.8999999999985,578.2799999999985,575.7399999999984,576.0699999999985,1054
2026-08-31T14:30:00+00:00,576.0699999999985,577.7099999999984,575.7499999999984,576.8799999999984,851
2026-08-31T14:45:00+00:00,576.8799999999984,577.7899999999985,575.3499999999984,577.1999999999985,850
2026-08-31T15:00:00+00:00,577.1999999999985,579.1299999999984,576.8499999999984,578.3399999999984,747
2026-08-31T15:15:00+00:00,578.3399999999984,578.7999999999985,577.5499999999985,577.5699999999985,633
2026-08-31T15:30:00+00:00,577.5699999999985,578.0199999999985,576.5599999999985,577.8299999999984,596
2026-08-31T15:45:00+00:00,577.8299999999984,578.2399999999984,577.0599999999985,577.0799999999984,505
2026-08-31T16:00:00+00:00,577.0799999999984,577.4999999999984,576.3499999999984,577.2299999999984,548
2026-08-31T16:15:00+00:00,577.2299999999984,577.5799999999984,576.6999999999985,576.7599999999985,526
2026-08-31T16:30:00+00:00,576.7599999999985,577.7199999999984,576.5599999999985,577.0799999999984,454
2026-08-31T16:45:00+00:00,577.0799999999984,577.4699999999984,576.8299999999984,577.3899999999985,464
2026-08-31T17:00:00+00:00,577.3899999999985,577.9999999999984,576.3399999999984,577.3699999999984,536
2026-08-31T17:15:00+00:00,577.3699999999984,577.8099999999985,576.8299999999984,576.9099999999985,679
2026-08-31T17:30:00+00:00,576.9099999999985,578.0399999999985,576.8399999999984,577.8099999999985,576
2026-08-31T17:45:00+00:00,577.8099999999985,578.2999999999985,577.4399999999985,577.6799999999985,406
2026-08-31T18:00:00+00:00,577.6799999999985,577.9499999999985,577.0499999999985,577.6399999999985,547
2026-08-31T18:15:00+00:00,577.6399999999985,580.0799999999984,577.1799999999985,577.6699999999985,781
2026-08-31T18:30:00+00:00,577.6699999999985,577.8999999999985,577.0699999999985,577.3499999999984,475
2026-08-31T18:45:00+00:00,577.3499999999984,577.8499999999984,576.6499999999985,577.3599999999984,528
2026-08-31T19:00:00+00:00,577.3599999999984,582.1499999999985,577.3599999999984,580.1399999999985,1317
2026-08-31T19:15:00+00:00,580.1399999999985,580.6499999999985,578.1599999999985,578.8199999999985,614
2026-08-31T19:30:00+00:00,578.8199999999985,579.3799999999984,578.0499999999985,579.1199999999984,721
2026-08-31T19:45:00+00:00,579.1199999999984,581.0999999999984,577.2599999999985,578.2399999999984,1722
2026-09-01T13:30:00+00:00,578.2399999999984,578.2399999999984,562.1499999999985,571.6899999999985,2645
2026-09-01T13:45:00+00:00,571.6899999999985,574.2299999999984,571.0499999999985,572.5699999999985,1396
2026-09-01T14:00:00+00:00,572.5699999999985,574.1499999999985,571.5499999999985,573.3899999999985,1096
2026-09-01T14:15:00+00:00,573.3899999999985,576.1799999999985,573.1099999999984,575.5699999999985,1071
2026-09-01T14:30:00+00:00,575.5699999999985,581.5899999999984,575.5499999999985,580.9099999999985,1199
2026-09-01T14:45:00+00:00,580.9099999999985,585.4599999999984,580.3999999999985,583.9699999999984,1426
2026-09-01T15:00:00+00:00,583.9699999999984,586.6699999999985,581.8399999999984,585.9299999999985,1606
2026-09-01T15:15:00+00:00,585.9299999999985,587.1399999999985,583.8499999999984,584.4699999999984,1049
2026-09-01T15:30:00+00:00,584.4699999999984,587.6699999999985,584.3299999999984,585.1599999999985,1006
2026-09-01T15:45:00+00:00,585.1599999999985,588.8599999999984,585.1499999999985,588.7099999999984,1247
2026-09-01T16:00:00+00:00,588.7099999999984,589.3999999999985,584.4499999999985,584.4499999999985,865
2026-09-01T16:15:00+00:00,584.4499999999985,587.4499999999985,584.0499999999985,586.0499999999985,907
2026-09-01T16:30:00+00:00,586.0499999999985,587.1999999999985,584.7799999999985,584.9599999999984,702
2026-09-01T16:45:00+00:00,584.9599999999984,587.2699999999985,584.4199999999985,586.5299999999985,564
2026-09-01T17:00:00+00:00,586.5299999999985,587.3199999999985,585.8499999999984,586.9299999999985,622
2026-09-01T17:15:00+00:00,586.9299999999985,588.2199999999984,585.5499999999985,586.0699999999985,810
2026-09-01T17:30:00+00:00,586.0699999999985,588.1599999999985,585.9999999999984,587.8599999999984,563
2026-09-01T17:45:00+00:00,587.8599999999984,590.2499999999984,586.4599999999984,590.2399999999984,724
2026-09-01T18:00:00+00:00,590.2399999999984,590.6699999999985,587.5899999999984,588.3499999999984,808
2026-09-01T18:15:00+00:00,588.3499999999984,589.1499999999985,586.5699999999985,587.2299999999984,668
2026-09-01T18:30:00+00:00,587.2299999999984,587.5699999999985,583.0899999999984,583.0899999999984,750
2026-09-01T18:45:00+00:00,583.0899999999984,584.0699999999985,582.1699999999985,583.3999999999985,786
2026-09-01T19:00:00+00:00,583.3999999999985,583.8699999999984,582.1799999999985,583.4999999999984,679
2026-09-01T19:15:00+00:00,583.4999999999984,586.8399999999984,583.2199999999984,586.7499999999984,711
2026-09-01T19:30:00+00:00,586.7499999999984,586.8999999999985,584.0699999999985,585.0999999999984,892
2026-09-01T19:45:00+00:00,585.0999999999984,586.3399999999984,583.0599999999985,584.4299999999985,1652
